"Industry","Type","OwnerId","AccountSource","Id","Name"
"Media","Prospect","005B0000005odYPIAY",,"001B0000011lJtaIAE","Global Media"
"Manufacturing","Prospect","005B0000005odYPIAY",,"001B0000011lJtbIAE","Acme"
"Chemicals","Partner","005B0000005odYPIAY",,"001B0000015QEMrIAO","Gas station"
"Agriculture","Analyst","005B0000005odYPIAY","Advertisement","001B0000018rzlGIAQ","Simplex Ceilings"
"Apparel","Competitor","005B0000005odYPIAY","Employee Referral","001B0000018rzlHIAQ","Tugman Steel Inc"
"Banking","Customer","005B0000005odYPIAY","External Referral","001B0000018rzlIIAQ","Bolanos & Company Inc"
"Biotechnology","Integrator","005B0000005odYPIAY","Partner","001B0000018rzlJIAQ","Acker Associates"
"Chemicals","Investor","005B0000005odYPIAY","Public Relations","001B0000018rzlKIAQ","Patula & Assoc"
"Communications","Partner","005B0000005odYPIAY","Seminar - Internal","001B0000018rzlLIAQ","Gooding Title Co"
"Construction","Press","005B0000005odYPIAY","Seminar - Partner","001B0000018rzlMIAQ","Tomich- Lillian Esq"
"Consulting","Prospect","005B0000005odYPIAY","Trade Show","001B0000018rzlNIAQ","Filices Western Store"
"Education","Reseller","005B0000005odYPIAY","Web","001B0000018rzlOIAQ","Derby Cone Co"
"Electronics","Other","005B0000005odYPIAY","Word of mouth","001B0000018rzlPIAQ","Finest Kind Inc"
"Energy","Analyst","005B0000005odYPIAY","Other","001B0000018rzlQIAQ","Chandler & Sharp Publ Inc"
"Engineering","Competitor","005B0000005odYPIAY","Advertisement","001B0000018rzlRIAQ","Stavysons Distributors Inc"
"Entertainment","Customer","005B0000005odYPIAY","Employee Referral","001B0000018rzlSIAQ","Glenns Ferry Chamber Commrce"
"Environmental","Integrator","005B0000005odYPIAY","External Referral","001B0000018rzlTIAQ","Falmouth Printing"
"Finance","Investor","005B0000005odYPIAY","Partner","001B0000018rzlUIAQ","Needham- W Timothy Esq"
"Food & Beverage","Partner","005B0000005odYPIAY","Public Relations","001B0000018rzlVIAQ","Super 8 Lodge"
"Government","Press","005B0000005odYPIAY","Seminar - Internal","001B0000018rzlWIAQ","Colman- Ryan Md"
"Healthcare","Prospect","005B0000005odYPIAY","Seminar - Partner","001B0000018rzlXIAQ","Merrimac Associates Inc"
"Hospitality","Reseller","005B0000005odYPIAY","Trade Show","001B0000018rzlYIAQ","C Franco Group Inc"
"Insurance","Other","005B0000005odYPIAY","Web","001B0000018rzlZIAQ","Quality Apparel Contr Inc"
"Machinery","Analyst","005B0000005odYPIAY","Word of mouth","001B0000018rzlaIAA","Fort Ringgold Mtr Inn & Rstrnt"
"Manufacturing","Competitor","005B0000005odYPIAY","Other","001B0000018rzlbIAA","Call Of The Wild Photo & Gllry"
"Media","Customer","005B0000005odYPIAY","Advertisement","001B0000018rzlcIAA","Forging Specialties"
"Not For Profit","Integrator","005B0000005odYPIAY","Employee Referral","001B0000018rzldIAA","Georgia Methodist Fed Crdt Un"
"Other","Investor","005B0000005odYPIAY","External Referral","001B0000018rzleIAA","Greene- Ronald B Cpa"
"Recreation","Partner","005B0000005odYPIAY","Partner","001B0000018rzlfIAA","Compressor Service Co"
"Retail","Press","005B0000005odYPIAY","Public Relations","001B0000018rzlgIAA","V R Food Equipt Sales Inc"
"Shipping","Prospect","005B0000005odYPIAY","Seminar - Internal","001B0000018rzlhIAA","A A A Allstar Costume"
"Technology","Reseller","005B0000005odYPIAY","Seminar - Partner","001B0000018rzliIAA","Robertson & Seekings Attorneys"
"Telecommunications","Other","005B0000005odYPIAY","Trade Show","001B0000018rzljIAA","Van Ert Glass Co"
"Transportation","Analyst","005B0000005odYPIAY","Web","001B0000018rzlkIAA","Best Regards"
"Utilities","Competitor","005B0000005odYPIAY","Word of mouth","001B0000018rzllIAA","Advanced Flo Systems Inc"
"Agriculture","Customer","005B0000005odYPIAY","Other","001B0000018rzlmIAA","Goranson- James E Esq"
"Apparel","Integrator","005B0000005odYPIAY","Advertisement","001B0000018rzlnIAA","Amercn Assn For Vocnl"
"Banking","Investor","005B0000005odYPIAY","Employee Referral","001B0000018rzloIAA","General Engines Co Inc"
"Biotechnology","Partner","005B0000005odYPIAY","External Referral","001B0000018rzlpIAA","Drake Chiropractic Clinic"
"Chemicals","Press","005B0000005odYPIAY","Partner","001B0000018rzlqIAA","Silver Metal Products Inc"
"Communications","Prospect","005B0000005odYPIAY","Public Relations","001B0000018rzlrIAA","Amercn Cncl For Constrctn Educ"
"Construction","Reseller","005B0000005odYPIAY","Seminar - Internal","001B0000018rzlsIAA","Kack Klick Distribution Inc"
"Consulting","Other","005B0000005odYPIAY","Seminar - Partner","001B0000018rzltIAA","Tostanoski- William S Esq"
"Education","Analyst","005B0000005odYPIAY","Trade Show","001B0000018rzluIAA","Baggarly- Rick Cpa"
"Electronics","Competitor","005B0000005odYPIAY","Web","001B0000018rzlvIAA","Young Electric & Manufacturing"
"Energy","Customer","005B0000005odYPIAY","Word of mouth","001B0000018rzlwIAA","News Advocate"
"Engineering","Integrator","005B0000005odYPIAY","Other","001B0000018rzlxIAA","Holiday Inn Boeing Field"
"Entertainment","Investor","005B0000005odYPIAY","Advertisement","001B0000018rzlyIAA","Arrowhead Conditioning Co"
"Environmental","Partner","005B0000005odYPIAY","Employee Referral","001B0000018rzlzIAA","Student Assistance Commission"
"Finance","Press","005B0000005odYPIAY","External Referral","001B0000018rzm0IAA","Center Plaza Apartments"
"Food & Beverage","Prospect","005B0000005odYPIAY","Partner","001B0000018rzm1IAA","Read Rite"
"Government","Reseller","005B0000005odYPIAY","Public Relations","001B0000018rzm2IAA","Saint Jude Home Health Care"
"Healthcare","Other","005B0000005odYPIAY","Seminar - Internal","001B0000018rzm3IAA","Mid Western Elevator Inc"
"Hospitality","Analyst","005B0000005odYPIAY","Seminar - Partner","001B0000018rzm4IAA","Tomlinson- Thomas W"
"Insurance","Competitor","005B0000005odYPIAY","Trade Show","001B0000018rzm5IAA","Keitges- Cyril A Esq"
"Machinery","Customer","005B0000005odYPIAY","Web","001B0000018rzm6IAA","Curtis- Greg Esq"
"Manufacturing","Integrator","005B0000005odYPIAY","Word of mouth","001B0000018rzm7IAA","Alarm Lock Systems Inc"
"Media","Investor","005B0000005odYPIAY","Other","001B0000018rzm8IAA","Fixtures By Howie"
"Not For Profit","Partner","005B0000005odYPIAY","Advertisement","001B0000018rzm9IAA","Circa 21 Dinner Playhouse"
"Other","Press","005B0000005odYPIAY","Employee Referral","001B0000018rzmAIAQ","Arnel Inc"
"Recreation","Prospect","005B0000005odYPIAY","External Referral","001B0000018rzmBIAQ","Sheraton Crescent"
"Retail","Reseller","005B0000005odYPIAY","Partner","001B0000018rzmCIAQ","Crown Cork And Seal Co Inc"
"Shipping","Other","005B0000005odYPIAY","Public Relations","001B0000018rzmDIAQ","Timothy C Merrell"
"Technology","Analyst","005B0000005odYPIAY","Seminar - Internal","001B0000018rzmEIAQ","Parker Worthington Inc"
"Telecommunications","Competitor","005B0000005odYPIAY","Seminar - Partner","001B0000018rzmFIAQ","Southwest Freeport Trnsprtn"
"Transportation","Customer","005B0000005odYPIAY","Trade Show","001B0000018rzmGIAQ","Iverson Language Assocs Inc"
"Utilities","Integrator","005B0000005odYPIAY","Web","001B0000018rzmHIAQ","Sinai Hospital"
"Agriculture","Investor","005B0000005odYPIAY","Word of mouth","001B0000018rzmIIAQ","Bicentennial Paving"
"Apparel","Partner","005B0000005odYPIAY","Other","001B0000018rzmJIAQ","Kearny Mesa Tool & Supply"
"Banking","Press","005B0000005odYPIAY","Advertisement","001B0000018rzmKIAQ","Greater Cinc Schl Empl Crdt Un"
"Biotechnology","Prospect","005B0000005odYPIAY","Employee Referral","001B0000018rzmLIAQ","Lwf Land Surveying"
"Chemicals","Reseller","005B0000005odYPIAY","External Referral","001B0000018rzmMIAQ","Price Business Services"
"Communications","Other","005B0000005odYPIAY","Partner","001B0000018rzmNIAQ","Maryland International Ctr Inc"
"Construction","Analyst","005B0000005odYPIAY","Public Relations","001B0000018rzmOIAQ","Asbury- Gordon Jr"
"Consulting","Competitor","005B0000005odYPIAY","Seminar - Internal","001B0000018rzmPIAQ","Hbo Video"
"Education","Customer","005B0000005odYPIAY","Seminar - Partner","001B0000018rzmQIAQ","Bowker- Laura L Esq"
"Electronics","Integrator","005B0000005odYPIAY","Trade Show","001B0000018rzmRIAQ","Driben- Charles J"
"Energy","Investor","005B0000005odYPIAY","Web","001B0000018rzmSIAQ","Knitcraft Inc"
"Engineering","Partner","005B0000005odYPIAY","Word of mouth","001B0000018rzmTIAQ","All Star Pet Supply"
"Entertainment","Press","005B0000005odYPIAY","Other","001B0000018rzmUIAQ","Cis Us Inc"
"Environmental","Prospect","005B0000005odYPIAY","Advertisement","001B0000018rzmVIAQ","Anastasi- David C Esq"
"Finance","Reseller","005B0000005odYPIAY","Employee Referral","001B0000018rzmWIAQ","Forms For Business"
"Food & Beverage","Other","005B0000005odYPIAY","External Referral","001B0000018rzmXIAQ","Cavalier Homes Of Alabama Inc"
"Government","Analyst","005B0000005odYPIAY","Partner","001B0000018rzmYIAQ","Whitman Assocs Inc"
"Healthcare","Competitor","005B0000005odYPIAY","Public Relations","001B0000018rzmZIAQ","Falvay- Kirk D Esq"
"Hospitality","Customer","005B0000005odYPIAY","Seminar - Internal","001B0000018rzmaIAA","Raisbeck- Clifford C Md"
"Insurance","Integrator","005B0000005odYPIAY","Seminar - Partner","001B0000018rzmbIAA","Best Western Jamaica Inn"
"Machinery","Investor","005B0000005odYPIAY","Trade Show","001B0000018rzmcIAA","Colonial Chapels"
"Manufacturing","Partner","005B0000005odYPIAY","Web","001B0000018rzmdIAA","Prefab"
"Media","Press","005B0000005odYPIAY","Word of mouth","001B0000018rzmeIAA","Calio Janitorial Service"
"Not For Profit","Prospect","005B0000005odYPIAY","Other","001B0000018rzmfIAA","Grandview Chamber Of Commerce"
"Other","Reseller","005B0000005odYPIAY","Advertisement","001B0000018rzmgIAA","New York Hall Of Science"
"Recreation","Other","005B0000005odYPIAY","Employee Referral","001B0000018rzmhIAA","Cripps- Eldon E Esq"
"Retail","Analyst","005B0000005odYPIAY","External Referral","001B0000018rzmiIAA","Senior Life Enrichment"
"Shipping","Competitor","005B0000005odYPIAY","Partner","001B0000018rzmjIAA","Advantage Martgage Company"
"Technology","Customer","005B0000005odYPIAY","Public Relations","001B0000018rzmkIAA","Guerry- Theodore L Esq"
"Telecommunications","Integrator","005B0000005odYPIAY","Seminar - Internal","001B0000018rzmlIAA","Elm Street Printing Lezy Graph"
"Transportation","Investor","005B0000005odYPIAY","Seminar - Partner","001B0000018rzmmIAA","Coutinho Caro Co Inc"
"Utilities","Partner","005B0000005odYPIAY","Trade Show","001B0000018rzmnIAA","Silver Eagle Inc"
"Agriculture","Press","005B0000005odYPIAY","Web","001B0000018rzmoIAA","Superior Friction Inc"
"Apparel","Prospect","005B0000005odYPIAY","Word of mouth","001B0000018rzmpIAA","Dorothys Military Shop"
"Banking","Reseller","005B0000005odYPIAY","Other","001B0000018rzmqIAA","Dist 1199 C Natl Un Hosp"
"Biotechnology","Other","005B0000005odYPIAY","Advertisement","001B0000018rzmrIAA","Kircher- Thomas J Esq"
"Technology","Customer","005B0000005odYPIAY",,"001B0000011lJtcIAE","salesforce.com"
,,"005B0000006P4lIIAS",,"001B000001AQPctIAH","test"
,,"005B0000006SOxlIAG",,"001B000001AQKwxIAH","Acme America"
,,"005B0000005odYPIAY",,"001B000001KAlHQIA1","rachel"
,,"005B0000005odYPIAY",,"001B000001KAzqOIAT","Adaptive Technologies"
,,"005B0000005odYPIAY",,"001B000001KAzqPIAT","AdaptiveBlue"
,,"005B0000005odYPIAY",,"001B000001KAzqQIAT","AdaptiveMobile"
,,"005B0000005odYPIAY",,"001B000001KAzqRIAT","Adaptivity"
,,"005B0000005odYPIAY",,"001B000001KAzqSIAT","ADAPTIX"
,,"005B0000005odYPIAY",,"001B000001KAzqTIAT","Adaptly"
,,"005B0000005odYPIAY",,"001B000001KAzqUIAT","Adapx"
,,"005B0000005odYPIAY",,"001B000001KAzqVIAT","Adar IT"
,,"005B0000005odYPIAY",,"001B000001KAzqWIAT","Adara Global"
,,"005B0000005odYPIAY",,"001B000001KAzqXIAT","ADARTIS"
,,"005B0000005odYPIAY",,"001B000001KAzqYIAT","Adarza BioSystems"
,,"005B0000005odYPIAY",,"001B000001KAzqZIAT","Adatao"
,,"005B0000005odYPIAY",,"001B000001KAzqaIAD","Adayana"
,,"005B0000005odYPIAY",,"001B000001KAzqbIAD","AdBira Network"
,,"005B0000005odYPIAY",,"001B000001KAzqcIAD","AdBm Technologies"
,,"005B0000005odYPIAY",,"001B000001KAzqdIAD","Adbongo"
,,"005B0000005odYPIAY",,"001B000001KAzqeIAD","Adbrain"
,,"005B0000005odYPIAY",,"001B000001KAzqfIAD","adBrite"
,,"005B0000005odYPIAY",,"001B000001KAzqgIAD","AdBuddy Inc"
,,"005B0000005odYPIAY",,"001B000001KAzqhIAD","ADC Therapeutics"
,,"005B0000005odYPIAY",,"001B000001KAzqiIAD","Adcade"
,,"005B0000005odYPIAY",,"001B000001KAzqjIAD","AdCamp"
,,"005B0000005odYPIAY",,"001B000001KAzqkIAD","AdCare Health Systems"
,,"005B0000005odYPIAY",,"001B000001KAzqlIAD","Adcast"
,,"005B0000005odYPIAY",,"001B000001KAzqmIAD","ADCentricity"
,,"005B0000005odYPIAY",,"001B000001KAzqnIAD","Adchemy"
,,"005B0000005odYPIAY",,"001B000001KAzwdIAD","Aeromics"
,,"005B0000005odYPIAY",,"001B000001KAzweIAD","Aeromot"
,,"005B0000005odYPIAY",,"001B000001KAzwfIAD","AERON Lifestyle Technology"
,,"005B0000005odYPIAY",,"001B000001KAzwgIAD","Aeropost"
,,"005B0000005odYPIAY",,"001B000001KAzwhIAD","Aeropostale"
,,"005B0000005odYPIAY",,"001B000001KAzwiIAD","AeroSat Corporation"
,,"005B0000005odYPIAY",,"001B000001KAzwjIAD","AeroScout"
,,"005B0000005odYPIAY",,"001B000001KAzwkIAD","Aerospike"
,,"005B0000005odYPIAY",,"001B000001KAzwlIAD","AeroSurgical"
,,"005B0000005odYPIAY",,"001B000001KAzwmIAD","Aerovance"
,,"005B0000005odYPIAY",,"001B000001KAzwnIAD","Aerpio Therapeutics"
,,"005B0000005odYPIAY",,"001B000001KAzwoIAD","AerSale Holdings"
,,"005B0000005odYPIAY",,"001B000001KAzwpIAD","Aeryon Labs"
,,"005B0000005odYPIAY",,"001B000001KAzwqIAD","Aesica Pharmaceuticals"
,,"005B0000005odYPIAY",,"001B000001KAzwrIAD","AesRx"
,,"005B0000005odYPIAY",,"001B000001KAzwsIAD","Aetel.inc (Droppy)"
,,"005B0000005odYPIAY",,"001B000001KAzwtIAD","AeternusLED"
,,"005B0000005odYPIAY",,"001B000001KAzwuIAD","AetherPal"
,,"005B0000005odYPIAY",,"001B000001KAzwvIAD","Aethlon Medical"
,,"005B0000005odYPIAY",,"001B000001KAzwwIAD","Aethon"
,,"005B0000005odYPIAY",,"001B000001KAzwxIAD","Aevi Inc."
,,"005B0000005odYPIAY",,"001B000001KAzwyIAD","AF83"
,,"005B0000005odYPIAY",,"001B000001KAzwzIAD","AFAR"
,,"005B0000005odYPIAY",,"001B000001KAzx0IAD","AFCV Holdings"
,,"005B0000005odYPIAY",,"001B000001KAzx1IAD","Affaredelgiorno"
,,"005B0000005odYPIAY",,"001B000001KAzx2IAD","Affashion"
,,"005B0000005odYPIAY",,"001B000001KAzqoIAD","AdChina"
,,"005B0000005odYPIAY",,"001B000001KAzqpIAD","AdChoice"
,,"005B0000005odYPIAY",,"001B000001KAzqqIAD","Adcole Corporation"
,,"005B0000005odYPIAY",,"001B000001KAzqrIAD","Adconion Media Group"
,,"005B0000005odYPIAY",,"001B000001KAzqsIAD","AdCrimson"
,,"005B0000005odYPIAY",,"001B000001KAzqtIAD","Adcrowd retargeting"
,,"005B0000005odYPIAY",,"001B000001KAzquIAD","Add2paper"
,,"005B0000005odYPIAY",,"001B000001KAzqvIAD","Addashop"
,,"005B0000005odYPIAY",,"001B000001KAzqwIAD","Addepar"
,,"005B0000005odYPIAY",,"001B000001KAzqxIAD","AddFleet"
,,"005B0000005odYPIAY",,"001B000001KAzqyIAD","Addiction Campuses of America"
,,"005B0000005odYPIAY",,"001B000001KAzqzIAD","Addictive"
,,"005B0000005odYPIAY",,"001B000001KAzr0IAD","AddIn Social"
,,"005B0000005odYPIAY",,"001B000001KAzr1IAD","Additech"
,,"005B0000005odYPIAY",,"001B000001KAzr2IAD","AddMyBest"
,,"005B0000005odYPIAY",,"001B000001KAzr3IAD","AddonTV"
,,"005B0000005odYPIAY",,"001B000001KAzr4IAD","Addoway"
,,"005B0000005odYPIAY",,"001B000001KAzr5IAD","AddressHealth"
,,"005B0000005odYPIAY",,"001B000001KAzr6IAD","AddressReport"
,,"005B0000005odYPIAY",,"001B000001KAzr7IAD","AddSearch"
,,"005B0000005odYPIAY",,"001B000001KAzr8IAD","AddShoppers"
,,"005B0000005odYPIAY",,"001B000001KAzr9IAD","AddThis"
,,"005B0000005odYPIAY",,"001B000001KAzrAIAT","Adduplex"
,,"005B0000005odYPIAY",,"001B000001KAzrBIAT","Addus HealthCare"
,,"005B0000005odYPIAY",,"001B000001KAzrCIAT","Addvocate"
,,"005B0000005odYPIAY",,"001B000001KAzrDIAT","addwish"
,,"005B0000005odYPIAY",,"001B000001KAzx3IAD","Affectiva"
,,"005B0000005odYPIAY",,"001B000001KAzx4IAD","Affectv"
,,"005B0000005odYPIAY",,"001B000001KAzx5IAD","Afferent Pharmaceuticals"
,,"005B0000005odYPIAY",,"001B000001KAzx6IAD","Affibody"
,,"005B0000005odYPIAY",,"001B000001KAzx7IAD","Affimed Therapeutics"
,,"005B0000005odYPIAY",,"001B000001KAzx8IAD","Affinaquest"
,,"005B0000005odYPIAY",,"001B000001KAzx9IAD","Affine"
,,"005B0000005odYPIAY",,"001B000001KAzxAIAT","Affinegy"
,,"005B0000005odYPIAY",,"001B000001KAzxBIAT","Affinergy"
,,"005B0000005odYPIAY",,"001B000001KAzxCIAT","Affineti Biologics"
,,"005B0000005odYPIAY",,"001B000001KAzxDIAT","Affinimark Technologies"
,,"005B0000005odYPIAY",,"001B000001KAzxEIAT","Affinio"
,,"005B0000005odYPIAY",,"001B000001KAzxFIAT","Affinion Group"
,,"005B0000005odYPIAY",,"001B000001KAzxGIAT","Affinitas GmbH"
,,"005B0000005odYPIAY",,"001B000001KAzxHIAT","Affinity"
,,"005B0000005odYPIAY",,"001B000001KAzxIIAT","Affinity Air Service"
,,"005B0000005odYPIAY",,"001B000001KAzxJIAT","Affinity China"
,,"005B0000005odYPIAY",,"001B000001KAzxKIAT","Affinity Circles"
,,"005B0000005odYPIAY",,"001B000001KAzxLIAT","Affinity Edge"
,,"005B0000005odYPIAY",,"001B000001KAzxMIAT","Affinity Labs"
,,"005B0000005odYPIAY",,"001B000001KAzxNIAT","Affinity Networks"
,,"005B0000005odYPIAY",,"001B000001KAzxOIAT","Affinity Solutions"
,,"005B0000005odYPIAY",,"001B000001KAzxPIAT","Affinity Systems"
,,"005B0000005odYPIAY",,"001B000001KAzxQIAT","Affinity Therapeutics"
,,"005B0000005odYPIAY",,"001B000001KAzxRIAT","Affinity Tourism"
,,"005B0000005odYPIAY",,"001B000001KAzxSIAT","Affinity.is"
,,"005B0000005odYPIAY",,"001B000001KAzrEIAT","Addy"
,,"005B0000005odYPIAY",,"001B000001KAzrFIAT","Adea"
,,"005B0000005odYPIAY",,"001B000001KAzrGIAT","ADEA Cutters"
,,"005B0000005odYPIAY",,"001B000001KAzrHIAT","aDealio"
,,"005B0000005odYPIAY",,"001B000001KAzrIIAT","AdECN"
,,"005B0000005odYPIAY",,"001B000001KAzrJIAT","AdelaVoice"
,,"005B0000005odYPIAY",,"001B000001KAzrKIAT","Adelja Learning"
,,"005B0000005odYPIAY",,"001B000001KAzrLIAT","Adello Inc"
,,"005B0000005odYPIAY",,"001B000001KAzrMIAT","Adelphic Mobile"
,,"005B0000005odYPIAY",,"001B000001KAzrNIAT","Aden & Anais"
,,"005B0000005odYPIAY",,"001B000001KAzrOIAT","Adenios"
,,"005B0000005odYPIAY",,"001B000001KAzrPIAT","Adenovir Pharma"
,,"005B0000005odYPIAY",,"001B000001KAzrQIAT","ADENTS HTI"
,,"005B0000005odYPIAY",,"001B000001KAzrRIAT","Adenyo"
,,"005B0000005odYPIAY",,"001B000001KAzrSIAT","Adept Cloud"
,,"005B0000005odYPIAY",,"001B000001KAzrTIAT","Adeptence"
,,"005B0000005odYPIAY",,"001B000001KAzrUIAT","AdEspresso"
,,"005B0000005odYPIAY",,"001B000001KAzrVIAT","Adesso Solutions"
,,"005B0000005odYPIAY",,"001B000001KAzrWIAT","Adesto Technologies"
,,"005B0000005odYPIAY",,"001B000001KAzrXIAT","AdEx Media"
,,"005B0000005odYPIAY",,"001B000001KAzrYIAT","AdexLink"
,,"005B0000005odYPIAY",,"001B000001KAzrZIAT","AdExtent"
,,"005B0000005odYPIAY",,"001B000001KAzraIAD","Adeyoh"
,,"005B0000005odYPIAY",,"001B000001KAzrbIAD","Adeze"
,,"005B0000005odYPIAY",,"001B000001KAzrcIAD","Adfaces"
,,"005B0000005odYPIAY",,"001B000001KAzrdIAD","AdFinance"
,,"005B0000005odYPIAY",,"001B000001KAzxTIAT","AffinityClick"
,,"005B0000005odYPIAY",,"001B000001KAzxUIAT","Affinium Pharmaceuticals"
,,"005B0000005odYPIAY",,"001B000001KAzxVIAT","Affinnova"
,,"005B0000005odYPIAY",,"001B000001KAzxWIAT","AFFiRiS"
,,"005B0000005odYPIAY",,"001B000001KAzxXIAT","Affirm"
,,"005B0000005odYPIAY",,"001B000001KAzxYIAT","Affirmed Networks"
,,"005B0000005odYPIAY",,"001B000001KAzxZIAT","Affle"
,,"005B0000005odYPIAY",,"001B000001KAzxaIAD","Affomix Corporation"
,,"005B0000005odYPIAY",,"001B000001KAzxbIAD","Affordable Renovations"
,,"005B0000005odYPIAY",,"001B000001KAzxcIAD","Affordit.com"
,,"005B0000005odYPIAY",,"001B000001KAzxdIAD","Affresol"
,,"005B0000005odYPIAY",,"001B000001KAzxeIAD","Affymax"
,,"005B0000005odYPIAY",,"001B000001KAzxfIAD","AFG Media"
,,"005B0000005odYPIAY",,"001B000001KAzxgIAD","Afinity Life Sciences"
,,"005B0000005odYPIAY",,"001B000001KAzxhIAD","AFINOS"
,,"005B0000005odYPIAY",,"001B000001KAzxiIAD","Afluenta"
,,"005B0000005odYPIAY",,"001B000001KAzxjIAD","Afoundria"
,,"005B0000005odYPIAY",,"001B000001KAzxkIAD","Aframe"
,,"005B0000005odYPIAY",,"001B000001KAzxlIAD","AFrame Digital"
,,"005B0000005odYPIAY",,"001B000001KAzxmIAD","Afraxis"
,,"005B0000005odYPIAY",,"001B000001KAzxnIAD","AFreeze"
,,"005B0000005odYPIAY",,"001B000001KAzxoIAD","Africa Interactive"
,,"005B0000005odYPIAY",,"001B000001KAzxpIAD","Africa's Talking"
,,"005B0000005odYPIAY",,"001B000001KAzxqIAD","African Grain Company"
,,"005B0000005odYPIAY",,"001B000001KAzxrIAD","Africasana"
,,"005B0000005odYPIAY",,"001B000001KAzxsIAD","Afrifresh Group"
,,"005B0000005odYPIAY",,"001B000001KAzreIAD","ADFLOW Health Networks"
,,"005B0000005odYPIAY",,"001B000001KAzrfIAD","adflyer"
,,"005B0000005odYPIAY",,"001B000001KAzrgIAD","Adfora"
,,"005B0000005odYPIAY",,"001B000001KAzrhIAD","Adform"
,,"005B0000005odYPIAY",,"001B000001KAzriIAD","adFreeq"
,,"005B0000005odYPIAY",,"001B000001KAzrjIAD","AdGent Digital"
,,"005B0000005odYPIAY",,"001B000001KAzrkIAD","AdGrok"
,,"005B0000005odYPIAY",,"001B000001KAzrlIAD","AdHack"
,,"005B0000005odYPIAY",,"001B000001KAzrmIAD","Adhere2Care"
,,"005B0000005odYPIAY",,"001B000001KAzrnIAD","AdhereTech"
,,"005B0000005odYPIAY",,"001B000001KAzroIAD","AdhereTx"
,,"005B0000005odYPIAY",,"001B000001KAzrpIAD","Adherex Technologies"
,,"005B0000005odYPIAY",,"001B000001KAzrqIAD","Adhesion Wealth Advisor Solutions"
,,"005B0000005odYPIAY",,"001B000001KAzrrIAD","Adhesive.co"
,,"005B0000005odYPIAY",,"001B000001KAzrsIAD","Adhezion Biomedical"
,,"005B0000005odYPIAY",,"001B000001KAzrtIAD","adhoclabs"
,,"005B0000005odYPIAY",,"001B000001KAzruIAD","Adhysteria"
,,"005B0000005odYPIAY",,"001B000001KAzrvIAD","Adial Pharmaceuticals"
,,"005B0000005odYPIAY",,"001B000001KAzrwIAD","Adiana"
,,"005B0000005odYPIAY",,"001B000001KAzrxIAD","adicate timeads"
,,"005B0000005odYPIAY",,"001B000001KAzryIAD","Adictiz"
,,"005B0000005odYPIAY",,"001B000001KAzrzIAD","AdiCyte"
,,"005B0000005odYPIAY",,"001B000001KAzs0IAD","Adient Health"
,,"005B0000005odYPIAY",,"001B000001KAzs1IAD","Adify"
,,"005B0000005odYPIAY",,"001B000001KAzs2IAD","ADIKTIVO"
,,"005B0000005odYPIAY",,"001B000001KAzs3IAD","Adility"
,,"005B0000005odYPIAY",,"001B000001KAzxtIAD","Afrigator Internet"
,,"005B0000005odYPIAY",,"001B000001KAzxuIAD","Afrimarket"
,,"005B0000005odYPIAY",,"001B000001KAzxvIAD","AFS Technologies"
,,"005B0000005odYPIAY",,"001B000001KAzxwIAD","AFTER-MOUSE"
,,"005B0000005odYPIAY",,"001B000001KAzxxIAD","afterBOT"
,,"005B0000005odYPIAY",,"001B000001KAzxyIAD","Aftercad Software"
,,"005B0000005odYPIAY",,"001B000001KAzxzIAD","AfterCollege"
,,"005B0000005odYPIAY",,"001B000001KAzy0IAD","Afterschool.me"
,,"005B0000005odYPIAY",,"001B000001KAzy1IAD","AfterShip"
,,"005B0000005odYPIAY",,"001B000001KAzy2IAD","AfterSteps"
,,"005B0000005odYPIAY",,"001B000001KAzy3IAD","AfterYes"
,,"005B0000005odYPIAY",,"001B000001KAzy4IAD","AG&P"
,,"005B0000005odYPIAY",,"001B000001KAzy5IAD","Agari"
,,"005B0000005odYPIAY",,"001B000001KAzy6IAD","Agavideo"
,,"005B0000005odYPIAY",,"001B000001KAzy7IAD","ag√É¬°mi Systems"
,,"005B0000005odYPIAY",,"001B000001KAzy8IAD","AgBiome"
,,"005B0000005odYPIAY",,"001B000001KAzy9IAD","AGC"
,,"005B0000005odYPIAY",,"001B000001KAzyAIAT","Age of Learning"
,,"005B0000005odYPIAY",,"001B000001KAzyBIAT","AgeCheq"
,,"005B0000005odYPIAY",,"001B000001KAzyCIAT","AGEIA Technologies"
,,"005B0000005odYPIAY",,"001B000001KAzyDIAT","AGELON ?"
,,"005B0000005odYPIAY",,"001B000001KAzyEIAT","Agencourt Bioscience"
,,"005B0000005odYPIAY",,"001B000001KAzyFIAT","Agency Entourage"
,,"005B0000005odYPIAY",,"001B000001KAzyGIAT","Agency for Student Health Research"
,,"005B0000005odYPIAY",,"001B000001KAzyHIAT","Agency Spotter"
,,"005B0000005odYPIAY",,"001B000001KAzyIIAT","Agency Systems"
,,"005B0000005odYPIAY",,"001B000001KAzs4IAD","Adim8"
,,"005B0000005odYPIAY",,"001B000001KAzs5IAD","Adimab"
,,"005B0000005odYPIAY",,"001B000001KAzs6IAD","Adinch Inc"
,,"005B0000005odYPIAY",,"001B000001KAzs7IAD","ADINCON"
,,"005B0000005odYPIAY",,"001B000001KAzs8IAD","AdInnovation"
,,"005B0000005odYPIAY",,"001B000001KAzs9IAD","Adioso"
,,"005B0000005odYPIAY",,"001B000001KAzsAIAT","Adisn"
,,"005B0000005odYPIAY",,"001B000001KAzsBIAT","Aditazz"
,,"005B0000005odYPIAY",,"001B000001KAzsCIAT","Aditive"
,,"005B0000005odYPIAY",,"001B000001KAzsDIAT","ADITU SAS"
,,"005B0000005odYPIAY",,"001B000001KAzsEIAT","Adjacent Applications"
,,"005B0000005odYPIAY",,"001B000001KAzsFIAT","Adjudica"
,,"005B0000005odYPIAY",,"001B000001KAzsGIAT","Adjug"
,,"005B0000005odYPIAY",,"001B000001KAzsHIAT","adjust"
,,"005B0000005odYPIAY",,"001B000001KAzsIIAT","AdKeeper"
,,"005B0000005odYPIAY",,"001B000001KAzsJIAT","Adknowledge"
,,"005B0000005odYPIAY",,"001B000001KAzsKIAT","Adku"
,,"005B0000005odYPIAY",,"001B000001KAzsLIAT","AdLemons"
,,"005B0000005odYPIAY",,"001B000001KAzsMIAT","Adlibrium Inc"
,,"005B0000005odYPIAY",,"001B000001KAzsNIAT","Adlogix"
,,"005B0000005odYPIAY",,"001B000001KAzsOIAT","Adly"
,,"005B0000005odYPIAY",,"001B000001KAzsPIAT","Adlyfe"
,,"005B0000005odYPIAY",,"001B000001KAzsQIAT","ADMA Biologics"
,,"005B0000005odYPIAY",,"001B000001KAzsRIAT","ADman Media"
,,"005B0000005odYPIAY",,"001B000001KAzsSIAT","ADmantX"
,,"005B0000005odYPIAY",,"001B000001KAzsTIAT","AdMaster"
,,"005B0000005odYPIAY",,"001B000001KAzyJIAT","Agencyport Software"
,,"005B0000005odYPIAY",,"001B000001KAzyKIAT","agencyQ"
,,"005B0000005odYPIAY",,"001B000001KAzyLIAT","Agenda"
,,"005B0000005odYPIAY",,"001B000001KAzyMIAT","Agendia"
,,"005B0000005odYPIAY",,"001B000001KAzyNIAT","Agendize"
,,"005B0000005odYPIAY",,"001B000001KAzyOIAT","AgeneBio"
,,"005B0000005odYPIAY",,"001B000001KAzyPIAT","Agennix"
,,"005B0000005odYPIAY",,"001B000001KAzyQIAT","Agensys"
,,"005B0000005odYPIAY",,"001B000001KAzyRIAT","Agent Ace"
,,"005B0000005odYPIAY",,"001B000001KAzySIAT","Agent Panda"
,,"005B0000005odYPIAY",,"001B000001KAzyTIAT","Agent Partner"
,,"005B0000005odYPIAY",,"001B000001KAzyUIAT","Agent Video Intelligence"
,,"005B0000005odYPIAY",,"001B000001KAzyVIAT","AgentBridge"
,,"005B0000005odYPIAY",,"001B000001KAzyWIAT","AgenTec"
,,"005B0000005odYPIAY",,"001B000001KAzyXIAT","Agentek"
,,"005B0000005odYPIAY",,"001B000001KAzyYIAT","AgentPair"
,,"005B0000005odYPIAY",,"001B000001KAzyZIAT","AgentPiggy"
,,"005B0000005odYPIAY",,"001B000001KAzyaIAD","Agentrun"
,,"005B0000005odYPIAY",,"001B000001KAzybIAD","Agenus"
,,"005B0000005odYPIAY",,"001B000001KAzycIAD","Ageto Service"
,,"005B0000005odYPIAY",,"001B000001KAzydIAD","AgFlow"
,,"005B0000005odYPIAY",,"001B000001KAzyeIAD","Aggamin Pharmaceuticals"
,,"005B0000005odYPIAY",,"001B000001KAzyfIAD","Aggios"
,,"005B0000005odYPIAY",,"001B000001KAzygIAD","Aggredyne"
,,"005B0000005odYPIAY",,"001B000001KAzyhIAD","Aggregate Knowledge"
,,"005B0000005odYPIAY",,"001B000001KAzyiIAD","AGI Biopharmaceuticals"
,,"005B0000005odYPIAY",,"001B000001KAzsUIAT","Admatic"
,,"005B0000005odYPIAY",,"001B000001KAzsVIAT","Admaxim"
,,"005B0000005odYPIAY",,"001B000001KAzsWIAT","Admazely"
,,"005B0000005odYPIAY",,"001B000001KAzsXIAT","Admedo Ltd"
,,"005B0000005odYPIAY",,"001B000001KAzsYIAT","Admeld"
,,"005B0000005odYPIAY",,"001B000001KAzsZIAT","ADMETA"
,,"005B0000005odYPIAY",,"001B000001KAzsaIAD","Admetric"
,,"005B0000005odYPIAY",,"001B000001KAzsbIAD","admetricks"
,,"005B0000005odYPIAY",,"001B000001KAzscIAD","ADMI Holdings"
,,"005B0000005odYPIAY",,"001B000001KAzsdIAD","Admify"
,,"005B0000005odYPIAY",,"001B000001KAzseIAD","adMingle - Share Your Passion!"
,,"005B0000005odYPIAY",,"001B000001KAzsfIAD","Admira Cosmetics"
,,"005B0000005odYPIAY",,"001B000001KAzsgIAD","Admiral Records Management"
,,"005B0000005odYPIAY",,"001B000001KAzshIAD","Admitly"
,,"005B0000005odYPIAY",,"001B000001KAzsiIAD","AdmitOne Security"
,,"005B0000005odYPIAY",,"001B000001KAzsjIAD","AdmitSee"
,,"005B0000005odYPIAY",,"001B000001KAzskIAD","Admittance Technologies"
,,"005B0000005odYPIAY",,"001B000001KAzslIAD","Admittedly"
,,"005B0000005odYPIAY",,"001B000001KAzsmIAD","Admittor"
,,"005B0000005odYPIAY",,"001B000001KAzsnIAD","AdMob"
,,"005B0000005odYPIAY",,"001B000001KAzsoIAD","AdMobilize"
,,"005B0000005odYPIAY",,"001B000001KAzspIAD","AdMobius"
,,"005B0000005odYPIAY",,"001B000001KAzsqIAD","AdMoment"
,,"005B0000005odYPIAY",,"001B000001KAzsrIAD","Adnavance Technologies"
,,"005B0000005odYPIAY",,"001B000001KAzssIAD","AdNear"
,,"005B0000005odYPIAY",,"001B000001KAzstIAD","AdNectar"
,,"005B0000005odYPIAY",,"001B000001KAzyjIAD","Agiftidea.com"
,,"005B0000005odYPIAY",,"001B000001KAzykIAD","Agile"
,,"005B0000005odYPIAY",,"001B000001KAzylIAD","AGILE customer insight"
,,"005B0000005odYPIAY",,"001B000001KAzymIAD","Agile Edge Technologies"
,,"005B0000005odYPIAY",,"001B000001KAzynIAD","Agile Energy"
,,"005B0000005odYPIAY",,"001B000001KAzyoIAD","Agile Group"
,,"005B0000005odYPIAY",,"001B000001KAzypIAD","Agile Health"
,,"005B0000005odYPIAY",,"001B000001KAzyqIAD","Agile Media Network"
,,"005B0000005odYPIAY",,"001B000001KAzyrIAD","Agile Sciences"
,,"005B0000005odYPIAY",,"001B000001KAzysIAD","Agile Systems"
,,"005B0000005odYPIAY",,"001B000001KAzytIAD","Agile Therapeutics"
,,"005B0000005odYPIAY",,"001B000001KAzyuIAD","Agile Wind Power"
,,"005B0000005odYPIAY",,"001B000001KAzyvIAD","AgileJ Limited"
,,"005B0000005odYPIAY",,"001B000001KAzywIAD","AgileMD"
,,"005B0000005odYPIAY",,"001B000001KAzyxIAD","AgileMesh"
,,"005B0000005odYPIAY",,"001B000001KAzyyIAD","AgileNano"
,,"005B0000005odYPIAY",,"001B000001KAzyzIAD","Agilence"
,,"005B0000005odYPIAY",,"001B000001KAzz0IAD","AgileSource"
,,"005B0000005odYPIAY",,"001B000001KAzz1IAD","Agiliance"
,,"005B0000005odYPIAY",,"001B000001KAzz2IAD","Agilis Biotherapeutics"
,,"005B0000005odYPIAY",,"001B000001KAzz3IAD","Agilis Systems"
,,"005B0000005odYPIAY",,"001B000001KAzz4IAD","Agility Communications"
,,"005B0000005odYPIAY",,"001B000001KAzz5IAD","Agility Design Solutions"
,,"005B0000005odYPIAY",,"001B000001KAzz6IAD","Agillic"
,,"005B0000005odYPIAY",,"001B000001KAzz7IAD","AgilOne"
,,"005B0000005odYPIAY",,"001B000001KAzz8IAD","Agilum Healthcare Intelligence"
,,"005B0000005odYPIAY",,"001B000001KAzsuIAD","Adnexus"
,,"005B0000005odYPIAY",,"001B000001KAzsvIAD","Adocia"
,,"005B0000005odYPIAY",,"001B000001KAzswIAD","Adocu.com"
,,"005B0000005odYPIAY",,"001B000001KAzsxIAD","Adometry By Google"
,,"005B0000005odYPIAY",,"001B000001KAzsyIAD","ADOMIC (formerly YieldMetrics)"
,,"005B0000005odYPIAY",,"001B000001KAzszIAD","Adomik"
,,"005B0000005odYPIAY",,"001B000001KAzt0IAD","Adomo"
,,"005B0000005odYPIAY",,"001B000001KAzt1IAD","Adomos"
,,"005B0000005odYPIAY",,"001B000001KAzt2IAD","Adonit"
,,"005B0000005odYPIAY",,"001B000001KAzt3IAD","ADOP"
,,"005B0000005odYPIAY",,"001B000001KAzt4IAD","ADOR"
,,"005B0000005odYPIAY",,"001B000001KAzt5IAD","Adore Me"
,,"005B0000005odYPIAY",,"001B000001KAzt6IAD","Adormo"
,,"005B0000005odYPIAY",,"001B000001KAzt7IAD","AdorStyle"
,,"005B0000005odYPIAY",,"001B000001KAzt8IAD","AdoTube"
,,"005B0000005odYPIAY",,"001B000001KAzt9IAD","ADP"
,,"005B0000005odYPIAY",,"001B000001KAztAIAT","Adpeps"
,,"005B0000005odYPIAY",,"001B000001KAztBIAT","Adpoints"
,,"005B0000005odYPIAY",,"001B000001KAztCIAT","adQ"
,,"005B0000005odYPIAY",,"001B000001KAztDIAT","AdQuantic"
,,"005B0000005odYPIAY",,"001B000001KAztEIAT","adQuota"
,,"005B0000005odYPIAY",,"001B000001KAztFIAT","ADR Sales & Concepts"
,,"005B0000005odYPIAY",,"001B000001KAztGIAT","ADR Software"
,,"005B0000005odYPIAY",,"001B000001KAztHIAT","AdReady"
,,"005B0000005odYPIAY",,"001B000001KAztIIAT","Adreal"
,,"005B0000005odYPIAY",,"001B000001KAztJIAT","Adreima"
,,"005B0000005odYPIAY",,"001B000001KAzz9IAD","Agilvax"
,,"005B0000005odYPIAY",,"001B000001KAzzAIAT","Agily Networks"
,,"005B0000005odYPIAY",,"001B000001KAzzBIAT","Agilys"
,,"005B0000005odYPIAY",,"001B000001KAzzCIAT","Agilyx"
,,"005B0000005odYPIAY",,"001B000001KAzzDIAT","AgInfoLink"
,,"005B0000005odYPIAY",,"001B000001KAzzEIAT","Aginova"
,,"005B0000005odYPIAY",,"001B000001KAzzFIAT","Agios Pharmaceuticals"
,,"005B0000005odYPIAY",,"001B000001KAzzGIAT","Agistics"
,,"005B0000005odYPIAY",,"001B000001KAzzHIAT","Agitar"
,,"005B0000005odYPIAY",,"001B000001KAzzIIAT","Agito Networks"
,,"005B0000005odYPIAY",,"001B000001KAzzJIAT","AGlobal Tech"
,,"005B0000005odYPIAY",,"001B000001KAzzKIAT","AgLocal"
,,"005B0000005odYPIAY",,"001B000001KAzzLIAT","AGLOGIC"
,,"005B0000005odYPIAY",,"001B000001KAzzMIAT","AGM Automotive"
,,"005B0000005odYPIAY",,"001B000001KAzzNIAT","agnion Energy"
,,"005B0000005odYPIAY",,"001B000001KAzzOIAT","AGNITiO"
,,"005B0000005odYPIAY",,"001B000001KAzzPIAT","Agnitus"
,,"005B0000005odYPIAY",,"001B000001KAzzQIAT","Agolo"
,,"005B0000005odYPIAY",,"001B000001KAzzRIAT","Agora Mobile"
,,"005B0000005odYPIAY",,"001B000001KAzzSIAT","Agora Shopping"
,,"005B0000005odYPIAY",,"001B000001KAzzTIAT","Agorafy"
,,"005B0000005odYPIAY",,"001B000001KAzzUIAT","Agorique"
,,"005B0000005odYPIAY",,"001B000001KAzzVIAT","Agoura Technologies"
,,"005B0000005odYPIAY",,"001B000001KAzzWIAT","Agradis"
,,"005B0000005odYPIAY",,"001B000001KAzzXIAT","Agralogics"
,,"005B0000005odYPIAY",,"001B000001KAzzYIAT","AgraQuest"
,,"005B0000005odYPIAY",,"001B000001KAztKIAT","Adrenaline Mobility"
,,"005B0000005odYPIAY",,"001B000001KAztLIAT","adRise"
,,"005B0000005odYPIAY",,"001B000001KAztMIAT","AdRocket"
,,"005B0000005odYPIAY",,"001B000001KAztNIAT","AdRoll"
,,"005B0000005odYPIAY",,"001B000001KAztOIAT","Ads Click"
,,"005B0000005odYPIAY",,"001B000001KAztPIAT","ADS-B Technologies"
,,"005B0000005odYPIAY",,"001B000001KAztQIAT","Ads-Fi"
,,"005B0000005odYPIAY",,"001B000001KAztRIAT","adSage"
,,"005B0000005odYPIAY",,"001B000001KAztSIAT","Adsame"
,,"005B0000005odYPIAY",,"001B000001KAztTIAT","AdScale"
,,"005B0000005odYPIAY",,"001B000001KAztUIAT","AdScoot"
,,"005B0000005odYPIAY",,"001B000001KAztVIAT","AdScore"
,,"005B0000005odYPIAY",,"001B000001KAztWIAT","AdsIt"
,,"005B0000005odYPIAY",,"001B000001KAztXIAT","Adsit Media Technology"
,,"005B0000005odYPIAY",,"001B000001KAztYIAT","Adskom"
,,"005B0000005odYPIAY",,"001B000001KAztZIAT","AdsNative"
,,"005B0000005odYPIAY",,"001B000001KAztaIAD","Adspace Networks"
,,"005B0000005odYPIAY",,"001B000001KAztbIAD","AdSparx"
,,"005B0000005odYPIAY",,"001B000001KAztcIAD","Adspert | Bidmanagement GmbH"
,,"005B0000005odYPIAY",,"001B000001KAztdIAD","Adspired Technologies"
,,"005B0000005odYPIAY",,"001B000001KAzteIAD","Adspringr"
,,"005B0000005odYPIAY",,"001B000001KAztfIAD","adsquare"
,,"005B0000005odYPIAY",,"001B000001KAztgIAD","AdStack"
,,"005B0000005odYPIAY",,"001B000001KAzthIAD","AdStage"
,,"005B0000005odYPIAY",,"001B000001KAztiIAD","Adstrix"
,,"005B0000005odYPIAY",,"001B000001KAztjIAD","ADstruc"
,,"005B0000005odYPIAY",,"001B000001KAzzZIAT","Agrar33"
,,"005B0000005odYPIAY",,"001B000001KAzzaIAD","agreement24 avtal24"
,,"005B0000005odYPIAY",,"001B000001KAzzbIAD","AgreeYa Mobility - Onvelop"
,,"005B0000005odYPIAY",,"001B000001KAzzcIAD","agri.capital"
,,"005B0000005odYPIAY",,"001B000001KAzzdIAD","Agribots"
,,"005B0000005odYPIAY",,"001B000001KAzzeIAD","Agrican"
,,"005B0000005odYPIAY",,"001B000001KAzzfIAD","Agricultural Food Systems"
,,"005B0000005odYPIAY",,"001B000001KAzzgIAD","Agricultural Holdings International"
,,"005B0000005odYPIAY",,"001B000001KAzzhIAD","Agricultural Solutions"
,,"005B0000005odYPIAY",,"001B000001KAzziIAD","AGRIMAPS"
,,"005B0000005odYPIAY",,"001B000001KAzzjIAD","Agrisoma Biosciences"
,,"005B0000005odYPIAY",,"001B000001KAzzkIAD","Agrivi"
,,"005B0000005odYPIAY",,"001B000001KAzzlIAD","Agrivida"
,,"005B0000005odYPIAY",,"001B000001KAzzmIAD","AgRobotics"
,,"005B0000005odYPIAY",,"001B000001KAzznIAD","AgroSavfe"
,,"005B0000005odYPIAY",,"001B000001KAzzoIAD","AgSquared"
,,"005B0000005odYPIAY",,"001B000001KAzzpIAD","AGV Media"
,,"005B0000005odYPIAY",,"001B000001KAzzqIAD","Agworld Pty Ltd"
,,"005B0000005odYPIAY",,"001B000001KAzzrIAD","Aha Mobile"
,,"005B0000005odYPIAY",,"001B000001KAzzsIAD","Ahaali"
,,"005B0000005odYPIAY",,"001B000001KAzztIAD","AHAlife.com"
,,"005B0000005odYPIAY",,"001B000001KAzzuIAD","Ahalogy"
,,"005B0000005odYPIAY",,"001B000001KAzzvIAD","Ahandyhand"
,,"005B0000005odYPIAY",,"001B000001KAzzwIAD","Ahead"
,,"005B0000005odYPIAY",,"001B000001KAzzxIAD","AHIKU Corp."
,,"005B0000005odYPIAY",,"001B000001KAzzyIAD","Ahometo"
,,"005B0000005odYPIAY",,"001B000001KAznoIAD","Acronis"
,,"005B0000005odYPIAY",,"001B000001KAznpIAD","Acronym Media"
,,"005B0000005odYPIAY",,"001B000001KAznqIAD","Across America Financial Services"
,,"005B0000005odYPIAY",,"001B000001KAznrIAD","Across The Universe"
,,"005B0000005odYPIAY",,"001B000001KAznsIAD","ACS Biomarker"
,,"005B0000005odYPIAY",,"001B000001KAzntIAD","ACS Clothing"
,,"005B0000005odYPIAY",,"001B000001KAznuIAD","ACS Global"
,,"005B0000005odYPIAY",,"001B000001KAznvIAD","Acsendo"
,,"005B0000005odYPIAY",,"001B000001KAznwIAD","ACSIAN"
,,"005B0000005odYPIAY",,"001B000001KAznxIAD","Acsis"
,,"005B0000005odYPIAY",,"001B000001KAznyIAD","ACT Biotech"
,,"005B0000005odYPIAY",,"001B000001KAznzIAD","Act-On Software"
,,"005B0000005odYPIAY",,"001B000001KAzo0IAD","Actacell"
,,"005B0000005odYPIAY",,"001B000001KAzo1IAD","ActBlue"
,,"005B0000005odYPIAY",,"001B000001KAzo2IAD","Acteavo"
,,"005B0000005odYPIAY",,"001B000001KAzo3IAD","Actelis Networks"
,,"005B0000005odYPIAY",,"001B000001KAzo4IAD","Actiance"
,,"005B0000005odYPIAY",,"001B000001KAzo5IAD","Acticut International"
,,"005B0000005odYPIAY",,"001B000001KAzo6IAD","Actifi"
,,"005B0000005odYPIAY",,"001B000001KAzo7IAD","Actifio"
,,"005B0000005odYPIAY",,"001B000001KAzo8IAD","Actimagine"
,,"005B0000005odYPIAY",,"001B000001KAzo9IAD","Actimis Pharmaceuticals"
,,"005B0000005odYPIAY",,"001B000001KAzoAIAT","Actimize"
,,"005B0000005odYPIAY",,"001B000001KAzoBIAT","Actimo"
,,"005B0000005odYPIAY",,"001B000001KAzoCIAT","Actinium Pharmaceuticals"
,,"005B0000005odYPIAY",,"001B000001KAzoDIAT","Actinobac Biomed"
,,"005B0000005odYPIAY",,"001B000001KAztkIAD","Adsvark"
,,"005B0000005odYPIAY",,"001B000001KAztlIAD","AdsWizz"
,,"005B0000005odYPIAY",,"001B000001KAztmIAD","AdTaily.com"
,,"005B0000005odYPIAY",,"001B000001KAztnIAD","AdTapsy"
,,"005B0000005odYPIAY",,"001B000001KAztoIAD","ADTELLIGENCE"
,,"005B0000005odYPIAY",,"001B000001KAztpIAD","Adteractive"
,,"005B0000005odYPIAY",,"001B000001KAztqIAD","AdTheorent"
,,"005B0000005odYPIAY",,"001B000001KAztrIAD","Adtile Technologies Inc."
,,"005B0000005odYPIAY",,"001B000001KAztsIAD","AdTonik"
,,"005B0000005odYPIAY",,"001B000001KAzttIAD","AdTotum"
,,"005B0000005odYPIAY",,"001B000001KAztuIAD","Adtrade"
,,"005B0000005odYPIAY",,"001B000001KAztvIAD","AdTrib"
,,"005B0000005odYPIAY",,"001B000001KAztwIAD","Adtuitive"
,,"005B0000005odYPIAY",,"001B000001KAztxIAD","ADTZ"
,,"005B0000005odYPIAY",,"001B000001KAztyIAD","Aductions"
,,"005B0000005odYPIAY",,"001B000001KAztzIAD","AdultSpace"
,,"005B0000005odYPIAY",,"001B000001KAzu0IAD","Adura Technologies"
,,"005B0000005odYPIAY",,"001B000001KAzu1IAD","Aduro BioTech"
,,"005B0000005odYPIAY",,"001B000001KAzu2IAD","Advaction"
,,"005B0000005odYPIAY",,"001B000001KAzu3IAD","Advaliant"
,,"005B0000005odYPIAY",,"001B000001KAzu4IAD","ADVANCE DISPLAY TECHNOLOGIES"
,,"005B0000005odYPIAY",,"001B000001KAzu5IAD","ADVANCE Medical"
,,"005B0000005odYPIAY",,"001B000001KAzu6IAD","Advanced Accelerator Applications"
,,"005B0000005odYPIAY",,"001B000001KAzu7IAD","Advanced Animal Diagnostics"
,,"005B0000005odYPIAY",,"001B000001KAzu8IAD","Advanced Ballistic Concepts"
,,"005B0000005odYPIAY",,"001B000001KAzu9IAD","Advanced Battery Concepts"
,,"005B0000005odYPIAY",,"001B000001KAzzzIAD","Ahonya"
,,"005B0000005odYPIAY",,"001B000001KB000IAD","Ahorro Libre"
,,"005B0000005odYPIAY",,"001B000001KB001IAD","ahoyDoc"
,,"005B0000005odYPIAY",,"001B000001KB002IAD","AHS PharmStat"
,,"005B0000005odYPIAY",,"001B000001KB003IAD","Ahura Scientific"
,,"005B0000005odYPIAY",,"001B000001KB004IAD","AI Exchange"
,,"005B0000005odYPIAY",,"001B000001KB005IAD","AI Merchant"
,,"005B0000005odYPIAY",,"001B000001KB006IAD","AI Patents"
,,"005B0000005odYPIAY",,"001B000001KB007IAD","Ai2 UK"
,,"005B0000005odYPIAY",,"001B000001KB008IAD","Aibo"
,,"005B0000005odYPIAY",,"001B000001KB009IAD","Aicent"
,,"005B0000005odYPIAY",,"001B000001KB00AIAT","AiCuris"
,,"005B0000005odYPIAY",,"001B000001KB00BIAT","Aidhenscorner"
,,"005B0000005odYPIAY",,"001B000001KB00CIAT","Aidin"
,,"005B0000005odYPIAY",,"001B000001KB00DIAT","AIFOTEC"
,,"005B0000005odYPIAY",,"001B000001KB00EIAT","Aigou"
,,"005B0000005odYPIAY",,"001B000001KB00FIAT","aiHit"
,,"005B0000005odYPIAY",,"001B000001KB00GIAT","aihuishou"
,,"005B0000005odYPIAY",,"001B000001KB00HIAT","AIKO Biotechnology"
,,"005B0000005odYPIAY",,"001B000001KB00IIAT","Aileron Therapeutics"
,,"005B0000005odYPIAY",,"001B000001KB00JIAT","Ailola"
,,"005B0000005odYPIAY",,"001B000001KB00KIAT","Ailvxing net"
,,"005B0000005odYPIAY",,"001B000001KB00LIAT","AIM"
,,"005B0000005odYPIAY",,"001B000001KB00MIAT","AiMeiWei"
,,"005B0000005odYPIAY",,"001B000001KB00NIAT","Aimetis"
,,"005B0000005odYPIAY",,"001B000001KB00OIAT","Aiming"
,,"005B0000005odYPIAY",,"001B000001KAzoEIAT","Action"
,,"005B0000005odYPIAY",,"001B000001KAzoFIAT","Action Auto Sales"
,,"005B0000005odYPIAY",,"001B000001KAzoGIAT","Action Engine"
,,"005B0000005odYPIAY",,"001B000001KAzoHIAT","Action Online Entertainment"
,,"005B0000005odYPIAY",,"001B000001KAzoIIAT","Action Online Publishing"
,,"005B0000005odYPIAY",,"001B000001KAzoJIAT","Action Pharma"
,,"005B0000005odYPIAY",,"001B000001KAzoKIAT","Action Products International"
,,"005B0000005odYPIAY",,"001B000001KAzoLIAT","ACTION SPORTS"
,,"005B0000005odYPIAY",,"001B000001KAzoMIAT","Actionality"
,,"005B0000005odYPIAY",,"001B000001KAzoNIAT","ActionBase"
,,"005B0000005odYPIAY",,"001B000001KAzoOIAT","ActionFlow"
,,"005B0000005odYPIAY",,"001B000001KAzoPIAT","ActionIQ"
,,"005B0000005odYPIAY",,"001B000001KAzoQIAT","ActionPlanner"
,,"005B0000005odYPIAY",,"001B000001KAzoRIAT","ActionRun"
,,"005B0000005odYPIAY",,"001B000001KAzoSIAT","Actions"
,,"005B0000005odYPIAY",,"001B000001KAzoTIAT","Actionsoft"
,,"005B0000005odYPIAY",,"001B000001KAzoUIAT","ActionTax.ca"
,,"005B0000005odYPIAY",,"001B000001KAzoVIAT","ActionX"
,,"005B0000005odYPIAY",,"001B000001KAzoWIAT","Actito"
,,"005B0000005odYPIAY",,"001B000001KAzoXIAT","ACTIV Financial Systems"
,,"005B0000005odYPIAY",,"001B000001KAzoYIAT","Activ Technologies"
,,"005B0000005odYPIAY",,"001B000001KAzoZIAT","activ8 Intelligence"
,,"005B0000005odYPIAY",,"001B000001KAzoaIAD","Activaero"
,,"005B0000005odYPIAY",,"001B000001KAzobIAD","Activaided Orthotics"
,,"005B0000005odYPIAY",,"001B000001KAzocIAD","Activate Healthcare"
,,"005B0000005odYPIAY",,"001B000001KAzodIAD","Activate Networks"
,,"005B0000005odYPIAY",,"001B000001KAzuAIAT","Advanced BioEnergy"
,,"005B0000005odYPIAY",,"001B000001KAzuBIAT","Advanced BioHealing"
,,"005B0000005odYPIAY",,"001B000001KAzuCIAT","Advanced Bioimaging Systems"
,,"005B0000005odYPIAY",,"001B000001KAzuDIAT","Advanced Biomedical Technologies"
,,"005B0000005odYPIAY",,"001B000001KAzuEIAT","Advanced BioNutrition"
,,"005B0000005odYPIAY",,"001B000001KAzuFIAT","Advanced Brain Monitoring"
,,"005B0000005odYPIAY",,"001B000001KAzuGIAT","Advanced Cardiac Therapeutics"
,,"005B0000005odYPIAY",,"001B000001KAzuHIAT","Advanced Catheter Therapies"
,,"005B0000005odYPIAY",,"001B000001KAzuIIAT","Advanced Cell Diagnostics"
,,"005B0000005odYPIAY",,"001B000001KAzuJIAT","Advanced Cell Technology"
,,"005B0000005odYPIAY",,"001B000001KAzuKIAT","Advanced Chip Express"
,,"005B0000005odYPIAY",,"001B000001KAzuLIAT","Advanced Circulatory"
,,"005B0000005odYPIAY",,"001B000001KAzuMIAT","Advanced Cooling Therapy"
,,"005B0000005odYPIAY",,"001B000001KAzuNIAT","ADVANCED CREDIT TECHNOLOGIES"
,,"005B0000005odYPIAY",,"001B000001KAzuOIAT","Advanced Currents Corporation"
,,"005B0000005odYPIAY",,"001B000001KAzuPIAT","Advanced Cyclone Systems"
,,"005B0000005odYPIAY",,"001B000001KAzuQIAT","Advanced Diamond Technologies"
,,"005B0000005odYPIAY",,"001B000001KAzuRIAT","Advanced Digital Design"
,,"005B0000005odYPIAY",,"001B000001KAzuSIAT","Advanced Electron Beams"
,,"005B0000005odYPIAY",,"001B000001KAzuTIAT","Advanced Field Solutions"
,,"005B0000005odYPIAY",,"001B000001KAzuUIAT","Advanced ICU Care"
,,"005B0000005odYPIAY",,"001B000001KAzuVIAT","Advanced Image Enhancement"
,,"005B0000005odYPIAY",,"001B000001KAzuWIAT","Advanced Imaging Technologies"
,,"005B0000005odYPIAY",,"001B000001KAzuXIAT","Advanced In Vitro Cell Technologies"
,,"005B0000005odYPIAY",,"001B000001KAzuYIAT","Advanced Inquiry Systems Inc."
,,"005B0000005odYPIAY",,"001B000001KB00PIAT","AIMM Therapeutics"
,,"005B0000005odYPIAY",,"001B000001KB00QIAT","AimWith"
,,"005B0000005odYPIAY",,"001B000001KB00RIAT","AINSTEC - Financial Reconciliation"
,,"005B0000005odYPIAY",,"001B000001KB00SIAT","Aionex"
,,"005B0000005odYPIAY",,"001B000001KB00TIAT","Aiotra"
,,"005B0000005odYPIAY",,"001B000001KB00UIAT","aioTV Inc."
,,"005B0000005odYPIAY",,"001B000001KB00VIAT","Aipai"
,,"005B0000005odYPIAY",,"001B000001KB00WIAT","Air Button"
,,"005B0000005odYPIAY",,"001B000001KB00XIAT","Air Intelligence"
,,"005B0000005odYPIAY",,"001B000001KB00YIAT","Air Ion Devices"
,,"005B0000005odYPIAY",,"001B000001KB00ZIAT","Air Robotics"
,,"005B0000005odYPIAY",,"001B000001KB00aIAD","Air Semiconductor"
,,"005B0000005odYPIAY",,"001B000001KB00bIAD","Air2Web"
,,"005B0000005odYPIAY",,"001B000001KB00cIAD","Airband Communications Holdings"
,,"005B0000005odYPIAY",,"001B000001KB00dIAD","Airbiquity"
,,"005B0000005odYPIAY",,"001B000001KB00eIAD","Airbnb"
,,"005B0000005odYPIAY",,"001B000001KB00fIAD","Airborne Media Group"
,,"005B0000005odYPIAY",,"001B000001KB00gIAD","Airborne Mobile"
,,"005B0000005odYPIAY",,"001B000001KB00hIAD","Airborne Technology"
,,"005B0000005odYPIAY",,"001B000001KAzoeIAD","Activation Life"
,,"005B0000005odYPIAY",,"001B000001KAzofIAD","Activation Solutions"
,,"005B0000005odYPIAY",,"001B000001KAzogIAD","Active Circle"
,,"005B0000005odYPIAY",,"001B000001KAzohIAD","Active DSP"
,,"005B0000005odYPIAY",,"001B000001KAzuZIAT","Advanced LEDs"
,,"005B0000005odYPIAY",,"001B000001KAzuaIAD","Advanced Life Wellness Institute"
,,"005B0000005odYPIAY",,"001B000001KAzubIAD","Advanced Liquid Logic"
,,"005B0000005odYPIAY",,"001B000001KAzucIAD","Advanced Magnet Lab"
,,"005B0000005odYPIAY",,"001B000001KAzudIAD","Advanced Manufacturing Control Systems"
,,"005B0000005odYPIAY",,"001B000001KAzueIAD","Advanced Marketing & Media Group"
,,"005B0000005odYPIAY",,"001B000001KAzufIAD","Advanced Materials Technology International"
,,"005B0000005odYPIAY",,"001B000001KAzugIAD","Advanced Medical Innovations"
,,"005B0000005odYPIAY",,"001B000001KAzuhIAD","ADVANCED MEDICAL ISOTOPE"
,,"005B0000005odYPIAY",,"001B000001KAzuiIAD","Advanced Mem-Tech"
,,"005B0000005odYPIAY",,"001B000001KAzujIAD","Advanced Micro-Fabrication Equipment"
,,"005B0000005odYPIAY",,"001B000001KAzukIAD","Advanced Mobile Solutions"
,,"005B0000005odYPIAY",,"001B000001KAzulIAD","Advanced Northern Graphite Leaders"
,,"005B0000005odYPIAY",,"001B000001KAzumIAD","Advanced Numicro Systems"
,,"005B0000005odYPIAY",,"001B000001KAzunIAD","Advanced Oncotherapy"
,,"005B0000005odYPIAY",,"001B000001KAzuoIAD","Advanced Ophthalmic Pharma"
,,"005B0000005odYPIAY",,"001B000001KAzupIAD","Advanced Orthopedic Technologies"
,,"005B0000005odYPIAY",,"001B000001KAzuqIAD","Advanced Patient Care"
,,"005B0000005odYPIAY",,"001B000001KAzurIAD","Advanced Personalized Diagnostics"
,,"005B0000005odYPIAY",,"001B000001KAzusIAD","Advanced Photonix"
,,"005B0000005odYPIAY",,"001B000001KAzutIAD","Advanced Plasma Therapies"
,,"005B0000005odYPIAY",,"001B000001KAzuuIAD","Advanced Power Projects"
,,"005B0000005odYPIAY",,"001B000001KAzuvIAD","Advanced Proteome Therapeutics"
,,"005B0000005odYPIAY",,"001B000001KAzuwIAD","Advanced Search Laboratories"
,,"005B0000005odYPIAY",,"001B000001KAzuxIAD","Advanced Seismic Technologies"
,,"005B0000005odYPIAY",,"001B000001KAzoiIAD","Active Endpoints"
,,"005B0000005odYPIAY",,"001B000001KAzojIAD","Active Implants"
,,"005B0000005odYPIAY",,"001B000001KAzokIAD","Active International"
,,"005B0000005odYPIAY",,"001B000001KAzolIAD","Active Life Scientific"
,,"005B0000005odYPIAY",,"001B000001KAzomIAD","Active Media"
,,"005B0000005odYPIAY",,"001B000001KAzonIAD","Active Mind Technology"
,,"005B0000005odYPIAY",,"001B000001KAzooIAD","ACTIVE Network"
,,"005B0000005odYPIAY",,"001B000001KAzopIAD","Active Optical MEMS"
,,"005B0000005odYPIAY",,"001B000001KAzoqIAD","Active Scaler"
,,"005B0000005odYPIAY",,"001B000001KAzorIAD","Active Storage"
,,"005B0000005odYPIAY",,"001B000001KAzosIAD","Active Tax & Accounting"
,,"005B0000005odYPIAY",,"001B000001KAzotIAD","Active Voice Corporation"
,,"005B0000005odYPIAY",,"001B000001KAzouIAD","Active-Semi"
,,"005B0000005odYPIAY",,"001B000001KAzovIAD","ActiveCloud"
,,"005B0000005odYPIAY",,"001B000001KAzowIAD","ActiveEon"
,,"005B0000005odYPIAY",,"001B000001KAzoxIAD","ActiveGift"
,,"005B0000005odYPIAY",,"001B000001KAzoyIAD","Activehours"
,,"005B0000005odYPIAY",,"001B000001KAzozIAD","Actively Learn"
,,"005B0000005odYPIAY",,"001B000001KAzp0IAD","ActiveO"
,,"005B0000005odYPIAY",,"001B000001KAzp1IAD","ActivePath"
,,"005B0000005odYPIAY",,"001B000001KAzp2IAD","ActiveRain"
,,"005B0000005odYPIAY",,"001B000001KAzp3IAD","ActiveReplay"
,,"005B0000005odYPIAY",,"001B000001KAzp4IAD","ActiveSec"
,,"005B0000005odYPIAY",,"001B000001KAzp5IAD","ActiveTrak"
,,"005B0000005odYPIAY",,"001B000001KAzp6IAD","ActivIdentity"
,,"005B0000005odYPIAY",,"001B000001KAzp7IAD","ActiViews"
,,"005B0000005odYPIAY",,"001B000001KAzuyIAD","Advanced Sports Logic"
,,"005B0000005odYPIAY",,"001B000001KAzuzIAD","Advanced Surgical Concepts"
,,"005B0000005odYPIAY",,"001B000001KAzv0IAD","Advanced System Designs"
,,"005B0000005odYPIAY",,"001B000001KAzv1IAD","Advanced Telemetry"
,,"005B0000005odYPIAY",,"001B000001KAzv2IAD","Advanced TeleSensors"
,,"005B0000005odYPIAY",,"001B000001KAzv3IAD","Advanced Vector Analytics"
,,"005B0000005odYPIAY",,"001B000001KAzv4IAD","Advanced Voice Recognition Systems"
,,"005B0000005odYPIAY",,"001B000001KAzv5IAD","Advanced-Tec"
,,"005B0000005odYPIAY",,"001B000001KAzv6IAD","AdvanDx"
,,"005B0000005odYPIAY",,"001B000001KAzv7IAD","Advanova"
,,"005B0000005odYPIAY",,"001B000001KAzv8IAD","Advantage Capital Partners"
,,"005B0000005odYPIAY",,"001B000001KAzv9IAD","AdVantage Networks"
,,"005B0000005odYPIAY",,"001B000001KAzvAIAT","Advantagene"
,,"005B0000005odYPIAY",,"001B000001KAzvBIAT","Advasense"
,,"005B0000005odYPIAY",,"001B000001KAzvCIAT","Advaxis"
,,"005B0000005odYPIAY",,"001B000001KAzvDIAT","Advebs"
,,"005B0000005odYPIAY",,"001B000001KAzvEIAT","Advenchen Laboratories"
,,"005B0000005odYPIAY",,"001B000001KAzvFIAT","Advent Engineering"
,,"005B0000005odYPIAY",,"001B000001KAzvGIAT","Advent Health Partners"
,,"005B0000005odYPIAY",,"001B000001KAzvHIAT","Advent Solar"
,,"005B0000005odYPIAY",,"001B000001KAzvIIAT","Advent Therapeutics"
,,"005B0000005odYPIAY",,"001B000001KAzvJIAT","AdventEnna"
,,"005B0000005odYPIAY",,"001B000001KAzvKIAT","Adventi"
,,"005B0000005odYPIAY",,"001B000001KAzvLIAT","Adventoris"
,,"005B0000005odYPIAY",,"001B000001KAzvMIAT","ADVENTRX Pharmaceuticals"
,,"005B0000005odYPIAY",,"001B000001KAzp8IAD","Activiomics"
,,"005B0000005odYPIAY",,"001B000001KAzp9IAD","Activism.com"
,,"005B0000005odYPIAY",,"001B000001KAzpAIAT","Activity Rocket"
,,"005B0000005odYPIAY",,"001B000001KAzpBIAT","ActivityHero"
,,"005B0000005odYPIAY",,"001B000001KAzpCIAT","ActivNetworks"
,,"005B0000005odYPIAY",,"001B000001KAzpDIAT","Actiwave"
,,"005B0000005odYPIAY",,"001B000001KAzpEIAT","Actix"
,,"005B0000005odYPIAY",,"001B000001KAzpFIAT","ACTON"
,,"005B0000005odYPIAY",,"001B000001KAzpGIAT","Acton Pharmaceuticals"
,,"005B0000005odYPIAY",,"001B000001KAzpHIAT","ActSocial"
,,"005B0000005odYPIAY",,"001B000001KAzpIIAT","Actual Experience"
,,"005B0000005odYPIAY",,"001B000001KAzpJIAT","ActualMeds"
,,"005B0000005odYPIAY",,"001B000001KAzpKIAT","ActualSun"
,,"005B0000005odYPIAY",,"001B000001KAzpLIAT","ActuatedMedical"
,,"005B0000005odYPIAY",,"001B000001KAzpMIAT","Acturis"
,,"005B0000005odYPIAY",,"001B000001KAzpNIAT","Actus Digital"
,,"005B0000005odYPIAY",,"001B000001KAzpOIAT","Actus Interactive Software"
,,"005B0000005odYPIAY",,"001B000001KAzpPIAT","ACTV8"
,,"005B0000005odYPIAY",,"001B000001KAzpQIAT","ACTV8me"
,,"005B0000005odYPIAY",,"001B000001KAzpRIAT","ActX"
,,"005B0000005odYPIAY",,"001B000001KAzpSIAT","Acucar Guarani"
,,"005B0000005odYPIAY",,"001B000001KAzpTIAT","Acucela"
,,"005B0000005odYPIAY",,"001B000001KAzpUIAT","AcuFocus"
,,"005B0000005odYPIAY",,"001B000001KAzpVIAT","Acuitas Medical"
,,"005B0000005odYPIAY",,"001B000001KAzpWIAT","Acuity Medical International"
,,"005B0000005odYPIAY",,"001B000001KAzpXIAT","Acuity Systems"
,,"005B0000005odYPIAY",,"001B000001KAzvNIAT","AdventureDrop"
,,"005B0000005odYPIAY",,"001B000001KAzvOIAT","AdventureLink Travel Inc."
,,"005B0000005odYPIAY",,"001B000001KAzvPIAT","AdverCar"
,,"005B0000005odYPIAY",,"001B000001KAzvQIAT","AdverseEvents"
,,"005B0000005odYPIAY",,"001B000001KAzvRIAT","Advestigo"
,,"005B0000005odYPIAY",,"001B000001KAzvSIAT","Advice Company"
,,"005B0000005odYPIAY",,"001B000001KAzvTIAT","Advice Wallet"
,,"005B0000005odYPIAY",,"001B000001KAzvUIAT","AdviceIQ"
,,"005B0000005odYPIAY",,"001B000001KAzvVIAT","Adviceme Cosmetics"
,,"005B0000005odYPIAY",,"001B000001KAzvWIAT","AdviceScene Enterprises"
,,"005B0000005odYPIAY",,"001B000001KAzvXIAT","Adviesmanager.nl"
,,"005B0000005odYPIAY",,"001B000001KAzvYIAT","Advion Inc."
,,"005B0000005odYPIAY",,"001B000001KAzvZIAT","Adviously Inc."
,,"005B0000005odYPIAY",,"001B000001KAzvaIAD","Adviqo"
,,"005B0000005odYPIAY",,"001B000001KAzvbIAD","Advise Only"
,,"005B0000005odYPIAY",,"001B000001KAzvcIAD","AdviseHub"
,,"005B0000005odYPIAY",,"001B000001KAzvdIAD","Advision Media"
,,"005B0000005odYPIAY",,"001B000001KAzveIAD","Advisity"
,,"005B0000005odYPIAY",,"001B000001KAzvfIAD","Advisor Client Match"
,,"005B0000005odYPIAY",,"001B000001KAzvgIAD","advisorCONNECT"
,,"005B0000005odYPIAY",,"001B000001KAzvhIAD","Advitech"
,,"005B0000005odYPIAY",,"001B000001KAzviIAD","ADVIZE"
,,"005B0000005odYPIAY",,"001B000001KAzvjIAD","Advizzer"
,,"005B0000005odYPIAY",,"001B000001KAzvkIAD","Advocate Health Care"
,,"005B0000005odYPIAY",,"001B000001KAzvlIAD","AdVolume"
,,"005B0000005odYPIAY",,"001B000001KAzvmIAD","Adwanted"
,,"005B0000005odYPIAY",,"001B000001KAzpYIAT","AcuityAds"
,,"005B0000005odYPIAY",,"001B000001KAzpZIAT","Acumatica"
,,"005B0000005odYPIAY",,"001B000001KAzpaIAD","Acumen"
,,"005B0000005odYPIAY",,"001B000001KAzpbIAD","Acumen Holdings"
,,"005B0000005odYPIAY",,"001B000001KAzpcIAD","Acumen Pharmaceuticals"
,,"005B0000005odYPIAY",,"001B000001KAzpdIAD","Acumentrics"
,,"005B0000005odYPIAY",,"001B000001KAzpeIAD","Acunote"
,,"005B0000005odYPIAY",,"001B000001KAzpfIAD","Acunu"
,,"005B0000005odYPIAY",,"001B000001KAzpgIAD","Acupera"
,,"005B0000005odYPIAY",,"001B000001KAzphIAD","Acura Pharmaceuticals"
,,"005B0000005odYPIAY",,"001B000001KAzpiIAD","Acusphere"
,,"005B0000005odYPIAY",,"001B000001KAzpjIAD","Acustom Apparel"
,,"005B0000005odYPIAY",,"001B000001KAzpkIAD","Acustream"
,,"005B0000005odYPIAY",,"001B000001KAzplIAD","Acutus Medical"
,,"005B0000005odYPIAY",,"001B000001KAzpmIAD","Acylin Therapeutics"
,,"005B0000005odYPIAY",,"001B000001KAzpnIAD","Ad Dynamo"
,,"005B0000005odYPIAY",,"001B000001KAzpoIAD","Ad Hoc Labs"
,,"005B0000005odYPIAY",,"001B000001KAzppIAD","Ad Infuse"
,,"005B0000005odYPIAY",,"001B000001KAzpqIAD","Ad Knights"
,,"005B0000005odYPIAY",,"001B000001KAzprIAD","Ad Summos"
,,"005B0000005odYPIAY",,"001B000001KAzpsIAD","Ad Tech Media Sales"
,,"005B0000005odYPIAY",,"001B000001KAzptIAD","Ad Venture"
,,"005B0000005odYPIAY",,"001B000001KAzpuIAD","Ad.IQ"
,,"005B0000005odYPIAY",,"001B000001KAzpvIAD","AdAdapted"
,,"005B0000005odYPIAY",,"001B000001KAzpwIAD","adaffix"
,,"005B0000005odYPIAY",,"001B000001KAzpxIAD","Adagio Medical"
,,"005B0000005odYPIAY",,"001B000001KAzvnIAD","Adways Inc."
,,"005B0000005odYPIAY",,"001B000001KAzvoIAD","AdWhirl"
,,"005B0000005odYPIAY",,"001B000001KAzvpIAD","Adwings"
,,"005B0000005odYPIAY",,"001B000001KAzvqIAD","AdWired"
,,"005B0000005odYPIAY",,"001B000001KAzvrIAD","Adwo Media Holdings"
,,"005B0000005odYPIAY",,"001B000001KAzvsIAD","Adworx"
,,"005B0000005odYPIAY",,"001B000001KAzvtIAD","AdXpose"
,,"005B0000005odYPIAY",,"001B000001KAzvuIAD","AdYapper"
,,"005B0000005odYPIAY",,"001B000001KAzvvIAD","Adyen"
,,"005B0000005odYPIAY",,"001B000001KAzvwIAD","Adylitica"
,,"005B0000005odYPIAY",,"001B000001KAzvxIAD","Adynxx"
,,"005B0000005odYPIAY",,"001B000001KAzvyIAD","Adyoulike"
,,"005B0000005odYPIAY",,"001B000001KAzvzIAD","AdYouNet"
,,"005B0000005odYPIAY",,"001B000001KAzw0IAD","Adype"
,,"005B0000005odYPIAY",,"001B000001KAzw1IAD","Adyuka"
,,"005B0000005odYPIAY",,"001B000001KAzw2IAD","AdzCentral"
,,"005B0000005odYPIAY",,"001B000001KAzw3IAD","Adzerk"
,,"005B0000005odYPIAY",,"001B000001KAzw4IAD","Adzilla"
,,"005B0000005odYPIAY",,"001B000001KAzw5IAD","Adzuna"
,,"005B0000005odYPIAY",,"001B000001KAzw6IAD","AEA Technology"
,,"005B0000005odYPIAY",,"001B000001KAzw7IAD","AEGEA Medical"
,,"005B0000005odYPIAY",,"001B000001KAzw8IAD","Aegerion Pharmaceuticals"
,,"005B0000005odYPIAY",,"001B000001KAzw9IAD","Aegis"
,,"005B0000005odYPIAY",,"001B000001KAzwAIAT","Aegis Analytical Corp."
,,"005B0000005odYPIAY",,"001B000001KAzwBIAT","Aegis Identity Software"
,,"005B0000005odYPIAY",,"001B000001KAzwCIAT","Aegis Lightwave"
,,"005B0000005odYPIAY",,"001B000001KAzpyIAD","Adallom"
,,"005B0000005odYPIAY",,"001B000001KAzpzIAD","AdAlta"
,,"005B0000005odYPIAY",,"001B000001KAzq0IAD","Adama Innovations"
,,"005B0000005odYPIAY",,"001B000001KAzq1IAD","Adama Materials"
,,"005B0000005odYPIAY",,"001B000001KAzq2IAD","Adamas Pharmaceuticals"
,,"005B0000005odYPIAY",,"001B000001KAzq3IAD","Adamis Pharmaceuticals"
,,"005B0000005odYPIAY",,"001B000001KAzq4IAD","Adams Arms"
,,"005B0000005odYPIAY",,"001B000001KAzq5IAD","Adan"
,,"005B0000005odYPIAY",,"001B000001KAzq6IAD","Adap.tv"
,,"005B0000005odYPIAY",,"001B000001KAzq7IAD","Adapt"
,,"005B0000005odYPIAY",,"001B000001KAzq8IAD","Adapt Technologies"
,,"005B0000005odYPIAY",,"001B000001KAzq9IAD","Adapta Medical"
,,"005B0000005odYPIAY",,"001B000001KAzqAIAT","Adapteva"
,,"005B0000005odYPIAY",,"001B000001KAzqBIAT","Adaptics"
,,"005B0000005odYPIAY",,"001B000001KAzqCIAT","Adaptimmune"
,,"005B0000005odYPIAY",,"001B000001KAzqDIAT","Adaptis Solutions"
,,"005B0000005odYPIAY",,"001B000001KAzqEIAT","Adaptive Advertising"
,,"005B0000005odYPIAY",,"001B000001KAzqFIAT","Adaptive Biotechnologies"
,,"005B0000005odYPIAY",,"001B000001KAzqGIAT","Adaptive Computing"
,,"005B0000005odYPIAY",,"001B000001KAzqHIAT","Adaptive Digital Power"
,,"005B0000005odYPIAY",,"001B000001KAzqIIAT","Adaptive Medias"
,,"005B0000005odYPIAY",,"001B000001KAzqJIAT","Adaptive Ozone Solutions"
,,"005B0000005odYPIAY",,"001B000001KAzqKIAT","Adaptive Payments"
,,"005B0000005odYPIAY",,"001B000001KAzqLIAT","Adaptive Planning"
,,"005B0000005odYPIAY",,"001B000001KAzqMIAT","Adaptive Symbiotic Technologies"
,,"005B0000005odYPIAY",,"001B000001KAzqNIAT","Adaptive TCR"
,,"005B0000005odYPIAY",,"001B000001KAzwDIAT","Aegis Mobility"
,,"005B0000005odYPIAY",,"001B000001KAzwEIAT","Aegis Petroleum Technology"
,,"005B0000005odYPIAY",,"001B000001KAzwFIAT","Aeglea BioTherapeutics"
,,"005B0000005odYPIAY",,"001B000001KAzwGIAT","Aehr Test Systems"
,,"005B0000005odYPIAY",,"001B000001KAzwHIAT","Aeluros"
,,"005B0000005odYPIAY",,"001B000001KAzwIIAT","Aentropico"
,,"005B0000005odYPIAY",,"001B000001KAzwJIAT","AEOLUS PHARMACEUTICALS"
,,"005B0000005odYPIAY",,"001B000001KAzwKIAT","Aeonmed Medical Treatment"
,,"005B0000005odYPIAY",,"001B000001KAzwLIAT","Aepona"
,,"005B0000005odYPIAY",,"001B000001KAzwMIAT","Aequus Technologies"
,,"005B0000005odYPIAY",,"001B000001KAzwNIAT","Aereo"
,,"005B0000005odYPIAY",,"001B000001KAzwOIAT","Aeria Games & Entertainment"
,,"005B0000005odYPIAY",,"001B000001KAzwPIAT","Aerial BioPharma"
,,"005B0000005odYPIAY",,"001B000001KAzwQIAT","Aerie Pharmaceuticals"
,,"005B0000005odYPIAY",,"001B000001KAzwRIAT","Aerify Media"
,,"005B0000005odYPIAY",,"001B000001KAzwSIAT","Aerin Medical"
,,"005B0000005odYPIAY",,"001B000001KAzwTIAT","Aeris Communications"
,,"005B0000005odYPIAY",,"001B000001KAzwUIAT","Aero Farm Systems"
,,"005B0000005odYPIAY",,"001B000001KAzwVIAT","Aero Glass"
,,"005B0000005odYPIAY",,"001B000001KAzwWIAT","Aerob"
,,"005B0000005odYPIAY",,"001B000001KAzwXIAT","AeroDron"
,,"005B0000005odYPIAY",,"001B000001KAzwYIAT","AeroDynEnergy"
,,"005B0000005odYPIAY",,"001B000001KAzwZIAT","AeroFarms"
,,"005B0000005odYPIAY",,"001B000001KAzwaIAD","AeroFS"
,,"005B0000005odYPIAY",,"001B000001KAzwbIAD","AeroGrow International"
,,"005B0000005odYPIAY",,"001B000001KAzwcIAD","Aerohive Networks"
,,"005B0000006OkpIIAS",,"001B000001KBHrhIAH","Trailhead Test Alekhya"
,,"005B0000006ctpiIAA",,"001B000001KBHzgIAH","Trailhead Test Alekhya"
,,"005B0000006ctpsIAA",,"001B000001KBHzlIAH","Trailhead Test"
,,"005B0000006OkpIIAS",,"001B000001KNqU6IAL","TEST Sandeep"