"LEADSOURCE","OWNERUNIQUEUSERNAME","OWNERID","REFERRERTYPE","OWNERSTATE","PRODUCTINTEREST","DAYSSINCEACTIVITYGROUP","PHONE","FIRSTNAME","LASTMODIFIEDDATE","REFERRER","EMAIL","ISCONVERTED","STARTSTATE","CONVERTEDDATE","CREATEDDATE","OWNERCITY","STATUS","LASTNAME","OWNERROLENAME","OWNERSMALLPHOTOURL","ID","CONVERTEDOPPCLOSEDATE","OPENPROCESSEDSTATUS","ANALYTICSDEMO_BATCH_ID_C","LastProcessedDate","TOUCHESTOCONVERT","REFERREDBYCONTACT","OWNERNAME","EXPRESSEDINTEREST","NAME","ISREFERRAL","VALUEBUCKET","AGEGROUP","LASTACTIVITYDATE","RATING","RECORDTYPEDEVELOPERNAME","REFERREDBYUSER","OWNEREMAIL","LEADAGE","ACTIVITYTOUCHES","POTENTIALVALUE","DAYSSINCELASTACTIVITY","ANNUALREVENUE","ACTIVITYTOUCHESTOCONVERT"
"Conference","Chelsea Advisor","0051U000005L4E9QAK","External","CA","Real-Estate","4. 60-120 days","1-(873)275-9413","John","2019-06-03","Ajay Moore","JohnSteele(Sample)@example.com","false","Received",,"2019-05-26","San Francisco","Nurturing - Contacted","Steele (Sample)","Manager","https://cumulus-ea4fins--c.documentforce.com/profilephoto/7291U000000UE1Q/T","W_Lead.1",,"Open","20190909101048549094","2019-09-09","5","Ajay Moore","Brenda Banker","Checking Account","John Steele (Sample)","True","3. 250K - 500K","4. 60-120 days","2019-06-03","Hot","Person Referral",,"sunil.dixit@example.com",106,5,387932,99,811088,5
"Conference","Brenda Banker","0051U000005L4E9QAK","Internal","CA","Retirement","1. < 15 days","1-(259)615-0819","Sarah","2019-09-06","Mark Garet","SarahLoehr(Sample)@example.com","false","Received",,"2019-08-31","San Francisco","Working - Contacted","Loehr (Sample)","Manager","https://cumulus-ea4fins--c.documentforce.com/profilephoto/7291U000000UE1Q/T","W_Lead.2",,"Open","20190909101048549094","2019-09-09","6",,"Brenda Banker","Savings Account","Sarah Loehr (Sample)","True","3. 250K - 500K","1. < 15 days","2019-09-06","Warm","Person Referral","Mark Garet","sunil.dixit@example.com",9,6,456804,4,427914,6
"Other","Allen Advisor","0051U000005KhW6QAK","External","NY","Investments","1. < 15 days","1-(718)928-2982","David","2019-09-05","Austin Harvey","DavidAdelson(Sample)@example.com","true","Received","2019-09-05","2019-08-19","New York","Converted","Adelson (Sample)","Manager","https://cumulus-ea4fins--c.documentforce.com/profilephoto/7291U000000UE1V/T","W_Lead.3","2019-10-06","Processed","20190909101048549094","2019-09-09","3","Austin Harvey","Mark Garet","Savings Account","David Adelson (Sample)","True","4. More than 500K","2. 15-30 days","2019-09-05","Hot","Retirement Planning",,"mark.garet@example.com",21,3,526357,5,706404,3
"Other","Chelsea Advisor","0051U000005L6eJQAS","External","FL","Investments","1. < 15 days","1-(440)448-9392","Manisha","2019-08-26","Benjamin Michael","ManishaJha(Sample)@example.com","false","Received",,"2019-08-26","Florida","Working - Contacted","Jha (Sample)","Manager","https://cumulus-ea4fins--c.documentforce.com/profilephoto/7291U000000UD7k/T","W_Lead.4",,"Open","20190909101048549094","2019-09-09","3","Benjamin Michael","Chelsea Advisor","Property Purchase","Manisha Jha (Sample)","True","4. More than 500K","1. < 15 days","2019-08-26","Hot","General",,"ryan.dobson@example.com",14,3,712914,15,584031,3
"Customer Referral","Chelsea Advisor","0051U000005L4E9QAK","External","CA","Investments","1. < 15 days","1-(156)966-4454","Rachel","2019-09-06","Ajay Moore","RachelAdams(Sample)@example.com","false","Received",,"2019-08-31","San Francisco","New","Adams (Sample)","Manager","https://cumulus-ea4fins--c.documentforce.com/profilephoto/7291U000000UE1Q/T","W_Lead.5",,"Open","20190909101048549094","2019-09-09","6","Ajay Moore","Brenda Banker","Checking Account","Rachel Adams (Sample)","True","3. 250K - 500K","1. < 15 days","2019-09-06","Hot","General",,"sunil.dixit@example.com",9,6,393543,4,711953,6
"Other","Allen Advisor","0051U000005JQyrQAG","Internal","IL","Investments","1. < 15 days","1-(773)929-3685","Jimmy","2019-08-28","Chelsea Advisor","JimmyChan@example.com","false","Received",,"2019-08-16","Chicago","Working - Contacted","Chan","Manager","https://cumulus-ea4fins--c.documentforce.com/profilephoto/7291U000000UAau/T","W_Lead.6",,"Open","20190909101048549094","2019-09-09","5",,"Allen Advisor","Day to Day Banking","Jimmy Chan","True","3. 250K - 500K","2. 15-30 days","2019-08-28","Hot","General","Chelsea Advisor","allen.advisor@example.com",24,5,309161,13,822193,5
"Customer Referral","Allen Advisor","0051U000005KhW6QAK","Internal","NY","Investments","1. < 15 days","1-(693)038-4390","Andy","2019-08-26","Brenda Banker","AndySmith(Sample)@example.com","false","Received",,"2019-08-15","New York","Working - Contacted","Smith (Sample)","Manager","https://cumulus-ea4fins--c.documentforce.com/profilephoto/7291U000000UE1V/T","W_Lead.7",,"Open","20190909101048549094","2019-09-09","3",,"Mark Garet","Education","Andy Smith (Sample)","True","4. More than 500K","2. 15-30 days","2019-08-26","Warm","Retirement Planning","Brenda Banker","mark.garet@example.com",25,3,596205,15,258122,3
"Conference","Allen Advisor","0051U000005L4E9QAK","External","CA","Investments","2. 15-30 days","1-(183)506-6294","Neil","2019-08-24","Beatrice Spears","NeilSymonds@example.com","false","Received",,"2019-08-22","San Francisco","Closed - Not Converted","Symonds","Manager","https://cumulus-ea4fins--c.documentforce.com/profilephoto/7291U000000UE1Q/T","W_Lead.8",,"Processed","20190909101048549094","2019-09-09","5","Beatrice Spears","Brenda Banker","Checking Account","Neil Symonds","True","3. 250K - 500K","2. 15-30 days","2019-08-24","Hot","Retirement Planning",,"sunil.dixit@example.com",18,5,495052,17,557900,5
"Customer Referral","Mark Garet","0051U000005KhW6QAK","Internal","NY","Retirement","1. < 15 days","1-(647)820-5131","Abraham","2019-09-04","Brenda Banker","AbrahamJohnson@example.com","false","Received",,"2019-08-26","New York","Unqualified","Johnson","Manager","https://cumulus-ea4fins--c.documentforce.com/profilephoto/7291U000000UE1V/T","W_Lead.9",,"Open","20190909101048549094","2019-09-09","6",,"Mark Garet","Day to Day Banking","Abraham Johnson","True","3. 250K - 500K","1. < 15 days","2019-09-04","Hot","Retirement Planning","Brenda Banker","mark.garet@example.com",14,6,456384,6,458449,6
"Customer Referral","Mark Garet","0051U000005JQyrQAG","External","IL","Retirement","2. 15-30 days","1-(577)370-5821","Jeremy","2019-08-17","Beatrice Spears","JeremyWillis@example.com","false","Received",,"2019-08-14","Chicago","Closed - Not Converted","Willis","Manager","https://cumulus-ea4fins--c.documentforce.com/profilephoto/7291U000000UAau/T","W_Lead.10",,"Processed","20190909101048549094","2019-09-09","6","Beatrice Spears","Allen Advisor","Property Purchase","Jeremy Willis","True","4. More than 500K","2. 15-30 days","2019-08-17","Warm","Retirement Planning",,"allen.advisor@example.com",26,6,538574,24,927861,6
"Webinars","Mark Garet","0051U000005JQyrQAG","Internal","IL","Retirement","2. 15-30 days","1-(673)013-4495","Charles","2019-08-25","Mark Garet","CharlesTorres@example.com","false","Received",,"2019-08-23","Chicago","Nurturing - Contacted","Torres","Manager","https://cumulus-ea4fins--c.documentforce.com/profilephoto/7291U000000UAau/T","W_Lead.11",,"Open","20190909101048549094","2019-09-09","4",,"Allen Advisor","Property Purchase","Charles Torres","True","4. More than 500K","2. 15-30 days","2019-08-25","Cool","Retirement Planning","Mark Garet","allen.advisor@example.com",17,4,718804,16,85436,4
"Webinars","Chelsea Advisor","0051U000005JQyrQAG","Internal","IL","Investments","1. < 15 days","1-(322)684-6156","Jennifer","2019-09-03","Mark Garet","JenniferWilson@example.com","false","Received",,"2019-08-24","Chicago","Nurturing - Contacted","Wilson","Manager","https://cumulus-ea4fins--c.documentforce.com/profilephoto/7291U000000UAau/T","W_Lead.12",,"Open","20190909101048549094","2019-09-09","5",,"Allen Advisor","Manage Debt","Jennifer Wilson","True","3. 250K - 500K","2. 15-30 days","2019-09-03","Warm","Person Referral","Mark Garet","allen.advisor@example.com",16,5,429561,7,347535,5
"Webinars","Mark Garet","0051U000005JQyrQAG","External","IL","Investments","1. < 15 days","1-(179)425-4338","Michael","2019-09-07","Ajay Moore","MichaelBright@example.com","false","Received",,"2019-06-04","Chicago","Closed - Not Converted","Bright","Manager","https://cumulus-ea4fins--c.documentforce.com/profilephoto/7291U000000UAau/T","W_Lead.13",,"Processed","20190909101048549094","2019-09-09","6","Ajay Moore","Allen Advisor","Day to Day Banking","Michael Bright","True","3. 250K - 500K","4. 60-120 days","2019-09-07","Cool","Person Referral",,"allen.advisor@example.com",97,6,416305,3,488901,6
"Employee Referral","Mark Garet","0051U000005KhW6QAK","Internal","NY","Real-Estate","1. < 15 days","1-(410)097-4450","Julie","2019-09-09","Brenda Banker","JulieLopez@example.com","false","Received",,"2019-09-09","New York","Nurturing - Contacted","Lopez","Manager","https://cumulus-ea4fins--c.documentforce.com/profilephoto/7291U000000UE1V/T","W_Lead.14",,"Open","20190909101048549094","2019-09-09","7",,"Mark Garet","Manage Debt","Julie Lopez","True","4. More than 500K","1. < 15 days","2019-09-09","Warm","Retirement Planning","Brenda Banker","mark.garet@example.com",0,7,667426,1,214752,7
"Webinars","Mark Garet","0051U000005L6eJQAS","External","FL","Retirement","2. 15-30 days","1-(440)644-0655","Daniel","2019-08-20","Austin Harvey","DanielPearson@example.com","false","Received",,"2019-08-19","Florida","Working - Contacted","Pearson","Manager","https://cumulus-ea4fins--c.documentforce.com/profilephoto/7291U000000UD7k/T","W_Lead.15",,"Open","20190909101048549094","2019-09-09","8","Austin Harvey","Chelsea Advisor","Property Purchase","Daniel Pearson","True","1. < 100K","2. 15-30 days","2019-08-20","Cool","General",,"ryan.dobson@example.com",21,8,67398,21,139356,8
"Other","Allen Advisor","0051U000005JQyrQAG","Internal","IL","Investments","1. < 15 days","1-(190)390-1821","Lori","2019-08-28","Brenda Banker","LoriBeard@example.com","true","Received","2019-09-04","2019-08-25","Chicago","Converted","Beard","Manager","https://cumulus-ea4fins--c.documentforce.com/profilephoto/7291U000000UAau/T","W_Lead.16","2019-11-02","Processed","20190909101048549094","2019-09-09","4",,"Allen Advisor","Savings Account","Lori Beard","True","3. 250K - 500K","2. 15-30 days","2019-08-28","Cool","Person Referral","Brenda Banker","allen.advisor@example.com",15,5,467443,13,132767,4
"Employee Referral","Mark Garet","0051U000005L4E9QAK","Internal","CA","Investments","1. < 15 days","1-(019)106-7247","Hannah","2019-08-28","Mark Garet","HannahSmith@example.com","false","Received",,"2019-08-21","San Francisco","Working - Contacted","Smith","Manager","https://cumulus-ea4fins--c.documentforce.com/profilephoto/7291U000000UE1Q/T","W_Lead.17",,"Open","20190909101048549094","2019-09-09","6",,"Brenda Banker","Checking Account","Hannah Smith","True","3. 250K - 500K","2. 15-30 days","2019-08-28","Hot","General","Mark Garet","sunil.dixit@example.com",19,6,428651,13,975071,6
"Webinars","Allen Advisor","0051U000005L4E9QAK","Internal","CA","Retirement","1. < 15 days","1-(911)648-0403","Brandon","2019-09-01","Brenda Banker","BrandonBenton@example.com","false","Received",,"2019-08-17","San Francisco","Closed - Not Converted","Benton","Manager","https://cumulus-ea4fins--c.documentforce.com/profilephoto/7291U000000UE1Q/T","W_Lead.18",,"Processed","20190909101048549094","2019-09-09","7",,"Brenda Banker","Manage Money","Brandon Benton","True","3. 250K - 500K","2. 15-30 days","2019-09-01","Cool","Person Referral","Brenda Banker","sunil.dixit@example.com",23,7,450593,9,551588,7
"Webinars","Mark Garet","0051U000005KhW6QAK","External","NY","Retirement","1. < 15 days","1-(790)358-7110","Lindsay","2019-09-06","Austin Harvey","LindsayNorton@example.com","false","Received",,"2019-08-21","New York","Nurturing - Contacted","Norton","Manager","https://cumulus-ea4fins--c.documentforce.com/profilephoto/7291U000000UE1V/T","W_Lead.19",,"Open","20190909101048549094","2019-09-09","3","Austin Harvey","Mark Garet","Day to Day Banking","Lindsay Norton","True","3. 250K - 500K","2. 15-30 days","2019-09-06","Warm","Retirement Planning",,"mark.garet@example.com",19,3,416711,4,660595,3
"Employee Referral","Chelsea Advisor","0051U000005L4E9QAK","Internal","CA","Investments","1. < 15 days","1-(361)959-1286","Julie","2019-09-06","Brenda Banker","JulieYoung@example.com","false","Received",,"2019-08-31","San Francisco","Working - Contacted","Young","Manager","https://cumulus-ea4fins--c.documentforce.com/profilephoto/7291U000000UE1Q/T","W_Lead.20",,"Open","20190909101048549094","2019-09-09","6",,"Brenda Banker","Checking Account","Julie Young","True","1. < 100K","1. < 15 days","2019-09-06","Hot","General","Brenda Banker","sunil.dixit@example.com",9,6,65605,4,153951,6
"Webinars","Mark Garet","0051U000005L6eJQAS","Internal","FL","Retirement","2. 15-30 days","1-(751)473-4315","Scott","2019-08-14","Chelsea Advisor","ScottWatson@example.com","false","Received",,"2019-06-30","Florida","Closed - Not Converted","Watson","Manager","https://cumulus-ea4fins--c.documentforce.com/profilephoto/7291U000000UD7k/T","W_Lead.21",,"Processed","20190909101048549094","2019-09-09","5",,"Chelsea Advisor","Manage Money","Scott Watson","True","3. 250K - 500K","4. 60-120 days","2019-08-14","Cool","Person Referral","Chelsea Advisor","ryan.dobson@example.com",71,5,494635,27,891607,5
"Employee Referral","Allen Advisor","0051U000005JQyrQAG","Internal","IL","Estate Planning","1. < 15 days","1-(763)270-0098","Richard","2019-09-07","Allen Advisor","RichardMcdaniel@example.com","false","Received",,"2019-08-27","Chicago","Working - Contacted","Mcdaniel","Manager","https://cumulus-ea4fins--c.documentforce.com/profilephoto/7291U000000UAau/T","W_Lead.22",,"Open","20190909101048549094","2019-09-09","6",,"Allen Advisor","Manage Debt","Richard Mcdaniel","True","3. 250K - 500K","1. < 15 days","2019-09-07","Hot","Person Referral","Allen Advisor","allen.advisor@example.com",13,6,320129,3,416688,6
"Employee Referral","Mark Garet","0051U000005L6eJQAS","Internal","FL","Investments","1. < 15 days","1-(522)362-6341","Ashley","2019-09-06","Allen Advisor","AshleyWare@example.com","false","Received",,"2019-08-22","Florida","Closed - Not Converted","Ware","Manager","https://cumulus-ea4fins--c.documentforce.com/profilephoto/7291U000000UD7k/T","W_Lead.23",,"Processed","20190909101048549094","2019-09-09","5",,"Chelsea Advisor","Savings Account","Ashley Ware","True","3. 250K - 500K","2. 15-30 days","2019-09-06","Hot","Retirement Planning","Allen Advisor","ryan.dobson@example.com",18,5,428490,4,524300,5
"Webinars","Mark Garet","0051U000005KhW6QAK","External","NY","Retirement","1. < 15 days","1-(775)909-0743","Jeremy","2019-08-28","Benjamin Michael","JeremyVega@example.com","false","Received",,"2019-08-24","New York","Nurturing - Contacted","Vega","Manager","https://cumulus-ea4fins--c.documentforce.com/profilephoto/7291U000000UE1V/T","W_Lead.24",,"Open","20190909101048549094","2019-09-09","9","Benjamin Michael","Mark Garet","Checking Account","Jeremy Vega","True","2. 100K - 250K","2. 15-30 days","2019-08-28","Cool","Person Referral",,"mark.garet@example.com",16,9,210337,13,507780,9
"Other","Allen Advisor","0051U000005L4E9QAK","Internal","CA","Investments","3. 30-60 days","1-(986)889-8095","Brandy","2019-07-31","Allen Advisor","BrandyMartinez@example.com","true","Received","2019-07-31","2019-07-17","San Francisco","Converted","Martinez","Manager","https://cumulus-ea4fins--c.documentforce.com/profilephoto/7291U000000UE1Q/T","W_Lead.25","2019-08-31","Processed","20190909101048549094","2019-09-09","3",,"Brenda Banker","Manage Money","Brandy Martinez","True","3. 250K - 500K","3. 30-60 days","2019-07-31","Warm","General","Allen Advisor","sunil.dixit@example.com",54,5,364944,41,585402,3
"Conference","Chelsea Advisor","0051U000005KhW6QAK","External","NY","Investments","2. 15-30 days","1-(714)119-8808","David","2019-08-24","Austin Harvey","DavidJones@example.com","false","Received",,"2019-08-16","New York","Nurturing - Contacted","Jones","Manager","https://cumulus-ea4fins--c.documentforce.com/profilephoto/7291U000000UE1V/T","W_Lead.26",,"Open","20190909101048549094","2019-09-09","5","Austin Harvey","Mark Garet","Manage Debt","David Jones","True","3. 250K - 500K","2. 15-30 days","2019-08-24","Warm","Retirement Planning",,"mark.garet@example.com",24,5,446925,17,759367,5
"Webinars","Allen Advisor","0051U000005L6eJQAS","Internal","FL","Estate Planning","2. 15-30 days","1-(066)333-3301","Marcia","2019-08-24","Chelsea Advisor","MarciaJimenez@example.com","false","Received",,"2019-08-22","Florida","Nurturing - Contacted","Jimenez","Manager","https://cumulus-ea4fins--c.documentforce.com/profilephoto/7291U000000UD7k/T","W_Lead.27",,"Open","20190909101048549094","2019-09-09","6",,"Chelsea Advisor","Investments","Marcia Jimenez","True","3. 250K - 500K","2. 15-30 days","2019-08-24","Cool","Person Referral","Chelsea Advisor","ryan.dobson@example.com",18,6,367104,17,791167,6
"Webinars","Chelsea Advisor","0051U000005L6eJQAS","External","FL","Investments","2. 15-30 days","1-(822)958-1676","Anthony","2019-08-17","Austin Harvey","AnthonyJohnson@example.com","false","Received",,"2019-08-05","Florida","Nurturing - Contacted","Johnson","Manager","https://cumulus-ea4fins--c.documentforce.com/profilephoto/7291U000000UD7k/T","W_Lead.28",,"Open","20190909101048549094","2019-09-09","3","Austin Harvey","Chelsea Advisor","Property Purchase","Anthony Johnson","True","4. More than 500K","3. 30-60 days","2019-08-17","Cool","Retirement Planning",,"ryan.dobson@example.com",35,3,724114,24,965461,3
"Employee Referral","Allen Advisor","0051U000005L6eJQAS","External","FL","Retirement","1. < 15 days","1-(684)686-7632","Chelsea","2019-09-06","Benjamin Michael","ChelseaPierce@example.com","false","Received",,"2019-09-02","Florida","New","Pierce","Manager","https://cumulus-ea4fins--c.documentforce.com/profilephoto/7291U000000UD7k/T","W_Lead.29",,"Open","20190909101048549094","2019-09-09","4","Benjamin Michael","Chelsea Advisor","Manage Debt","Chelsea Pierce","True","4. More than 500K","1. < 15 days","2019-09-06","Warm","Retirement Planning",,"ryan.dobson@example.com",7,4,715819,4,119282,4
"Employee Referral","Mark Garet","0051U000005KhW6QAK","External","NY","Retirement","1. < 15 days","1-(140)877-1568","John","2019-09-03","Austin Harvey","JohnBrown@example.com","false","Received",,"2019-08-25","New York","Nurturing - Contacted","Brown","Manager","https://cumulus-ea4fins--c.documentforce.com/profilephoto/7291U000000UE1V/T","W_Lead.30",,"Open","20190909101048549094","2019-09-09","4","Austin Harvey","Mark Garet","Manage Debt","John Brown","True","3. 250K - 500K","2. 15-30 days","2019-09-03","Warm","Retirement Planning",,"mark.garet@example.com",15,4,431417,7,496513,4
"Other","Brenda Banker","0051U000005L4E9QAK","External","CA","Investments","4. 60-120 days","1-(988)907-4844","Justin","2019-06-04","Austin Harvey","JustinHall@example.com","true","Received","2019-06-04","2019-06-01","San Francisco","Converted","Hall","Manager","https://cumulus-ea4fins--c.documentforce.com/profilephoto/7291U000000UE1Q/T","W_Lead.31","2019-07-28","Processed","20190909101048549094","2019-09-09","5","Austin Harvey","Brenda Banker","Property Purchase","Justin Hall","True","3. 250K - 500K","4. 60-120 days","2019-06-04","Hot","Person Referral",,"sunil.dixit@example.com",100,8,380953,98,749983,5
"Other","Chelsea Advisor","0051U000005KhW6QAK","Internal","NY","Investments","1. < 15 days","1-(609)365-5713","Lonnie","2019-09-02","Chelsea Advisor","LonnieColeman@example.com","true","Received","2019-09-03","2019-08-24","New York","Converted","Coleman","Manager","https://cumulus-ea4fins--c.documentforce.com/profilephoto/7291U000000UE1V/T","W_Lead.32","2019-10-30","Processed","20190909101048549094","2019-09-09","5",,"Mark Garet","Checking Account","Lonnie Coleman","True","2. 100K - 250K","2. 15-30 days","2019-09-02","Cool","Person Referral","Chelsea Advisor","mark.garet@example.com",16,9,211978,8,976281,5
"Webinars","Brenda Banker","0051U000005JQyrQAG","Internal","IL","Retirement","1. < 15 days","1-(042)346-0807","Tina","2019-09-07","Brenda Banker","TinaSnow@example.com","false","Received",,"2019-08-03","Chicago","Nurturing - Contacted","Snow","Manager","https://cumulus-ea4fins--c.documentforce.com/profilephoto/7291U000000UAau/T","W_Lead.33",,"Open","20190909101048549094","2019-09-09","3",,"Allen Advisor","Manage Debt","Tina Snow","True","2. 100K - 250K","3. 30-60 days","2019-09-07","Hot","General","Brenda Banker","allen.advisor@example.com",37,3,118226,3,115717,3
"Webinars","Chelsea Advisor","0051U000005L6eJQAS","External","FL","Investments","1. < 15 days","1-(594)391-6600","Michael","2019-09-07","Benjamin Michael","MichaelRamirez@example.com","false","Received",,"2019-09-05","Florida","Unqualified","Ramirez","Manager","https://cumulus-ea4fins--c.documentforce.com/profilephoto/7291U000000UD7k/T","W_Lead.34",,"Open","20190909101048549094","2019-09-09","7","Benjamin Michael","Chelsea Advisor","Day to Day Banking","Michael Ramirez","True","2. 100K - 250K","1. < 15 days","2019-09-07","Warm","Retirement Planning",,"ryan.dobson@example.com",4,7,198270,3,868792,7
"Conference","Chelsea Advisor","0051U000005L6eJQAS","External","FL","Retirement","3. 30-60 days","1-(210)685-7510","John","2019-08-11","Ajay Moore","JohnJordan@example.com","false","Received",,"2019-08-11","Florida","Working - Contacted","Jordan","Manager","https://cumulus-ea4fins--c.documentforce.com/profilephoto/7291U000000UD7k/T","W_Lead.35",,"Open","20190909101048549094","2019-09-09","3","Ajay Moore","Chelsea Advisor","Day to Day Banking","John Jordan","True","1. < 100K","2. 15-30 days","2019-08-11","Cool","Person Referral",,"ryan.dobson@example.com",29,3,87344,30,615863,3
"Employee Referral","Allen Advisor","0051U000005L4E9QAK","External","CA","Retirement","1. < 15 days","1-(192)140-8272","Colin","2019-08-29","Ajay Moore","ColinWalsh@example.com","false","Received",,"2019-08-02","San Francisco","Closed - Not Converted","Walsh","Manager","https://cumulus-ea4fins--c.documentforce.com/profilephoto/7291U000000UE1Q/T","W_Lead.36",,"Processed","20190909101048549094","2019-09-09","4","Ajay Moore","Brenda Banker","Education","Colin Walsh","True","2. 100K - 250K","3. 30-60 days","2019-08-29","Warm","Person Referral",,"sunil.dixit@example.com",38,4,114580,12,799938,4
"Webinars","Chelsea Advisor","0051U000005JQyrQAG","External","IL","Real-Estate","1. < 15 days","1-(654)124-4626","Danielle","2019-08-31","Ajay Moore","DanielleKing@example.com","false","Received",,"2019-08-12","Chicago","Nurturing - Contacted","King","Manager","https://cumulus-ea4fins--c.documentforce.com/profilephoto/7291U000000UAau/T","W_Lead.37",,"Open","20190909101048549094","2019-09-09","3","Ajay Moore","Allen Advisor","Investments","Danielle King","True","3. 250K - 500K","2. 15-30 days","2019-08-31","Hot","Person Referral",,"allen.advisor@example.com",28,3,266940,10,490811,3
"Webinars","Mark Garet","0051U000005KhW6QAK","Internal","NY","Retirement","1. < 15 days","1-(988)986-9752","Brandon","2019-09-02","Allen Advisor","BrandonLopez@example.com","false","Received",,"2019-08-08","New York","Nurturing - Contacted","Lopez","Manager","https://cumulus-ea4fins--c.documentforce.com/profilephoto/7291U000000UE1V/T","W_Lead.38",,"Open","20190909101048549094","2019-09-09","6",,"Mark Garet","Manage Money","Brandon Lopez","True","3. 250K - 500K","3. 30-60 days","2019-09-02","Hot","Retirement Planning","Allen Advisor","mark.garet@example.com",32,6,263786,8,655998,6
"Webinars","Brenda Banker","0051U000005KhW6QAK","External","NY","Retirement","2. 15-30 days","1-(173)226-7271","Jeffrey","2019-08-24","Ajay Moore","JeffreyWright@example.com","false","Received",,"2019-08-14","New York","Working - Contacted","Wright","Manager","https://cumulus-ea4fins--c.documentforce.com/profilephoto/7291U000000UE1V/T","W_Lead.39",,"Open","20190909101048549094","2019-09-09","6","Ajay Moore","Mark Garet","Investments","Jeffrey Wright","True","3. 250K - 500K","2. 15-30 days","2019-08-24","Warm","General",,"mark.garet@example.com",26,6,404307,17,235796,6
"Webinars","Brenda Banker","0051U000005JQyrQAG","External","IL","Investments","1. < 15 days","1-(775)078-8434","Jennifer","2019-09-09","Ajay Moore","JenniferBrown@example.com","false","Received",,"2019-09-09","Chicago","Working - Contacted","Brown","Manager","https://cumulus-ea4fins--c.documentforce.com/profilephoto/7291U000000UAau/T","W_Lead.40",,"Open","20190909101048549094","2019-09-09","8","Ajay Moore","Allen Advisor","Savings Account","Jennifer Brown","True","3. 250K - 500K","1. < 15 days","2019-09-09","Cool","General",,"allen.advisor@example.com",0,8,457090,1,353871,8
"Webinars","Allen Advisor","0051U000005L6eJQAS","Internal","FL","Retirement","4. 60-120 days","1-(324)738-0059","Deanna","2019-06-25","Allen Advisor","DeannaHumphrey@example.com","true","Received","2019-08-31","2019-06-14","Florida","Converted","Humphrey","Manager","https://cumulus-ea4fins--c.documentforce.com/profilephoto/7291U000000UD7k/T","W_Lead.41","2019-10-28","Processed","20190909101048549094","2019-09-09","5",,"Chelsea Advisor","Savings Account","Deanna Humphrey","True","2. 100K - 250K","4. 60-120 days","2019-06-25","Cool","Person Referral","Allen Advisor","ryan.dobson@example.com",87,6,227748,77,306757,5
"Webinars","Mark Garet","0051U000005JQyrQAG","External","IL","Investments","3. 30-60 days","1-(205)107-2640","Tyler","2019-07-16","Beatrice Spears","TylerWilliams@example.com","false","Received",,"2019-07-14","Chicago","Working - Contacted","Williams","Manager","https://cumulus-ea4fins--c.documentforce.com/profilephoto/7291U000000UAau/T","W_Lead.42",,"Open","20190909101048549094","2019-09-09","3","Beatrice Spears","Allen Advisor","Manage Money","Tyler Williams","True","3. 250K - 500K","3. 30-60 days","2019-07-16","Cool","Retirement Planning",,"allen.advisor@example.com",57,3,389374,56,717653,3
"Webinars","Brenda Banker","0051U000005JQyrQAG","External","IL","Investments","1. < 15 days","1-(593)586-7382","Colton","2019-08-27","Austin Harvey","ColtonDavis@example.com","false","Received",,"2019-08-19","Chicago","Working - Contacted","Davis","Manager","https://cumulus-ea4fins--c.documentforce.com/profilephoto/7291U000000UAau/T","W_Lead.43",,"Open","20190909101048549094","2019-09-09","8","Austin Harvey","Allen Advisor","Property Purchase","Colton Davis","True","3. 250K - 500K","2. 15-30 days","2019-08-27","Hot","General",,"allen.advisor@example.com",21,8,388079,14,637533,8
"Webinars","Chelsea Advisor","0051U000005L4E9QAK","External","CA","Estate Planning","1. < 15 days","1-(416)688-0904","Nicholas","2019-08-30","Beatrice Spears","NicholasHerman@example.com","false","Received",,"2019-08-24","San Francisco","Nurturing - Contacted","Herman","Manager","https://cumulus-ea4fins--c.documentforce.com/profilephoto/7291U000000UE1Q/T","W_Lead.44",,"Open","20190909101048549094","2019-09-09","4","Beatrice Spears","Brenda Banker","Manage Money","Nicholas Herman","True","2. 100K - 250K","2. 15-30 days","2019-08-30","Cool","Person Referral",,"sunil.dixit@example.com",16,4,106985,11,688078,4
"Webinars","Mark Garet","0051U000005L4E9QAK","Internal","CA","Retirement","1. < 15 days","1-(598)744-0060","Cynthia","2019-09-06","Brenda Banker","CynthiaMartinez@example.com","false","Received",,"2019-09-04","San Francisco","Working - Contacted","Martinez","Manager","https://cumulus-ea4fins--c.documentforce.com/profilephoto/7291U000000UE1Q/T","W_Lead.45",,"Open","20190909101048549094","2019-09-09","6",,"Brenda Banker","Manage Money","Cynthia Martinez","True","1. < 100K","1. < 15 days","2019-09-06","Cool","Retirement Planning","Brenda Banker","sunil.dixit@example.com",5,6,98976,4,539298,6
"Webinars","Chelsea Advisor","0051U000005JQyrQAG","Internal","IL","Retirement","3. 30-60 days","1-(053)174-8528","Jonathon","2019-08-05","Mark Garet","JonathonCruz@example.com","true","Received","2019-08-05","2019-07-23","Chicago","Converted","Cruz","Manager","https://cumulus-ea4fins--c.documentforce.com/profilephoto/7291U000000UAau/T","W_Lead.46","2019-10-01","Processed","20190909101048549094","2019-09-09","4",,"Allen Advisor","Investments","Jonathon Cruz","True","3. 250K - 500K","3. 30-60 days","2019-08-05","Warm","Retirement Planning","Mark Garet","allen.advisor@example.com",48,5,444842,36,369073,4
"Webinars","Allen Advisor","0051U000005L6eJQAS","Internal","FL","Investments","1. < 15 days","1-(988)331-0856","Hannah","2019-09-05","Mark Garet","HannahMiller@example.com","false","Received",,"2019-09-03","Florida","Working - Contacted","Miller","Manager","https://cumulus-ea4fins--c.documentforce.com/profilephoto/7291U000000UD7k/T","W_Lead.47",,"Open","20190909101048549094","2019-09-09","9",,"Chelsea Advisor","Manage Money","Hannah Miller","True","4. More than 500K","1. < 15 days","2019-09-05","Hot","Person Referral","Mark Garet","ryan.dobson@example.com",6,9,571941,5,639230,9
"Conference","Allen Advisor","0051U000005L4E9QAK","External","CA","Retirement","2. 15-30 days","1-(633)701-6479","Monica","2019-08-18","Austin Harvey","MonicaTucker@example.com","false","Received",,"2019-08-05","San Francisco","Closed - Not Converted","Tucker","Manager","https://cumulus-ea4fins--c.documentforce.com/profilephoto/7291U000000UE1Q/T","W_Lead.48",,"Processed","20190909101048549094","2019-09-09","3","Austin Harvey","Brenda Banker","Checking Account","Monica Tucker","True","4. More than 500K","3. 30-60 days","2019-08-18","Cool","Person Referral",,"sunil.dixit@example.com",35,3,517139,23,681328,3
"Webinars","Brenda Banker","0051U000005L6eJQAS","Internal","FL","Real-Estate","1. < 15 days","1-(049)198-4904","Dustin","2019-09-08","Mark Garet","DustinBird@example.com","false","Received",,"2019-09-08","Florida","Working - Contacted","Bird","Manager","https://cumulus-ea4fins--c.documentforce.com/profilephoto/7291U000000UD7k/T","W_Lead.49",,"Open","20190909101048549094","2019-09-09","9",,"Chelsea Advisor","Savings Account","Dustin Bird","True","3. 250K - 500K","1. < 15 days","2019-09-08","Hot","General","Mark Garet","ryan.dobson@example.com",1,9,323423,2,946577,9
"Webinars","Mark Garet","0051U000005KhW6QAK","Internal","NY","Retirement","2. 15-30 days","1-(699)024-3692","Matthew","2019-08-21","Brenda Banker","MatthewColeman@example.com","false","Received",,"2019-08-20","New York","Working - Contacted","Coleman","Manager","https://cumulus-ea4fins--c.documentforce.com/profilephoto/7291U000000UE1V/T","W_Lead.50",,"Open","20190909101048549094","2019-09-09","7",,"Mark Garet","Manage Money","Matthew Coleman","True","1. < 100K","2. 15-30 days","2019-08-21","Cool","Retirement Planning","Brenda Banker","mark.garet@example.com",20,7,77403,20,893840,7
"Employee Referral","Brenda Banker","0051U000005L6eJQAS","External","FL","Retirement","3. 30-60 days","1-(757)841-3766","Cassandra","2019-07-14","Benjamin Michael","CassandraDavis@example.com","true","Received","2019-07-14","2019-05-15","Florida","Converted","Davis","Manager","https://cumulus-ea4fins--c.documentforce.com/profilephoto/7291U000000UD7k/T","W_Lead.51","2019-08-20","Processed","20190909101048549094","2019-09-09","4","Benjamin Michael","Chelsea Advisor","Savings Account","Cassandra Davis","True","3. 250K - 500K","4. 60-120 days","2019-07-14","Warm","Person Referral",,"ryan.dobson@example.com",117,7,474701,58,885891,4
"Employee Referral","Mark Garet","0051U000005L4E9QAK","External","CA","Estate Planning","1. < 15 days","1-(763)568-1766","Todd","2019-09-01","Austin Harvey","ToddJohnson@example.com","false","Received",,"2019-08-23","San Francisco","Closed - Not Converted","Johnson","Manager","https://cumulus-ea4fins--c.documentforce.com/profilephoto/7291U000000UE1Q/T","W_Lead.52",,"Processed","20190909101048549094","2019-09-09","5","Austin Harvey","Brenda Banker","Education","Todd Johnson","True","2. 100K - 250K","2. 15-30 days","2019-09-01","Hot","Retirement Planning",,"sunil.dixit@example.com",17,5,249252,9,456132,5
"Webinars","Brenda Banker","0051U000005KhW6QAK","Internal","NY","Retirement","2. 15-30 days","1-(153)086-8003","Mark","2019-08-23","Brenda Banker","MarkElliott@example.com","false","Received",,"2019-08-19","New York","Working - Contacted","Elliott","Manager","https://cumulus-ea4fins--c.documentforce.com/profilephoto/7291U000000UE1V/T","W_Lead.53",,"Open","20190909101048549094","2019-09-09","4",,"Mark Garet","Savings Account","Mark Elliott","True","2. 100K - 250K","2. 15-30 days","2019-08-23","Warm","General","Brenda Banker","mark.garet@example.com",21,4,228527,18,896158,4
"Webinars","Chelsea Advisor","0051U000005L6eJQAS","Internal","FL","Investments","1. < 15 days","1-(672)229-8830","Olivia","2019-09-09","Mark Garet","OliviaPace@example.com","false","Received",,"2019-09-09","Florida","New","Pace","Manager","https://cumulus-ea4fins--c.documentforce.com/profilephoto/7291U000000UD7k/T","W_Lead.54",,"Open","20190909101048549094","2019-09-09","3",,"Chelsea Advisor","Savings Account","Olivia Pace","True","1. < 100K","1. < 15 days","2019-09-09","Hot","Person Referral","Mark Garet","ryan.dobson@example.com",0,3,63583,1,57959,3
"Webinars","Brenda Banker","0051U000005KhW6QAK","Internal","NY","Retirement","3. 30-60 days","1-(683)307-6728","David","2019-08-04","Mark Garet","DavidCooper@example.com","false","Received",,"2019-07-25","New York","Nurturing - Contacted","Cooper","Manager","https://cumulus-ea4fins--c.documentforce.com/profilephoto/7291U000000UE1V/T","W_Lead.55",,"Open","20190909101048549094","2019-09-09","9",,"Mark Garet","Property Purchase","David Cooper","True","3. 250K - 500K","3. 30-60 days","2019-08-04","Cool","General","Mark Garet","mark.garet@example.com",46,9,297106,37,610236,9
"Employee Referral","Allen Advisor","0051U000005L6eJQAS","External","FL","Investments","2. 15-30 days","1-(130)924-2002","Nicole","2019-08-20","Benjamin Michael","NicoleFrench@example.com","true","Received","2019-08-20","2019-07-17","Florida","Converted","French","Manager","https://cumulus-ea4fins--c.documentforce.com/profilephoto/7291U000000UD7k/T","W_Lead.56","2019-10-03","Processed","20190909101048549094","2019-09-09","8","Benjamin Michael","Chelsea Advisor","Savings Account","Nicole French","True","2. 100K - 250K","3. 30-60 days","2019-08-20","Cool","General",,"ryan.dobson@example.com",54,9,198799,21,201554,8
"Webinars","Brenda Banker","0051U000005L4E9QAK","External","CA","Retirement","2. 15-30 days","1-(433)878-1372","Nicole","2019-08-22","Austin Harvey","NicoleWard@example.com","false","Received",,"2019-08-17","San Francisco","Nurturing - Contacted","Ward","Manager","https://cumulus-ea4fins--c.documentforce.com/profilephoto/7291U000000UE1Q/T","W_Lead.57",,"Open","20190909101048549094","2019-09-09","9","Austin Harvey","Brenda Banker","Property Purchase","Nicole Ward","True","4. More than 500K","2. 15-30 days","2019-08-22","Cool","Retirement Planning",,"sunil.dixit@example.com",23,9,690849,19,851784,9
"Webinars","Brenda Banker","0051U000005L4E9QAK","External","CA","Investments","1. < 15 days","1-(297)195-7741","Ryan","2019-09-08","Ajay Moore","RyanJohnson@example.com","false","Received",,"2019-09-03","San Francisco","Working - Contacted","Johnson","Manager","https://cumulus-ea4fins--c.documentforce.com/profilephoto/7291U000000UE1Q/T","W_Lead.58",,"Open","20190909101048549094","2019-09-09","7","Ajay Moore","Brenda Banker","Property Purchase","Ryan Johnson","True","3. 250K - 500K","1. < 15 days","2019-09-08","Cool","Person Referral",,"sunil.dixit@example.com",6,7,432553,2,196729,7
"Employee Referral","Brenda Banker","0051U000005L4E9QAK","Internal","CA","Retirement","1. < 15 days","1-(643)330-9279","Lindsey","2019-09-06","Brenda Banker","LindseyVillanueva@example.com","false","Received",,"2019-07-31","San Francisco","Nurturing - Contacted","Villanueva","Manager","https://cumulus-ea4fins--c.documentforce.com/profilephoto/7291U000000UE1Q/T","W_Lead.59",,"Open","20190909101048549094","2019-09-09","7",,"Brenda Banker","Checking Account","Lindsey Villanueva","True","4. More than 500K","3. 30-60 days","2019-09-06","Hot","General","Brenda Banker","sunil.dixit@example.com",40,7,590263,4,128680,7
"Webinars","Brenda Banker","0051U000005L6eJQAS","External","FL","Investments","1. < 15 days","1-(275)921-9079","Erica","2019-09-01","Ajay Moore","EricaHill@example.com","false","Received",,"2019-08-14","Florida","Closed - Not Converted","Hill","Manager","https://cumulus-ea4fins--c.documentforce.com/profilephoto/7291U000000UD7k/T","W_Lead.60",,"Processed","20190909101048549094","2019-09-09","7","Ajay Moore","Chelsea Advisor","Manage Money","Erica Hill","True","3. 250K - 500K","2. 15-30 days","2019-09-01","Cool","Retirement Planning",,"ryan.dobson@example.com",26,7,329295,9,205304,7
"Employee Referral","Chelsea Advisor","0051U000005L6eJQAS","External","FL","Investments","2. 15-30 days","1-(604)566-1643","Heather","2019-08-16","Benjamin Michael","HeatherFernandez@example.com","false","Received",,"2019-07-15","Florida","Nurturing - Contacted","Fernandez","Manager","https://cumulus-ea4fins--c.documentforce.com/profilephoto/7291U000000UD7k/T","W_Lead.61",,"Open","20190909101048549094","2019-09-09","3","Benjamin Michael","Chelsea Advisor","Property Purchase","Heather Fernandez","True","4. More than 500K","3. 30-60 days","2019-08-16","Warm","General",,"ryan.dobson@example.com",56,3,748203,25,748153,3
"Employee Referral","Brenda Banker","0051U000005L4E9QAK","Internal","CA","Real-Estate","3. 30-60 days","1-(046)481-4141","Jonathan","2019-08-09","Allen Advisor","JonathanBell@example.com","true","Received","2019-08-09","2019-08-09","San Francisco","Converted","Bell","Manager","https://cumulus-ea4fins--c.documentforce.com/profilephoto/7291U000000UE1Q/T","W_Lead.62","2019-10-05","Processed","20190909101048549094","2019-09-09","4",,"Brenda Banker","Day to Day Banking","Jonathan Bell","True","3. 250K - 500K","3. 30-60 days","2019-08-09","Cool","Retirement Planning","Allen Advisor","sunil.dixit@example.com",31,5,252424,32,972214,4
"Employee Referral","Mark Garet","0051U000005L4E9QAK","External","CA","Retirement","1. < 15 days","1-(311)136-4135","Gerald","2019-09-07","Beatrice Spears","GeraldStephens@example.com","false","Received",,"2019-06-17","San Francisco","Closed - Not Converted","Stephens","Manager","https://cumulus-ea4fins--c.documentforce.com/profilephoto/7291U000000UE1Q/T","W_Lead.63",,"Processed","20190909101048549094","2019-09-09","3","Beatrice Spears","Brenda Banker","Property Purchase","Gerald Stephens","True","1. < 100K","4. 60-120 days","2019-09-07","Hot","Retirement Planning",,"sunil.dixit@example.com",84,3,61491,3,936809,3
"Webinars","Mark Garet","0051U000005JQyrQAG","Internal","IL","Retirement","1. < 15 days","1-(147)004-3007","Christina","2019-09-04","Allen Advisor","ChristinaRomero@example.com","false","Received",,"2019-08-24","Chicago","Nurturing - Contacted","Romero","Manager","https://cumulus-ea4fins--c.documentforce.com/profilephoto/7291U000000UAau/T","W_Lead.64",,"Open","20190909101048549094","2019-09-09","7",,"Allen Advisor","Manage Debt","Christina Romero","True","3. 250K - 500K","2. 15-30 days","2019-09-04","Hot","Retirement Planning","Allen Advisor","allen.advisor@example.com",16,7,412578,6,614837,7
"Employee Referral","Chelsea Advisor","0051U000005JQyrQAG","External","IL","Retirement","1. < 15 days","1-(012)986-1615","Crystal","2019-09-05","Benjamin Michael","CrystalHernandez@example.com","false","Received",,"2019-08-28","Chicago","Nurturing - Contacted","Hernandez","Manager","https://cumulus-ea4fins--c.documentforce.com/profilephoto/7291U000000UAau/T","W_Lead.65",,"Open","20190909101048549094","2019-09-09","9","Benjamin Michael","Allen Advisor","Manage Money","Crystal Hernandez","True","4. More than 500K","1. < 15 days","2019-09-05","Cool","General",,"allen.advisor@example.com",12,9,582178,5,627446,9
"Employee Referral","Allen Advisor","0051U000005KhW6QAK","External","NY","Estate Planning","3. 30-60 days","1-(347)512-6848","Nicole","2019-08-01","Ajay Moore","NicoleReid@example.com","false","Received",,"2019-07-30","New York","Closed - Not Converted","Reid","Manager","https://cumulus-ea4fins--c.documentforce.com/profilephoto/7291U000000UE1V/T","W_Lead.66",,"Processed","20190909101048549094","2019-09-09","4","Ajay Moore","Mark Garet","Property Purchase","Nicole Reid","True","4. More than 500K","3. 30-60 days","2019-08-01","Warm","Person Referral",,"mark.garet@example.com",41,4,520355,40,940595,4
"Employee Referral","Mark Garet","0051U000005KhW6QAK","Internal","NY","Retirement","1. < 15 days","1-(713)751-1224","Calvin","2019-09-05","Brenda Banker","CalvinHall@example.com","false","Received",,"2019-08-28","New York","Unqualified","Hall","Manager","https://cumulus-ea4fins--c.documentforce.com/profilephoto/7291U000000UE1V/T","W_Lead.67",,"Open","20190909101048549094","2019-09-09","4",,"Mark Garet","Investments","Calvin Hall","True","1. < 100K","1. < 15 days","2019-09-05","Warm","General","Brenda Banker","mark.garet@example.com",12,4,79608,5,352155,4
"Conference","Allen Advisor","0051U000005L6eJQAS","Internal","FL","Investments","2. 15-30 days","1-(007)094-9637","Sheila","2019-08-17","Chelsea Advisor","SheilaLopez@example.com","false","Received",,"2019-08-10","Florida","Nurturing - Contacted","Lopez","Manager","https://cumulus-ea4fins--c.documentforce.com/profilephoto/7291U000000UD7k/T","W_Lead.68",,"Open","20190909101048549094","2019-09-09","8",,"Chelsea Advisor","Manage Debt","Sheila Lopez","True","2. 100K - 250K","3. 30-60 days","2019-08-17","Hot","Person Referral","Chelsea Advisor","ryan.dobson@example.com",30,8,219974,24,739041,8
"Employee Referral","Mark Garet","0051U000005L4E9QAK","Internal","CA","Retirement","1. < 15 days","1-(511)295-9764","Robert","2019-09-07","Allen Advisor","RobertHall@example.com","false","Received",,"2019-08-29","San Francisco","Working - Contacted","Hall","Manager","https://cumulus-ea4fins--c.documentforce.com/profilephoto/7291U000000UE1Q/T","W_Lead.69",,"Open","20190909101048549094","2019-09-09","3",,"Brenda Banker","Manage Money","Robert Hall","True","2. 100K - 250K","1. < 15 days","2019-09-07","Cool","Retirement Planning","Allen Advisor","sunil.dixit@example.com",11,3,221236,3,945399,3
"Employee Referral","Brenda Banker","0051U000005KhW6QAK","External","NY","Investments","3. 30-60 days","1-(278)962-5851","Sabrina","2019-07-31","Beatrice Spears","SabrinaHale@example.com","false","Received",,"2019-07-24","New York","Nurturing - Contacted","Hale","Manager","https://cumulus-ea4fins--c.documentforce.com/profilephoto/7291U000000UE1V/T","W_Lead.70",,"Open","20190909101048549094","2019-09-09","8","Beatrice Spears","Mark Garet","Savings Account","Sabrina Hale","True","4. More than 500K","3. 30-60 days","2019-07-31","Cool","General",,"mark.garet@example.com",47,8,566584,41,314149,8
"Webinars","Mark Garet","0051U000005KhW6QAK","Internal","NY","Investments","2. 15-30 days","1-(658)944-4997","Kristen","2019-08-24","Mark Garet","KristenBartlett@example.com","false","Received",,"2019-08-10","New York","Working - Contacted","Bartlett","Manager","https://cumulus-ea4fins--c.documentforce.com/profilephoto/7291U000000UE1V/T","W_Lead.71",,"Open","20190909101048549094","2019-09-09","9",,"Mark Garet","Checking Account","Kristen Bartlett","True","3. 250K - 500K","3. 30-60 days","2019-08-24","Warm","Person Referral","Mark Garet","mark.garet@example.com",30,9,348575,17,596301,9
"Customer Referral","Allen Advisor","0051U000005L4E9QAK","Internal","CA","Retirement","1. < 15 days","1-(726)297-4009","Karen","2019-08-26","Allen Advisor","KarenGonzalez@example.com","true","Received","2019-08-26","2019-07-19","San Francisco","Converted","Gonzalez","Manager","https://cumulus-ea4fins--c.documentforce.com/profilephoto/7291U000000UE1Q/T","W_Lead.72","2019-09-28","Processed","20190909101048549094","2019-09-09","5",,"Brenda Banker","Investments","Karen Gonzalez","True","4. More than 500K","3. 30-60 days","2019-08-26","Warm","General","Allen Advisor","sunil.dixit@example.com",52,7,590202,15,472803,5
"Webinars","Mark Garet","0051U000005JQyrQAG","Internal","IL","Retirement","1. < 15 days","1-(430)469-1777","Alexander","2019-09-07","Allen Advisor","AlexanderSnyder@example.com","false","Received",,"2019-08-14","Chicago","Working - Contacted","Snyder","Manager","https://cumulus-ea4fins--c.documentforce.com/profilephoto/7291U000000UAau/T","W_Lead.73",,"Open","20190909101048549094","2019-09-09","9",,"Allen Advisor","Investments","Alexander Snyder","True","2. 100K - 250K","2. 15-30 days","2019-09-07","Hot","General","Allen Advisor","allen.advisor@example.com",26,9,218564,3,391025,9
"Customer Referral","Allen Advisor","0051U000005KhW6QAK","External","NY","Estate Planning","1. < 15 days","1-(445)126-4105","Sara","2019-09-07","Beatrice Spears","SaraPerez@example.com","false","Received",,"2019-09-07","New York","New","Perez","Manager","https://cumulus-ea4fins--c.documentforce.com/profilephoto/7291U000000UE1V/T","W_Lead.74",,"Open","20190909101048549094","2019-09-09","9","Beatrice Spears","Mark Garet","Checking Account","Sara Perez","True","4. More than 500K","1. < 15 days","2019-09-07","Warm","Person Referral",,"mark.garet@example.com",2,9,719486,3,489712,9
"Employee Referral","Brenda Banker","0051U000005L6eJQAS","External","FL","Real-Estate","2. 15-30 days","1-(778)721-6856","Brady","2019-08-20","Beatrice Spears","BradyWilcox@example.com","false","Received",,"2019-06-24","Florida","Closed - Not Converted","Wilcox","Manager","https://cumulus-ea4fins--c.documentforce.com/profilephoto/7291U000000UD7k/T","W_Lead.75",,"Processed","20190909101048549094","2019-09-09","7","Beatrice Spears","Chelsea Advisor","Investments","Brady Wilcox","True","3. 250K - 500K","4. 60-120 days","2019-08-20","Warm","Retirement Planning",,"ryan.dobson@example.com",77,7,382377,21,107441,7
"Webinars","Chelsea Advisor","0051U000005KhW6QAK","Internal","NY","Retirement","2. 15-30 days","1-(552)574-8647","Michael","2019-08-14","Allen Advisor","MichaelGomez@example.com","false","Received",,"2019-08-01","New York","Closed - Not Converted","Gomez","Manager","https://cumulus-ea4fins--c.documentforce.com/profilephoto/7291U000000UE1V/T","W_Lead.76",,"Processed","20190909101048549094","2019-09-09","4",,"Mark Garet","Checking Account","Michael Gomez","True","3. 250K - 500K","3. 30-60 days","2019-08-14","Warm","Retirement Planning","Allen Advisor","mark.garet@example.com",39,4,305093,27,197764,4
"Customer Referral","Allen Advisor","0051U000005L6eJQAS","Internal","FL","Retirement","1. < 15 days","1-(351)829-9020","Jeremy","2019-09-09","Brenda Banker","JeremyDaniels@example.com","false","Received",,"2019-09-09","Florida","Working - Contacted","Daniels","Manager","https://cumulus-ea4fins--c.documentforce.com/profilephoto/7291U000000UD7k/T","W_Lead.77",,"Open","20190909101048549094","2019-09-09","8",,"Chelsea Advisor","Investments","Jeremy Daniels","True","4. More than 500K","1. < 15 days","2019-09-09","Hot","Retirement Planning","Brenda Banker","ryan.dobson@example.com",0,8,522304,1,978015,8
"Employee Referral","Brenda Banker","0051U000005KhW6QAK","Internal","NY","Investments","1. < 15 days","1-(544)577-8649","Lindsay","2019-08-29","Allen Advisor","LindsayMurray@example.com","false","Received",,"2019-07-24","New York","Nurturing - Contacted","Murray","Manager","https://cumulus-ea4fins--c.documentforce.com/profilephoto/7291U000000UE1V/T","W_Lead.78",,"Open","20190909101048549094","2019-09-09","5",,"Mark Garet","Investments","Lindsay Murray","True","1. < 100K","3. 30-60 days","2019-08-29","Cool","General","Allen Advisor","mark.garet@example.com",47,5,65081,12,548867,5
"Webinars","Chelsea Advisor","0051U000005KhW6QAK","External","NY","Investments","2. 15-30 days","1-(475)710-9713","Lindsay","2019-08-20","Beatrice Spears","LindsayOwen@example.com","false","Received",,"2019-08-13","New York","Working - Contacted","Owen","Manager","https://cumulus-ea4fins--c.documentforce.com/profilephoto/7291U000000UE1V/T","W_Lead.79",,"Open","20190909101048549094","2019-09-09","5","Beatrice Spears","Mark Garet","Savings Account","Lindsay Owen","True","3. 250K - 500K","2. 15-30 days","2019-08-20","Warm","Retirement Planning",,"mark.garet@example.com",27,5,405767,21,413751,5
"Employee Referral","Mark Garet","0051U000005KhW6QAK","External","NY","Investments","1. < 15 days","1-(445)288-5664","Christina","2019-09-05","Beatrice Spears","ChristinaRiley@example.com","false","Received",,"2019-08-18","New York","Nurturing - Contacted","Riley","Manager","https://cumulus-ea4fins--c.documentforce.com/profilephoto/7291U000000UE1V/T","W_Lead.80",,"Open","20190909101048549094","2019-09-09","3","Beatrice Spears","Mark Garet","Property Purchase","Christina Riley","True","4. More than 500K","2. 15-30 days","2019-09-05","Warm","General",,"mark.garet@example.com",22,3,628241,5,579161,3
"Webinars","Brenda Banker","0051U000005JQyrQAG","Internal","IL","Retirement","2. 15-30 days","1-(125)130-0683","Adrian","2019-08-16","Chelsea Advisor","AdrianCampbell@example.com","false","Received",,"2019-07-25","Chicago","Working - Contacted","Campbell","Manager","https://cumulus-ea4fins--c.documentforce.com/profilephoto/7291U000000UAau/T","W_Lead.81",,"Open","20190909101048549094","2019-09-09","4",,"Allen Advisor","Manage Debt","Adrian Campbell","True","1. < 100K","3. 30-60 days","2019-08-16","Cool","General","Chelsea Advisor","allen.advisor@example.com",46,4,90119,25,286389,4
"Webinars","Chelsea Advisor","0051U000005L4E9QAK","External","CA","Investments","3. 30-60 days","1-(116)389-8867","Andrew","2019-08-11","Austin Harvey","AndrewJones@example.com","false","Received",,"2019-08-09","San Francisco","Closed - Not Converted","Jones","Manager","https://cumulus-ea4fins--c.documentforce.com/profilephoto/7291U000000UE1Q/T","W_Lead.82",,"Processed","20190909101048549094","2019-09-09","7","Austin Harvey","Brenda Banker","Manage Money","Andrew Jones","True","2. 100K - 250K","3. 30-60 days","2019-08-11","Warm","Retirement Planning",,"sunil.dixit@example.com",31,7,112756,30,342397,7
"Employee Referral","Brenda Banker","0051U000005L6eJQAS","Internal","FL","Retirement","3. 30-60 days","1-(566)740-7648","Jerry","2019-08-02","Allen Advisor","JerryRamirez@example.com","false","Received",,"2019-06-04","Florida","Closed - Not Converted","Ramirez","Manager","https://cumulus-ea4fins--c.documentforce.com/profilephoto/7291U000000UD7k/T","W_Lead.83",,"Processed","20190909101048549094","2019-09-09","6",,"Chelsea Advisor","Property Purchase","Jerry Ramirez","True","3. 250K - 500K","4. 60-120 days","2019-08-02","Cool","Person Referral","Allen Advisor","ryan.dobson@example.com",97,6,468899,39,128990,6
"Webinars","Brenda Banker","0051U000005L4E9QAK","Internal","CA","Retirement","1. < 15 days","1-(039)317-5099","Robin","2019-09-01","Brenda Banker","RobinWeeks@example.com","false","Received",,"2019-08-24","San Francisco","Working - Contacted","Weeks","Manager","https://cumulus-ea4fins--c.documentforce.com/profilephoto/7291U000000UE1Q/T","W_Lead.84",,"Open","20190909101048549094","2019-09-09","5",,"Brenda Banker","Checking Account","Robin Weeks","True","2. 100K - 250K","2. 15-30 days","2019-09-01","Cool","General","Brenda Banker","sunil.dixit@example.com",16,5,196521,9,401316,5
"Employee Referral","Chelsea Advisor","0051U000005JQyrQAG","External","IL","Retirement","1. < 15 days","1-(188)252-9715","Keith","2019-09-08","Beatrice Spears","KeithGamble@example.com","false","Received",,"2019-08-29","Chicago","Nurturing - Contacted","Gamble","Manager","https://cumulus-ea4fins--c.documentforce.com/profilephoto/7291U000000UAau/T","W_Lead.85",,"Open","20190909101048549094","2019-09-09","4","Beatrice Spears","Allen Advisor","Day to Day Banking","Keith Gamble","True","4. More than 500K","1. < 15 days","2019-09-08","Warm","Retirement Planning",,"allen.advisor@example.com",11,4,600041,2,572301,4
"Customer Referral","Mark Garet","0051U000005L6eJQAS","Internal","FL","Real-Estate","1. < 15 days","1-(617)091-8109","Steven","2019-08-27","Mark Garet","StevenRichardson@example.com","false","Received",,"2019-07-28","Florida","Nurturing - Contacted","Richardson","Manager","https://cumulus-ea4fins--c.documentforce.com/profilephoto/7291U000000UD7k/T","W_Lead.86",,"Open","20190909101048549094","2019-09-09","7",,"Chelsea Advisor","Savings Account","Steven Richardson","True","4. More than 500K","3. 30-60 days","2019-08-27","Warm","Person Referral","Mark Garet","ryan.dobson@example.com",43,7,658216,14,427903,7
"Customer Referral","Brenda Banker","0051U000005L4E9QAK","Internal","CA","Retirement","1. < 15 days","1-(176)000-1395","Tracy","2019-09-06","Brenda Banker","TracyTaylor@example.com","false","Received",,"2019-09-06","San Francisco","Working - Contacted","Taylor","Manager","https://cumulus-ea4fins--c.documentforce.com/profilephoto/7291U000000UE1Q/T","W_Lead.87",,"Open","20190909101048549094","2019-09-09","6",,"Brenda Banker","Education","Tracy Taylor","True","3. 250K - 500K","1. < 15 days","2019-09-06","Hot","Person Referral","Brenda Banker","sunil.dixit@example.com",3,6,283972,4,608016,6
"Webinars","Allen Advisor","0051U000005KhW6QAK","Internal","NY","Estate Planning","2. 15-30 days","1-(910)388-5539","Carol","2019-08-21","Chelsea Advisor","CarolRivera@example.com","false","Received",,"2019-07-20","New York","Closed - Not Converted","Rivera","Manager","https://cumulus-ea4fins--c.documentforce.com/profilephoto/7291U000000UE1V/T","W_Lead.88",,"Processed","20190909101048549094","2019-09-09","9",,"Mark Garet","Manage Debt","Carol Rivera","True","4. More than 500K","3. 30-60 days","2019-08-21","Warm","Retirement Planning","Chelsea Advisor","mark.garet@example.com",51,9,624942,20,285195,9
"Webinars","Mark Garet","0051U000005L4E9QAK","Internal","CA","Investments","1. < 15 days","1-(062)441-1930","Alicia","2019-08-29","Mark Garet","AliciaSingleton@example.com","false","Received",,"2019-08-27","San Francisco","Working - Contacted","Singleton","Manager","https://cumulus-ea4fins--c.documentforce.com/profilephoto/7291U000000UE1Q/T","W_Lead.89",,"Open","20190909101048549094","2019-09-09","7",,"Brenda Banker","Property Purchase","Alicia Singleton","True","4. More than 500K","1. < 15 days","2019-08-29","Warm","General","Mark Garet","sunil.dixit@example.com",13,7,521879,12,699504,7
"Webinars","Brenda Banker","0051U000005L4E9QAK","External","CA","Retirement","2. 15-30 days","1-(022)479-5408","John","2019-08-12","Austin Harvey","JohnCruz@example.com","false","Received",,"2019-08-12","San Francisco","Working - Contacted","Cruz","Manager","https://cumulus-ea4fins--c.documentforce.com/profilephoto/7291U000000UE1Q/T","W_Lead.90",,"Open","20190909101048549094","2019-09-09","7","Austin Harvey","Brenda Banker","Manage Debt","John Cruz","True","4. More than 500K","2. 15-30 days","2019-08-12","Warm","General",,"sunil.dixit@example.com",28,7,516862,29,92718,7
"Webinars","Brenda Banker","0051U000005L6eJQAS","External","FL","Investments","1. < 15 days","1-(671)138-2115","Andrew","2019-08-31","Beatrice Spears","AndrewRussell@example.com","false","Received",,"2019-08-01","Florida","Nurturing - Contacted","Russell","Manager","https://cumulus-ea4fins--c.documentforce.com/profilephoto/7291U000000UD7k/T","W_Lead.91",,"Open","20190909101048549094","2019-09-09","6","Beatrice Spears","Chelsea Advisor","Education","Andrew Russell","True","4. More than 500K","3. 30-60 days","2019-08-31","Hot","General",,"ryan.dobson@example.com",39,6,593822,10,556858,6
"Employee Referral","Allen Advisor","0051U000005L6eJQAS","External","FL","Retirement","3. 30-60 days","1-(346)591-2104","Christopher","2019-07-22","Beatrice Spears","ChristopherMcclure@example.com","true","Received","2019-07-22","2019-07-11","Florida","Converted","Mcclure","Manager","https://cumulus-ea4fins--c.documentforce.com/profilephoto/7291U000000UD7k/T","W_Lead.92","2019-08-27","Processed","20190909101048549094","2019-09-09","3","Beatrice Spears","Chelsea Advisor","Education","Christopher Mcclure","True","4. More than 500K","4. 60-120 days","2019-07-22","Hot","Retirement Planning",,"ryan.dobson@example.com",60,3,578497,50,413912,3
"Employee Referral","Allen Advisor","0051U000005L4E9QAK","External","CA","Investments","1. < 15 days","1-(019)913-3301","Jeremiah","2019-08-28","Austin Harvey","JeremiahCowan@example.com","false","Received",,"2019-08-22","San Francisco","Nurturing - Contacted","Cowan","Manager","https://cumulus-ea4fins--c.documentforce.com/profilephoto/7291U000000UE1Q/T","W_Lead.93",,"Open","20190909101048549094","2019-09-09","7","Austin Harvey","Brenda Banker","Day to Day Banking","Jeremiah Cowan","True","4. More than 500K","2. 15-30 days","2019-08-28","Warm","General",,"sunil.dixit@example.com",18,7,574328,13,565958,7
"Conference","Chelsea Advisor","0051U000005L4E9QAK","Internal","CA","Retirement","1. < 15 days","1-(815)100-9980","Victor","2019-09-08","Allen Advisor","VictorStephens@example.com","false","Received",,"2019-09-08","San Francisco","New","Stephens","Manager","https://cumulus-ea4fins--c.documentforce.com/profilephoto/7291U000000UE1Q/T","W_Lead.94",,"Open","20190909101048549094","2019-09-09","8",,"Brenda Banker","Manage Debt","Victor Stephens","True","2. 100K - 250K","1. < 15 days","2019-09-08","Warm","Person Referral","Allen Advisor","sunil.dixit@example.com",1,8,239518,2,951226,8
"Webinars","Mark Garet","0051U000005L6eJQAS","Internal","FL","Retirement","2. 15-30 days","1-(016)225-3146","Daniel","2019-08-25","Brenda Banker","DanielHicks@example.com","true","Received","2019-09-01","2019-07-18","Florida","Converted","Hicks","Manager","https://cumulus-ea4fins--c.documentforce.com/profilephoto/7291U000000UD7k/T","W_Lead.95","2019-10-08","Processed","20190909101048549094","2019-09-09","4",,"Chelsea Advisor","Manage Debt","Daniel Hicks","True","3. 250K - 500K","3. 30-60 days","2019-08-25","Cool","Person Referral","Brenda Banker","ryan.dobson@example.com",53,9,449870,16,166721,4
"Employee Referral","Chelsea Advisor","0051U000005JQyrQAG","Internal","IL","Investments","2. 15-30 days","1-(191)792-4107","Gregory","2019-08-24","Allen Advisor","GregoryJacobson@example.com","false","Received",,"2019-08-16","Chicago","Nurturing - Contacted","Jacobson","Manager","https://cumulus-ea4fins--c.documentforce.com/profilephoto/7291U000000UAau/T","W_Lead.96",,"Open","20190909101048549094","2019-09-09","3",,"Allen Advisor","Manage Debt","Gregory Jacobson","True","4. More than 500K","2. 15-30 days","2019-08-24","Cool","Retirement Planning","Allen Advisor","allen.advisor@example.com",24,3,679529,17,436735,3
"Conference","Chelsea Advisor","0051U000005KhW6QAK","External","NY","Retirement","1. < 15 days","1-(021)098-0490","Kristin","2019-09-07","Ajay Moore","KristinShaffer@example.com","false","Received",,"2019-08-18","New York","Working - Contacted","Shaffer","Manager","https://cumulus-ea4fins--c.documentforce.com/profilephoto/7291U000000UE1V/T","W_Lead.97",,"Open","20190909101048549094","2019-09-09","5","Ajay Moore","Mark Garet","Day to Day Banking","Kristin Shaffer","True","3. 250K - 500K","2. 15-30 days","2019-09-07","Cool","Person Referral",,"mark.garet@example.com",22,5,447385,3,432675,5
"Webinars","Brenda Banker","0051U000005KhW6QAK","External","NY","Investments","3. 30-60 days","1-(227)574-0039","Sandra","2019-08-09","Austin Harvey","SandraCarson@example.com","false","Received",,"2019-08-02","New York","Nurturing - Contacted","Carson","Manager","https://cumulus-ea4fins--c.documentforce.com/profilephoto/7291U000000UE1V/T","W_Lead.98",,"Open","20190909101048549094","2019-09-09","5","Austin Harvey","Mark Garet","Education","Sandra Carson","True","1. < 100K","3. 30-60 days","2019-08-09","Warm","Retirement Planning",,"mark.garet@example.com",38,5,93997,32,740196,5
"Webinars","Chelsea Advisor","0051U000005L6eJQAS","External","FL","Estate Planning","1. < 15 days","1-(835)344-6257","Omar","2019-09-07","Ajay Moore","OmarFields@example.com","false","Received",,"2019-09-05","Florida","Nurturing - Contacted","Fields","Manager","https://cumulus-ea4fins--c.documentforce.com/profilephoto/7291U000000UD7k/T","W_Lead.99",,"Open","20190909101048549094","2019-09-09","4","Ajay Moore","Chelsea Advisor","Checking Account","Omar Fields","True","1. < 100K","1. < 15 days","2019-09-07","Hot","Person Referral",,"ryan.dobson@example.com",4,4,95681,3,822380,4
"Webinars","Allen Advisor","0051U000005L6eJQAS","External","FL","Retirement","2. 15-30 days","1-(219)316-5113","Steven","2019-08-20","Austin Harvey","StevenWyatt@example.com","true","Received","2019-09-05","2019-08-11","Florida","Converted","Wyatt","Manager","https://cumulus-ea4fins--c.documentforce.com/profilephoto/7291U000000UD7k/T","W_Lead.100","2019-10-07","Processed","20190909101048549094","2019-09-09","3","Austin Harvey","Chelsea Advisor","Savings Account","Steven Wyatt","True","4. More than 500K","2. 15-30 days","2019-08-20","Hot","Retirement Planning",,"ryan.dobson@example.com",29,5,550857,21,399798,3