"Ann_e","Profil","Secteur","P_riode","Activite","Date","Charge","Charge_ETP"
"2020","STATION","Centre Var","2020-01","ELECTROMECANIQUE","03/01/2020",18.75,0.5
"2020","STATION","Centre Var","2020-01","PRODUCTION / TRAITEMENT","03/01/2020",169.916667,4.531111
"2020","RESEAU","Centre Var","2020-01","TRAVAUX FACTURABLES","03/01/2020",9.951923,0.265385
"2020","RESEAU","Centre Var","2020-01","CLIENTELE","03/01/2020",15.248269,0.406621
"2020","RESEAU","Centre Var","2020-01","DISTRIBUTION / COLLECTE","03/01/2020",68.281538,1.820841
"2020","RESEAU","Centre Var","2020-01","RELEVE COMPTEURS","03/01/2020",0,0
"2020","AUTRES","Centre Var","2020-01","TRAJET","03/01/2020",64.575,1.722
"2020","AUTRES","Centre Var","2020-01","ADMINISTRATIF","03/01/2020",41.5125,1.107
"2020","STATION","Var Littoral","2020-01","ELECTROMECANIQUE","03/01/2020",5.332721,0.142206
"2020","STATION","Var Littoral","2020-01","PRODUCTION / TRAITEMENT","03/01/2020",272.5,7.266667
"2020","RESEAU","Var Littoral","2020-01","TRAVAUX FACTURABLES","03/01/2020",16.730769,0.446154
"2020","RESEAU","Var Littoral","2020-01","CLIENTELE","03/01/2020",18.645769,0.497221
"2020","RESEAU","Var Littoral","2020-01","DISTRIBUTION / COLLECTE","03/01/2020",89.886923,2.396985
"2020","RESEAU","Var Littoral","2020-01","RELEVE COMPTEURS","03/01/2020",0,0
"2020","AUTRES","Var Littoral","2020-01","TRAJET","03/01/2020",75.705,2.0188
"2020","AUTRES","Var Littoral","2020-01","ADMINISTRATIF","03/01/2020",48.6675,1.2978
"2020","STATION","Centre Var","2020-01","ELECTROMECANIQUE","10/01/2020",7.5,0.2
"2020","STATION","Centre Var","2020-01","PRODUCTION / TRAITEMENT","10/01/2020",161.083333,4.295556
"2020","RESEAU","Centre Var","2020-01","TRAVAUX FACTURABLES","10/01/2020",9.951923,0.265385
"2020","RESEAU","Centre Var","2020-01","CLIENTELE","10/01/2020",19.958269,0.532221
"2020","RESEAU","Centre Var","2020-01","DISTRIBUTION / COLLECTE","10/01/2020",61.941538,1.651774
"2020","RESEAU","Centre Var","2020-01","RELEVE COMPTEURS","10/01/2020",0,0
"2020","AUTRES","Centre Var","2020-01","TRAJET","10/01/2020",64.575,1.722
"2020","AUTRES","Centre Var","2020-01","ADMINISTRATIF","10/01/2020",41.5125,1.107
"2020","STATION","Var Littoral","2020-01","ELECTROMECANIQUE","10/01/2020",9.75,0.26
"2020","STATION","Var Littoral","2020-01","PRODUCTION / TRAITEMENT","10/01/2020",288.916667,7.704444
"2020","RESEAU","Var Littoral","2020-01","TRAVAUX FACTURABLES","10/01/2020",16.730769,0.446154
"2020","RESEAU","Var Littoral","2020-01","CLIENTELE","10/01/2020",17.095769,0.455887
"2020","RESEAU","Var Littoral","2020-01","DISTRIBUTION / COLLECTE","10/01/2020",72.206923,1.925518
"2020","RESEAU","Var Littoral","2020-01","RELEVE COMPTEURS","10/01/2020",0,0
"2020","AUTRES","Var Littoral","2020-01","TRAJET","10/01/2020",87.255,2.3268
"2020","AUTRES","Var Littoral","2020-01","ADMINISTRATIF","10/01/2020",56.0925,1.4958
"2020","STATION","Centre Var","2020-01","ELECTROMECANIQUE","17/01/2020",11.25,0.3
"2020","STATION","Centre Var","2020-01","PRODUCTION / TRAITEMENT","17/01/2020",170.916667,4.557778
"2020","RESEAU","Centre Var","2020-01","TRAVAUX FACTURABLES","17/01/2020",9.951923,0.265385
"2020","RESEAU","Centre Var","2020-01","CLIENTELE","17/01/2020",33.618269,0.896487
"2020","RESEAU","Centre Var","2020-01","DISTRIBUTION / COLLECTE","17/01/2020",66.281538,1.767508
"2020","RESEAU","Centre Var","2020-01","RELEVE COMPTEURS","17/01/2020",0,0
"2020","AUTRES","Centre Var","2020-01","TRAJET","17/01/2020",66.675,1.778
"2020","AUTRES","Centre Var","2020-01","ADMINISTRATIF","17/01/2020",42.8625,1.143
"2020","STATION","Var Littoral","2020-01","ELECTROMECANIQUE","17/01/2020",6.976103,0.186029
"2020","STATION","Var Littoral","2020-01","PRODUCTION / TRAITEMENT","17/01/2020",294.083333,7.842222
"2020","RESEAU","Var Littoral","2020-01","TRAVAUX FACTURABLES","17/01/2020",16.730769,0.446154
"2020","RESEAU","Var Littoral","2020-01","CLIENTELE","17/01/2020",24.505769,0.653487
"2020","RESEAU","Var Littoral","2020-01","DISTRIBUTION / COLLECTE","17/01/2020",88.316923,2.355118
"2020","RESEAU","Var Littoral","2020-01","RELEVE COMPTEURS","17/01/2020",0,0
"2020","AUTRES","Var Littoral","2020-01","TRAJET","17/01/2020",91.98,2.4528
"2020","AUTRES","Var Littoral","2020-01","ADMINISTRATIF","17/01/2020",59.13,1.5768
"2020","STATION","Centre Var","2020-01","ELECTROMECANIQUE","24/01/2020",11.25,0.3
"2020","STATION","Centre Var","2020-01","PRODUCTION / TRAITEMENT","24/01/2020",179.833333,4.795556
"2020","RESEAU","Centre Var","2020-01","TRAVAUX FACTURABLES","24/01/2020",9.951923,0.265385
"2020","RESEAU","Centre Var","2020-01","CLIENTELE","24/01/2020",16.138269,0.430354
"2020","RESEAU","Centre Var","2020-01","DISTRIBUTION / COLLECTE","24/01/2020",57.581538,1.535508
"2020","RESEAU","Centre Var","2020-01","RELEVE COMPTEURS","24/01/2020",0,0
"2020","AUTRES","Centre Var","2020-01","TRAJET","24/01/2020",65.1,1.736
"2020","AUTRES","Centre Var","2020-01","ADMINISTRATIF","24/01/2020",41.85,1.116
"2020","STATION","Var Littoral","2020-01","ELECTROMECANIQUE","24/01/2020",4.511029,0.120294
"2020","STATION","Var Littoral","2020-01","PRODUCTION / TRAITEMENT","24/01/2020",315.25,8.406667
"2020","RESEAU","Var Littoral","2020-01","TRAVAUX FACTURABLES","24/01/2020",16.730769,0.446154
"2020","RESEAU","Var Littoral","2020-01","CLIENTELE","24/01/2020",15.065769,0.401754
"2020","RESEAU","Var Littoral","2020-01","DISTRIBUTION / COLLECTE","24/01/2020",77.556923,2.068185
"2020","RESEAU","Var Littoral","2020-01","RELEVE COMPTEURS","24/01/2020",0,0
"2020","AUTRES","Var Littoral","2020-01","TRAJET","24/01/2020",78.33,2.0888
"2020","AUTRES","Var Littoral","2020-01","ADMINISTRATIF","24/01/2020",50.355,1.3428
"2020","STATION","Centre Var","2020-01","ELECTROMECANIQUE","31/01/2020",22.5,0.6
"2020","STATION","Centre Var","2020-01","PRODUCTION / TRAITEMENT","31/01/2020",204.916667,5.464444
"2020","RESEAU","Centre Var","2020-01","TRAVAUX FACTURABLES","31/01/2020",9.951923,0.265385
"2020","RESEAU","Centre Var","2020-01","CLIENTELE","31/01/2020",17.598269,0.469287
"2020","RESEAU","Centre Var","2020-01","DISTRIBUTION / COLLECTE","31/01/2020",50.031538,1.334174
"2020","RESEAU","Centre Var","2020-01","RELEVE COMPTEURS","31/01/2020",0,0
"2020","AUTRES","Centre Var","2020-01","TRAJET","31/01/2020",64.575,1.722
"2020","AUTRES","Centre Var","2020-01","ADMINISTRATIF","31/01/2020",41.5125,1.107
"2020","STATION","Var Littoral","2020-01","ELECTROMECANIQUE","31/01/2020",7.987132,0.21299
"2020","STATION","Var Littoral","2020-01","PRODUCTION / TRAITEMENT","31/01/2020",294.683333,7.858222
"2020","RESEAU","Var Littoral","2020-01","TRAVAUX FACTURABLES","31/01/2020",16.730769,0.446154
"2020","RESEAU","Var Littoral","2020-01","CLIENTELE","31/01/2020",13.005769,0.346821
"2020","RESEAU","Var Littoral","2020-01","DISTRIBUTION / COLLECTE","31/01/2020",97.026923,2.587385
"2020","RESEAU","Var Littoral","2020-01","RELEVE COMPTEURS","31/01/2020",0,0
"2020","AUTRES","Var Littoral","2020-01","TRAJET","31/01/2020",78.33,2.0888
"2020","AUTRES","Var Littoral","2020-01","ADMINISTRATIF","31/01/2020",50.355,1.3428
"2020","STATION","Centre Var","2020-02","ELECTROMECANIQUE","07/02/2020",15,0.4
"2020","STATION","Centre Var","2020-02","PRODUCTION / TRAITEMENT","07/02/2020",165.75,4.42
"2020","RESEAU","Centre Var","2020-02","TRAVAUX FACTURABLES","07/02/2020",9.951923,0.265385
"2020","RESEAU","Centre Var","2020-02","CLIENTELE","07/02/2020",14.028269,0.374087
"2020","RESEAU","Centre Var","2020-02","DISTRIBUTION / COLLECTE","07/02/2020",61.841538,1.649108
"2020","RESEAU","Centre Var","2020-02","RELEVE COMPTEURS","07/02/2020",0,0
"2020","AUTRES","Centre Var","2020-02","TRAJET","07/02/2020",61.425,1.638
"2020","AUTRES","Centre Var","2020-02","ADMINISTRATIF","07/02/2020",39.4875,1.053
"2020","STATION","Var Littoral","2020-02","ELECTROMECANIQUE","07/02/2020",11.25,0.3
"2020","STATION","Var Littoral","2020-02","PRODUCTION / TRAITEMENT","07/02/2020",305.25,8.14
"2020","RESEAU","Var Littoral","2020-02","TRAVAUX FACTURABLES","07/02/2020",16.730769,0.446154
"2020","RESEAU","Var Littoral","2020-02","CLIENTELE","07/02/2020",20.935769,0.558287
"2020","RESEAU","Var Littoral","2020-02","DISTRIBUTION / COLLECTE","07/02/2020",104.346923,2.782585
"2020","RESEAU","Var Littoral","2020-02","RELEVE COMPTEURS","07/02/2020",0,0
"2020","AUTRES","Var Littoral","2020-02","TRAJET","07/02/2020",83.58,2.2288
"2020","AUTRES","Var Littoral","2020-02","ADMINISTRATIF","07/02/2020",53.73,1.4328
"2020","STATION","Centre Var","2020-02","ELECTROMECANIQUE","14/02/2020",18.75,0.5
"2020","STATION","Centre Var","2020-02","PRODUCTION / TRAITEMENT","14/02/2020",157.833333,4.208889
"2020","RESEAU","Centre Var","2020-02","TRAVAUX FACTURABLES","14/02/2020",9.951923,0.265385
"2020","RESEAU","Centre Var","2020-02","CLIENTELE","14/02/2020",15.248269,0.406621
"2020","RESEAU","Centre Var","2020-02","DISTRIBUTION / COLLECTE","14/02/2020",51.601538,1.376041
"2020","RESEAU","Centre Var","2020-02","RELEVE COMPTEURS","14/02/2020",0,0
"2020","AUTRES","Centre Var","2020-02","TRAJET","14/02/2020",47.775,1.274
"2020","AUTRES","Centre Var","2020-02","ADMINISTRATIF","14/02/2020",30.7125,0.819
"2020","STATION","Var Littoral","2020-02","ELECTROMECANIQUE","14/02/2020",7.5,0.2
"2020","STATION","Var Littoral","2020-02","PRODUCTION / TRAITEMENT","14/02/2020",274.916667,7.331111
"2020","RESEAU","Var Littoral","2020-02","TRAVAUX FACTURABLES","14/02/2020",12.980769,0.346154
"2020","RESEAU","Var Littoral","2020-02","CLIENTELE","14/02/2020",16.835769,0.448954
"2020","RESEAU","Var Littoral","2020-02","DISTRIBUTION / COLLECTE","14/02/2020",97.076923,2.588718
"2020","RESEAU","Var Littoral","2020-02","RELEVE COMPTEURS","14/02/2020",0,0
"2020","AUTRES","Var Littoral","2020-02","TRAJET","14/02/2020",74.13,1.9768
"2020","AUTRES","Var Littoral","2020-02","ADMINISTRATIF","14/02/2020",47.655,1.2708
"2020","STATION","Centre Var","2020-02","ELECTROMECANIQUE","21/02/2020",7.5,0.2
"2020","STATION","Centre Var","2020-02","PRODUCTION / TRAITEMENT","21/02/2020",191.75,5.113333
"2020","RESEAU","Centre Var","2020-02","TRAVAUX FACTURABLES","21/02/2020",9.951923,0.265385
"2020","RESEAU","Centre Var","2020-02","CLIENTELE","21/02/2020",23.998269,0.639954
"2020","RESEAU","Centre Var","2020-02","DISTRIBUTION / COLLECTE","21/02/2020",56.921538,1.517908
"2020","RESEAU","Centre Var","2020-02","RELEVE COMPTEURS","21/02/2020",0,0
"2020","AUTRES","Centre Var","2020-02","TRAJET","21/02/2020",53.025,1.414
"2020","AUTRES","Centre Var","2020-02","ADMINISTRATIF","21/02/2020",34.0875,0.909
"2020","STATION","Var Littoral","2020-02","ELECTROMECANIQUE","21/02/2020",15,0.4
"2020","STATION","Var Littoral","2020-02","PRODUCTION / TRAITEMENT","21/02/2020",285.25,7.606667
"2020","RESEAU","Var Littoral","2020-02","TRAVAUX FACTURABLES","21/02/2020",16.730769,0.446154
"2020","RESEAU","Var Littoral","2020-02","CLIENTELE","21/02/2020",27.835769,0.742287
"2020","RESEAU","Var Littoral","2020-02","DISTRIBUTION / COLLECTE","21/02/2020",84.376923,2.250051
"2020","RESEAU","Var Littoral","2020-02","RELEVE COMPTEURS","21/02/2020",0,0
"2020","AUTRES","Var Littoral","2020-02","TRAJET","21/02/2020",77.805,2.0748
"2020","AUTRES","Var Littoral","2020-02","ADMINISTRATIF","21/02/2020",50.0175,1.3338
"2020","STATION","Centre Var","2020-02","ELECTROMECANIQUE","28/02/2020",7.5,0.2
"2020","STATION","Centre Var","2020-02","PRODUCTION / TRAITEMENT","28/02/2020",183,4.88
"2020","RESEAU","Centre Var","2020-02","TRAVAUX FACTURABLES","28/02/2020",9.951923,0.265385
"2020","RESEAU","Centre Var","2020-02","CLIENTELE","28/02/2020",17.298269,0.461287
"2020","RESEAU","Centre Var","2020-02","DISTRIBUTION / COLLECTE","28/02/2020",55.781538,1.487508
"2020","RESEAU","Centre Var","2020-02","RELEVE COMPTEURS","28/02/2020",0,0
"2020","AUTRES","Centre Var","2020-02","TRAJET","28/02/2020",47.775,1.274
"2020","AUTRES","Centre Var","2020-02","ADMINISTRATIF","28/02/2020",30.7125,0.819
"2020","STATION","Var Littoral","2020-02","ELECTROMECANIQUE","28/02/2020",3.141544,0.083775
"2020","STATION","Var Littoral","2020-02","PRODUCTION / TRAITEMENT","28/02/2020",303.366667,8.089778
"2020","RESEAU","Var Littoral","2020-02","TRAVAUX FACTURABLES","28/02/2020",16.730769,0.446154
"2020","RESEAU","Var Littoral","2020-02","CLIENTELE","28/02/2020",17.685769,0.471621
"2020","RESEAU","Var Littoral","2020-02","DISTRIBUTION / COLLECTE","28/02/2020",78.716923,2.099118
"2020","RESEAU","Var Littoral","2020-02","RELEVE COMPTEURS","28/02/2020",24.3525,0.6494
"2020","AUTRES","Var Littoral","2020-02","TRAJET","28/02/2020",76.44,2.0384
"2020","AUTRES","Var Littoral","2020-02","ADMINISTRATIF","28/02/2020",49.14,1.3104
"2020","STATION","Centre Var","2020-03","ELECTROMECANIQUE","06/03/2020",11.25,0.3
"2020","STATION","Centre Var","2020-03","PRODUCTION / TRAITEMENT","06/03/2020",163.25,4.353333
"2020","RESEAU","Centre Var","2020-03","TRAVAUX FACTURABLES","06/03/2020",9.951923,0.265385
"2020","RESEAU","Centre Var","2020-03","CLIENTELE","06/03/2020",19.558269,0.521554
"2020","RESEAU","Centre Var","2020-03","DISTRIBUTION / COLLECTE","06/03/2020",48.611538,1.296308
"2020","RESEAU","Centre Var","2020-03","RELEVE COMPTEURS","06/03/2020",0,0
"2020","AUTRES","Centre Var","2020-03","TRAJET","06/03/2020",60.375,1.61
"2020","AUTRES","Centre Var","2020-03","ADMINISTRATIF","06/03/2020",38.8125,1.035
"2020","STATION","Var Littoral","2020-03","ELECTROMECANIQUE","06/03/2020",2.867647,0.076471
"2020","STATION","Var Littoral","2020-03","PRODUCTION / TRAITEMENT","06/03/2020",312,8.32
"2020","RESEAU","Var Littoral","2020-03","TRAVAUX FACTURABLES","06/03/2020",16.730769,0.446154
"2020","RESEAU","Var Littoral","2020-03","CLIENTELE","06/03/2020",23.185769,0.618287
"2020","RESEAU","Var Littoral","2020-03","DISTRIBUTION / COLLECTE","06/03/2020",85.156923,2.270851
"2020","RESEAU","Var Littoral","2020-03","RELEVE COMPTEURS","06/03/2020",24.3525,0.6494
"2020","AUTRES","Var Littoral","2020-03","TRAJET","06/03/2020",80.43,2.1448
"2020","AUTRES","Var Littoral","2020-03","ADMINISTRATIF","06/03/2020",51.705,1.3788
"2020","STATION","Centre Var","2020-03","ELECTROMECANIQUE","13/03/2020",11.25,0.3
"2020","STATION","Centre Var","2020-03","PRODUCTION / TRAITEMENT","13/03/2020",164.233333,4.379556
"2020","RESEAU","Centre Var","2020-03","TRAVAUX FACTURABLES","13/03/2020",9.951923,0.265385
"2020","RESEAU","Centre Var","2020-03","CLIENTELE","13/03/2020",22.018269,0.587154
"2020","RESEAU","Centre Var","2020-03","DISTRIBUTION / COLLECTE","13/03/2020",49.691538,1.325108
"2020","RESEAU","Centre Var","2020-03","RELEVE COMPTEURS","13/03/2020",0,0
"2020","AUTRES","Centre Var","2020-03","TRAJET","13/03/2020",61.425,1.638
"2020","AUTRES","Centre Var","2020-03","ADMINISTRATIF","13/03/2020",39.4875,1.053
"2020","STATION","Var Littoral","2020-03","ELECTROMECANIQUE","13/03/2020",11.25,0.3
"2020","STATION","Var Littoral","2020-03","PRODUCTION / TRAITEMENT","13/03/2020",316.75,8.446667
"2020","RESEAU","Var Littoral","2020-03","TRAVAUX FACTURABLES","13/03/2020",16.730769,0.446154
"2020","RESEAU","Var Littoral","2020-03","CLIENTELE","13/03/2020",13.505769,0.360154
"2020","RESEAU","Var Littoral","2020-03","DISTRIBUTION / COLLECTE","13/03/2020",97.736923,2.606318
"2020","RESEAU","Var Littoral","2020-03","RELEVE COMPTEURS","13/03/2020",24.3525,0.6494
"2020","AUTRES","Var Littoral","2020-03","TRAJET","13/03/2020",83.58,2.2288
"2020","AUTRES","Var Littoral","2020-03","ADMINISTRATIF","13/03/2020",53.73,1.4328
"2020","STATION","Centre Var","2020-03","ELECTROMECANIQUE","20/03/2020",3.75,0.1
"2020","STATION","Centre Var","2020-03","PRODUCTION / TRAITEMENT","20/03/2020",159,4.24
"2020","RESEAU","Centre Var","2020-03","TRAVAUX FACTURABLES","20/03/2020",9.951923,0.265385
"2020","RESEAU","Centre Var","2020-03","CLIENTELE","20/03/2020",18.368269,0.489821
"2020","RESEAU","Centre Var","2020-03","DISTRIBUTION / COLLECTE","20/03/2020",48.781538,1.300841
"2020","RESEAU","Centre Var","2020-03","RELEVE COMPTEURS","20/03/2020",0,0
"2020","AUTRES","Centre Var","2020-03","TRAJET","20/03/2020",51.765,1.3804
"2020","AUTRES","Centre Var","2020-03","ADMINISTRATIF","20/03/2020",33.2775,0.8874
"2020","STATION","Var Littoral","2020-03","ELECTROMECANIQUE","20/03/2020",2.319853,0.061863
"2020","STATION","Var Littoral","2020-03","PRODUCTION / TRAITEMENT","20/03/2020",336.25,8.966667
"2020","RESEAU","Var Littoral","2020-03","TRAVAUX FACTURABLES","20/03/2020",16.730769,0.446154
"2020","RESEAU","Var Littoral","2020-03","CLIENTELE","20/03/2020",15.525769,0.414021
"2020","RESEAU","Var Littoral","2020-03","DISTRIBUTION / COLLECTE","20/03/2020",88.366923,2.356451
"2020","RESEAU","Var Littoral","2020-03","RELEVE COMPTEURS","20/03/2020",0,0
"2020","AUTRES","Var Littoral","2020-03","TRAJET","20/03/2020",74.13,1.9768
"2020","AUTRES","Var Littoral","2020-03","ADMINISTRATIF","20/03/2020",47.655,1.2708
"2020","STATION","Centre Var","2020-03","ELECTROMECANIQUE","27/03/2020",11.25,0.3
"2020","STATION","Centre Var","2020-03","PRODUCTION / TRAITEMENT","27/03/2020",179.716667,4.792444
"2020","RESEAU","Centre Var","2020-03","TRAVAUX FACTURABLES","27/03/2020",9.951923,0.265385
"2020","RESEAU","Centre Var","2020-03","CLIENTELE","27/03/2020",11.068269,0.295154
"2020","RESEAU","Centre Var","2020-03","DISTRIBUTION / COLLECTE","27/03/2020",54.021538,1.440574
"2020","RESEAU","Centre Var","2020-03","RELEVE COMPTEURS","27/03/2020",0,0
"2020","AUTRES","Centre Var","2020-03","TRAJET","27/03/2020",46.725,1.246
"2020","AUTRES","Centre Var","2020-03","ADMINISTRATIF","27/03/2020",30.0375,0.801
"2020","STATION","Var Littoral","2020-03","ELECTROMECANIQUE","27/03/2020",2.045956,0.054559
"2020","STATION","Var Littoral","2020-03","PRODUCTION / TRAITEMENT","27/03/2020",387.75,10.34
"2020","RESEAU","Var Littoral","2020-03","TRAVAUX FACTURABLES","27/03/2020",16.730769,0.446154
"2020","RESEAU","Var Littoral","2020-03","CLIENTELE","27/03/2020",22.555769,0.601487
"2020","RESEAU","Var Littoral","2020-03","DISTRIBUTION / COLLECTE","27/03/2020",71.786923,1.914318
"2020","RESEAU","Var Littoral","2020-03","RELEVE COMPTEURS","27/03/2020",0,0
"2020","AUTRES","Var Littoral","2020-03","TRAJET","27/03/2020",78.33,2.0888
"2020","AUTRES","Var Littoral","2020-03","ADMINISTRATIF","27/03/2020",50.355,1.3428
"2020","STATION","Centre Var","2020-04","ELECTROMECANIQUE","03/04/2020",7.5,0.2
"2020","STATION","Centre Var","2020-04","PRODUCTION / TRAITEMENT","03/04/2020",173.15,4.617333
"2020","RESEAU","Centre Var","2020-04","TRAVAUX FACTURABLES","03/04/2020",9.951923,0.265385
"2020","RESEAU","Centre Var","2020-04","CLIENTELE","03/04/2020",8.958269,0.238887
"2020","RESEAU","Centre Var","2020-04","DISTRIBUTION / COLLECTE","03/04/2020",67.351538,1.796041
"2020","RESEAU","Centre Var","2020-04","RELEVE COMPTEURS","03/04/2020",0,0
"2020","AUTRES","Centre Var","2020-04","TRAJET","03/04/2020",48.825,1.302
"2020","AUTRES","Centre Var","2020-04","ADMINISTRATIF","03/04/2020",31.3875,0.837
"2020","STATION","Var Littoral","2020-04","ELECTROMECANIQUE","03/04/2020",7.5,0.2
"2020","STATION","Var Littoral","2020-04","PRODUCTION / TRAITEMENT","03/04/2020",324,8.64
"2020","RESEAU","Var Littoral","2020-04","TRAVAUX FACTURABLES","03/04/2020",9.230769,0.246154
"2020","RESEAU","Var Littoral","2020-04","CLIENTELE","03/04/2020",13.675769,0.364687
"2020","RESEAU","Var Littoral","2020-04","DISTRIBUTION / COLLECTE","03/04/2020",73.286923,1.954318
"2020","RESEAU","Var Littoral","2020-04","RELEVE COMPTEURS","03/04/2020",0,0
"2020","AUTRES","Var Littoral","2020-04","TRAJET","03/04/2020",77.49,2.0664
"2020","AUTRES","Var Littoral","2020-04","ADMINISTRATIF","03/04/2020",49.815,1.3284
"2020","STATION","Centre Var","2020-04","ELECTROMECANIQUE","10/04/2020",7.5,0.2
"2020","STATION","Centre Var","2020-04","PRODUCTION / TRAITEMENT","10/04/2020",180.583333,4.815556
"2020","RESEAU","Centre Var","2020-04","TRAVAUX FACTURABLES","10/04/2020",9.951923,0.265385
"2020","RESEAU","Centre Var","2020-04","CLIENTELE","10/04/2020",8.798269,0.234621
"2020","RESEAU","Centre Var","2020-04","DISTRIBUTION / COLLECTE","10/04/2020",58.781538,1.567508
"2020","RESEAU","Centre Var","2020-04","RELEVE COMPTEURS","10/04/2020",0,0
"2020","AUTRES","Centre Var","2020-04","TRAJET","10/04/2020",48.3,1.288
"2020","AUTRES","Centre Var","2020-04","ADMINISTRATIF","10/04/2020",31.05,0.828
"2020","STATION","Var Littoral","2020-04","ELECTROMECANIQUE","10/04/2020",11.25,0.3
"2020","STATION","Var Littoral","2020-04","PRODUCTION / TRAITEMENT","10/04/2020",354.583333,9.455556
"2020","RESEAU","Var Littoral","2020-04","TRAVAUX FACTURABLES","10/04/2020",16.730769,0.446154
"2020","RESEAU","Var Littoral","2020-04","CLIENTELE","10/04/2020",18.435769,0.491621
"2020","RESEAU","Var Littoral","2020-04","DISTRIBUTION / COLLECTE","10/04/2020",77.556923,2.068185
"2020","RESEAU","Var Littoral","2020-04","RELEVE COMPTEURS","10/04/2020",0,0
"2020","AUTRES","Var Littoral","2020-04","TRAJET","10/04/2020",78.33,2.0888
"2020","AUTRES","Var Littoral","2020-04","ADMINISTRATIF","10/04/2020",50.355,1.3428
"2020","STATION","Centre Var","2020-04","ELECTROMECANIQUE","17/04/2020",7.5,0.2
"2020","STATION","Centre Var","2020-04","PRODUCTION / TRAITEMENT","17/04/2020",156.25,4.166667
"2020","RESEAU","Centre Var","2020-04","TRAVAUX FACTURABLES","17/04/2020",9.951923,0.265385
"2020","RESEAU","Centre Var","2020-04","CLIENTELE","17/04/2020",11.208269,0.298887
"2020","RESEAU","Centre Var","2020-04","DISTRIBUTION / COLLECTE","17/04/2020",51.211538,1.365641
"2020","RESEAU","Centre Var","2020-04","RELEVE COMPTEURS","17/04/2020",0,0
"2020","AUTRES","Centre Var","2020-04","TRAJET","17/04/2020",46.725,1.246
"2020","AUTRES","Centre Var","2020-04","ADMINISTRATIF","17/04/2020",30.0375,0.801
"2020","STATION","Var Littoral","2020-04","ELECTROMECANIQUE","17/04/2020",7.5,0.2
"2020","STATION","Var Littoral","2020-04","PRODUCTION / TRAITEMENT","17/04/2020",317.25,8.46
"2020","RESEAU","Var Littoral","2020-04","TRAVAUX FACTURABLES","17/04/2020",16.730769,0.446154
"2020","RESEAU","Var Littoral","2020-04","CLIENTELE","17/04/2020",15.835769,0.422287
"2020","RESEAU","Var Littoral","2020-04","DISTRIBUTION / COLLECTE","17/04/2020",66.236923,1.766318
"2020","RESEAU","Var Littoral","2020-04","RELEVE COMPTEURS","17/04/2020",166.141,4.430427
"2020","AUTRES","Var Littoral","2020-04","TRAJET","17/04/2020",59.43,1.5848
"2020","AUTRES","Var Littoral","2020-04","ADMINISTRATIF","17/04/2020",38.205,1.0188
"2020","STATION","Centre Var","2020-04","ELECTROMECANIQUE","24/04/2020",8.625,0.23
"2020","STATION","Centre Var","2020-04","PRODUCTION / TRAITEMENT","24/04/2020",173.333333,4.622222
"2020","RESEAU","Centre Var","2020-04","TRAVAUX FACTURABLES","24/04/2020",9.951923,0.265385
"2020","RESEAU","Centre Var","2020-04","CLIENTELE","24/04/2020",15.718269,0.419154
"2020","RESEAU","Centre Var","2020-04","DISTRIBUTION / COLLECTE","24/04/2020",48.231538,1.286174
"2020","RESEAU","Centre Var","2020-04","RELEVE COMPTEURS","24/04/2020",0,0
"2020","AUTRES","Centre Var","2020-04","TRAJET","24/04/2020",59.325,1.582
"2020","AUTRES","Centre Var","2020-04","ADMINISTRATIF","24/04/2020",38.1375,1.017
"2020","STATION","Var Littoral","2020-04","ELECTROMECANIQUE","24/04/2020",11.25,0.3
"2020","STATION","Var Littoral","2020-04","PRODUCTION / TRAITEMENT","24/04/2020",337.533333,9.000889
"2020","RESEAU","Var Littoral","2020-04","TRAVAUX FACTURABLES","24/04/2020",16.730769,0.446154
"2020","RESEAU","Var Littoral","2020-04","CLIENTELE","24/04/2020",13.475769,0.359354
"2020","RESEAU","Var Littoral","2020-04","DISTRIBUTION / COLLECTE","24/04/2020",68.736923,1.832985
"2020","RESEAU","Var Littoral","2020-04","RELEVE COMPTEURS","24/04/2020",166.141,4.430427
"2020","AUTRES","Var Littoral","2020-04","TRAJET","24/04/2020",70.14,1.8704
"2020","AUTRES","Var Littoral","2020-04","ADMINISTRATIF","24/04/2020",45.09,1.2024
"2020","STATION","Centre Var","2020-05","ELECTROMECANIQUE","01/05/2020",18.75,0.5
"2020","STATION","Centre Var","2020-05","PRODUCTION / TRAITEMENT","01/05/2020",160.75,4.286667
"2020","RESEAU","Centre Var","2020-05","TRAVAUX FACTURABLES","01/05/2020",9.951923,0.265385
"2020","RESEAU","Centre Var","2020-05","CLIENTELE","01/05/2020",7.518269,0.200487
"2020","RESEAU","Centre Var","2020-05","DISTRIBUTION / COLLECTE","01/05/2020",47.121538,1.256574
"2020","RESEAU","Centre Var","2020-05","RELEVE COMPTEURS","01/05/2020",0,0
"2020","AUTRES","Centre Var","2020-05","TRAJET","01/05/2020",52.29,1.3944
"2020","AUTRES","Centre Var","2020-05","ADMINISTRATIF","01/05/2020",33.615,0.8964
"2020","STATION","Var Littoral","2020-05","ELECTROMECANIQUE","01/05/2020",11.25,0.3
"2020","STATION","Var Littoral","2020-05","PRODUCTION / TRAITEMENT","01/05/2020",302.083333,8.055556
"2020","RESEAU","Var Littoral","2020-05","TRAVAUX FACTURABLES","01/05/2020",16.730769,0.446154
"2020","RESEAU","Var Littoral","2020-05","CLIENTELE","01/05/2020",20.285769,0.540954
"2020","RESEAU","Var Littoral","2020-05","DISTRIBUTION / COLLECTE","01/05/2020",100.776923,2.687385
"2020","RESEAU","Var Littoral","2020-05","RELEVE COMPTEURS","01/05/2020",166.141,4.430427
"2020","AUTRES","Var Littoral","2020-05","TRAJET","01/05/2020",68.88,1.8368
"2020","AUTRES","Var Littoral","2020-05","ADMINISTRATIF","01/05/2020",44.28,1.1808
"2020","STATION","Centre Var","2020-05","ELECTROMECANIQUE","08/05/2020",9.375,0.25
"2020","STATION","Centre Var","2020-05","PRODUCTION / TRAITEMENT","08/05/2020",152.166667,4.057778
"2020","RESEAU","Centre Var","2020-05","TRAVAUX FACTURABLES","08/05/2020",9.951923,0.265385
"2020","RESEAU","Centre Var","2020-05","CLIENTELE","08/05/2020",11.778269,0.314087
"2020","RESEAU","Centre Var","2020-05","DISTRIBUTION / COLLECTE","08/05/2020",49.441538,1.318441
"2020","RESEAU","Centre Var","2020-05","RELEVE COMPTEURS","08/05/2020",0,0
"2020","AUTRES","Centre Var","2020-05","TRAJET","08/05/2020",52.29,1.3944
"2020","AUTRES","Centre Var","2020-05","ADMINISTRATIF","08/05/2020",33.615,0.8964
"2020","STATION","Var Littoral","2020-05","ELECTROMECANIQUE","08/05/2020",7.5,0.2
"2020","STATION","Var Littoral","2020-05","PRODUCTION / TRAITEMENT","08/05/2020",328.35,8.756
"2020","RESEAU","Var Littoral","2020-05","TRAVAUX FACTURABLES","08/05/2020",16.730769,0.446154
"2020","RESEAU","Var Littoral","2020-05","CLIENTELE","08/05/2020",22.115769,0.589754
"2020","RESEAU","Var Littoral","2020-05","DISTRIBUTION / COLLECTE","08/05/2020",79.156923,2.110851
"2020","RESEAU","Var Littoral","2020-05","RELEVE COMPTEURS","08/05/2020",166.141,4.430427
"2020","AUTRES","Var Littoral","2020-05","TRAJET","08/05/2020",74.13,1.9768
"2020","AUTRES","Var Littoral","2020-05","ADMINISTRATIF","08/05/2020",47.655,1.2708
"2020","STATION","Centre Var","2020-05","ELECTROMECANIQUE","15/05/2020",9.75,0.26
"2020","STATION","Centre Var","2020-05","PRODUCTION / TRAITEMENT","15/05/2020",184.25,4.913333
"2020","RESEAU","Centre Var","2020-05","TRAVAUX FACTURABLES","15/05/2020",9.951923,0.265385
"2020","RESEAU","Centre Var","2020-05","CLIENTELE","15/05/2020",5.258269,0.140221
"2020","RESEAU","Centre Var","2020-05","DISTRIBUTION / COLLECTE","15/05/2020",52.041538,1.387774
"2020","RESEAU","Centre Var","2020-05","RELEVE COMPTEURS","15/05/2020",0,0
"2020","AUTRES","Centre Var","2020-05","TRAJET","15/05/2020",66.675,1.778
"2020","AUTRES","Centre Var","2020-05","ADMINISTRATIF","15/05/2020",42.8625,1.143
"2020","STATION","Var Littoral","2020-05","ELECTROMECANIQUE","15/05/2020",3.75,0.1
"2020","STATION","Var Littoral","2020-05","PRODUCTION / TRAITEMENT","15/05/2020",287.75,7.673333
"2020","RESEAU","Var Littoral","2020-05","TRAVAUX FACTURABLES","15/05/2020",16.730769,0.446154
"2020","RESEAU","Var Littoral","2020-05","CLIENTELE","15/05/2020",20.665769,0.551087
"2020","RESEAU","Var Littoral","2020-05","DISTRIBUTION / COLLECTE","15/05/2020",87.966923,2.345785
"2020","RESEAU","Var Littoral","2020-05","RELEVE COMPTEURS","15/05/2020",166.141,4.430427
"2020","AUTRES","Var Littoral","2020-05","TRAJET","15/05/2020",86.73,2.3128
"2020","AUTRES","Var Littoral","2020-05","ADMINISTRATIF","15/05/2020",55.755,1.4868
"2020","STATION","Centre Var","2020-05","ELECTROMECANIQUE","22/05/2020",6.976103,0.186029
"2020","STATION","Centre Var","2020-05","PRODUCTION / TRAITEMENT","22/05/2020",193.5,5.16
"2020","RESEAU","Centre Var","2020-05","TRAVAUX FACTURABLES","22/05/2020",9.951923,0.265385
"2020","RESEAU","Centre Var","2020-05","CLIENTELE","22/05/2020",12.638269,0.337021
"2020","RESEAU","Centre Var","2020-05","DISTRIBUTION / COLLECTE","22/05/2020",52.981538,1.412841
"2020","RESEAU","Centre Var","2020-05","RELEVE COMPTEURS","22/05/2020",0,0
"2020","AUTRES","Centre Var","2020-05","TRAJET","22/05/2020",50.505,1.3468
"2020","AUTRES","Centre Var","2020-05","ADMINISTRATIF","22/05/2020",32.4675,0.8658
"2020","STATION","Var Littoral","2020-05","ELECTROMECANIQUE","22/05/2020",7.5,0.2
"2020","STATION","Var Littoral","2020-05","PRODUCTION / TRAITEMENT","22/05/2020",388.8,10.368
"2020","RESEAU","Var Littoral","2020-05","TRAVAUX FACTURABLES","22/05/2020",16.730769,0.446154
"2020","RESEAU","Var Littoral","2020-05","CLIENTELE","22/05/2020",15.195769,0.405221
"2020","RESEAU","Var Littoral","2020-05","DISTRIBUTION / COLLECTE","22/05/2020",89.336923,2.382318
"2020","RESEAU","Var Littoral","2020-05","RELEVE COMPTEURS","22/05/2020",166.141,4.430427
"2020","AUTRES","Var Littoral","2020-05","TRAJET","22/05/2020",74.655,1.9908
"2020","AUTRES","Var Littoral","2020-05","ADMINISTRATIF","22/05/2020",47.9925,1.2798
"2020","STATION","Centre Var","2020-05","ELECTROMECANIQUE","29/05/2020",6.702206,0.178725
"2020","STATION","Centre Var","2020-05","PRODUCTION / TRAITEMENT","29/05/2020",167.75,4.473333
"2020","RESEAU","Centre Var","2020-05","TRAVAUX FACTURABLES","29/05/2020",9.951923,0.265385
"2020","RESEAU","Centre Var","2020-05","CLIENTELE","29/05/2020",11.418269,0.304487
"2020","RESEAU","Centre Var","2020-05","DISTRIBUTION / COLLECTE","29/05/2020",59.041538,1.574441
"2020","RESEAU","Centre Var","2020-05","RELEVE COMPTEURS","29/05/2020",57.817607,1.541803
"2020","AUTRES","Centre Var","2020-05","TRAJET","29/05/2020",51.45,1.372
"2020","AUTRES","Centre Var","2020-05","ADMINISTRATIF","29/05/2020",33.075,0.882
"2020","STATION","Var Littoral","2020-05","ELECTROMECANIQUE","29/05/2020",3.75,0.1
"2020","STATION","Var Littoral","2020-05","PRODUCTION / TRAITEMENT","29/05/2020",344.5,9.186667
"2020","RESEAU","Var Littoral","2020-05","TRAVAUX FACTURABLES","29/05/2020",16.730769,0.446154
"2020","RESEAU","Var Littoral","2020-05","CLIENTELE","29/05/2020",22.605769,0.602821
"2020","RESEAU","Var Littoral","2020-05","DISTRIBUTION / COLLECTE","29/05/2020",70.746923,1.886585
"2020","RESEAU","Var Littoral","2020-05","RELEVE COMPTEURS","29/05/2020",166.141,4.430427
"2020","AUTRES","Var Littoral","2020-05","TRAJET","29/05/2020",80.43,2.1448
"2020","AUTRES","Var Littoral","2020-05","ADMINISTRATIF","29/05/2020",51.705,1.3788
"2020","STATION","Centre Var","2020-06","ELECTROMECANIQUE","05/06/2020",6.428309,0.171422
"2020","STATION","Centre Var","2020-06","PRODUCTION / TRAITEMENT","05/06/2020",171.716667,4.579111
"2020","RESEAU","Centre Var","2020-06","TRAVAUX FACTURABLES","05/06/2020",9.951923,0.265385
"2020","RESEAU","Centre Var","2020-06","CLIENTELE","05/06/2020",14.998269,0.399954
"2020","RESEAU","Centre Var","2020-06","DISTRIBUTION / COLLECTE","05/06/2020",61.521538,1.640574
"2020","RESEAU","Centre Var","2020-06","RELEVE COMPTEURS","05/06/2020",127.601712,3.402712
"2020","AUTRES","Centre Var","2020-06","TRAJET","05/06/2020",45.99,1.2264
"2020","AUTRES","Centre Var","2020-06","ADMINISTRATIF","05/06/2020",29.565,0.7884
"2020","STATION","Var Littoral","2020-06","ELECTROMECANIQUE","05/06/2020",15,0.4
"2020","STATION","Var Littoral","2020-06","PRODUCTION / TRAITEMENT","05/06/2020",357.916667,9.544444
"2020","RESEAU","Var Littoral","2020-06","TRAVAUX FACTURABLES","05/06/2020",16.730769,0.446154
"2020","RESEAU","Var Littoral","2020-06","CLIENTELE","05/06/2020",11.885769,0.316954
"2020","RESEAU","Var Littoral","2020-06","DISTRIBUTION / COLLECTE","05/06/2020",77.906923,2.077518
"2020","RESEAU","Var Littoral","2020-06","RELEVE COMPTEURS","05/06/2020",166.141,4.430427
"2020","AUTRES","Var Littoral","2020-06","TRAJET","05/06/2020",68.355,1.8228
"2020","AUTRES","Var Littoral","2020-06","ADMINISTRATIF","05/06/2020",43.9425,1.1718
"2020","STATION","Centre Var","2020-06","ELECTROMECANIQUE","12/06/2020",6.154412,0.164118
"2020","STATION","Centre Var","2020-06","PRODUCTION / TRAITEMENT","12/06/2020",173.183333,4.618222
"2020","RESEAU","Centre Var","2020-06","TRAVAUX FACTURABLES","12/06/2020",9.951923,0.265385
"2020","RESEAU","Centre Var","2020-06","CLIENTELE","12/06/2020",6.348269,0.169287
"2020","RESEAU","Centre Var","2020-06","DISTRIBUTION / COLLECTE","12/06/2020",48.181538,1.284841
"2020","RESEAU","Centre Var","2020-06","RELEVE COMPTEURS","12/06/2020",97.728462,2.606092
"2020","AUTRES","Centre Var","2020-06","TRAJET","12/06/2020",64.575,1.722
"2020","AUTRES","Centre Var","2020-06","ADMINISTRATIF","12/06/2020",41.5125,1.107
"2020","STATION","Var Littoral","2020-06","ELECTROMECANIQUE","12/06/2020",15,0.4
"2020","STATION","Var Littoral","2020-06","PRODUCTION / TRAITEMENT","12/06/2020",319.5,8.52
"2020","RESEAU","Var Littoral","2020-06","TRAVAUX FACTURABLES","12/06/2020",16.730769,0.446154
"2020","RESEAU","Var Littoral","2020-06","CLIENTELE","12/06/2020",14.395769,0.383887
"2020","RESEAU","Var Littoral","2020-06","DISTRIBUTION / COLLECTE","12/06/2020",70.076923,1.868718
"2020","RESEAU","Var Littoral","2020-06","RELEVE COMPTEURS","12/06/2020",71.772211,1.913926
"2020","AUTRES","Var Littoral","2020-06","TRAJET","12/06/2020",84.84,2.2624
"2020","AUTRES","Var Littoral","2020-06","ADMINISTRATIF","12/06/2020",54.54,1.4544
"2020","STATION","Centre Var","2020-06","ELECTROMECANIQUE","19/06/2020",5.880515,0.156814
"2020","STATION","Centre Var","2020-06","PRODUCTION / TRAITEMENT","19/06/2020",169.416667,4.517778
"2020","RESEAU","Centre Var","2020-06","TRAVAUX FACTURABLES","19/06/2020",9.951923,0.265385
"2020","RESEAU","Centre Var","2020-06","CLIENTELE","19/06/2020",9.308269,0.248221
"2020","RESEAU","Centre Var","2020-06","DISTRIBUTION / COLLECTE","19/06/2020",50.341538,1.342441
"2020","RESEAU","Centre Var","2020-06","RELEVE COMPTEURS","19/06/2020",79.750962,2.126692
"2020","AUTRES","Centre Var","2020-06","TRAJET","19/06/2020",64.575,1.722
"2020","AUTRES","Centre Var","2020-06","ADMINISTRATIF","19/06/2020",41.5125,1.107
"2020","STATION","Var Littoral","2020-06","ELECTROMECANIQUE","19/06/2020",11.25,0.3
"2020","STATION","Var Littoral","2020-06","PRODUCTION / TRAITEMENT","19/06/2020",334.9,8.930667
"2020","RESEAU","Var Littoral","2020-06","TRAVAUX FACTURABLES","19/06/2020",16.730769,0.446154
"2020","RESEAU","Var Littoral","2020-06","CLIENTELE","19/06/2020",20.475769,0.546021
"2020","RESEAU","Var Littoral","2020-06","DISTRIBUTION / COLLECTE","19/06/2020",77.606923,2.069518
"2020","RESEAU","Var Littoral","2020-06","RELEVE COMPTEURS","19/06/2020",0,0
"2020","AUTRES","Var Littoral","2020-06","TRAJET","19/06/2020",78.855,2.1028
"2020","AUTRES","Var Littoral","2020-06","ADMINISTRATIF","19/06/2020",50.6925,1.3518
"2020","STATION","Centre Var","2020-06","ELECTROMECANIQUE","26/06/2020",5.606618,0.14951
"2020","STATION","Centre Var","2020-06","PRODUCTION / TRAITEMENT","26/06/2020",169.583333,4.522222
"2020","RESEAU","Centre Var","2020-06","TRAVAUX FACTURABLES","26/06/2020",9.951923,0.265385
"2020","RESEAU","Centre Var","2020-06","CLIENTELE","26/06/2020",10.858269,0.289554
"2020","RESEAU","Centre Var","2020-06","DISTRIBUTION / COLLECTE","26/06/2020",57.691538,1.538441
"2020","RESEAU","Centre Var","2020-06","RELEVE COMPTEURS","26/06/2020",67.179462,1.791452
"2020","AUTRES","Centre Var","2020-06","TRAJET","26/06/2020",65.625,1.75
"2020","AUTRES","Centre Var","2020-06","ADMINISTRATIF","26/06/2020",42.1875,1.125
"2020","STATION","Var Littoral","2020-06","ELECTROMECANIQUE","26/06/2020",7.5,0.2
"2020","STATION","Var Littoral","2020-06","PRODUCTION / TRAITEMENT","26/06/2020",394.55,10.521333
"2020","RESEAU","Var Littoral","2020-06","TRAVAUX FACTURABLES","26/06/2020",16.730769,0.446154
"2020","RESEAU","Var Littoral","2020-06","CLIENTELE","26/06/2020",26.525769,0.707354
"2020","RESEAU","Var Littoral","2020-06","DISTRIBUTION / COLLECTE","26/06/2020",98.656923,2.630851
"2020","RESEAU","Var Littoral","2020-06","RELEVE COMPTEURS","26/06/2020",0,0
"2020","AUTRES","Var Littoral","2020-06","TRAJET","26/06/2020",79.905,2.1308
"2020","AUTRES","Var Littoral","2020-06","ADMINISTRATIF","26/06/2020",51.3675,1.3698
"2020","STATION","Centre Var","2020-07","ELECTROMECANIQUE","03/07/2020",5.332721,0.142206
"2020","STATION","Centre Var","2020-07","PRODUCTION / TRAITEMENT","03/07/2020",183.616667,4.896444
"2020","RESEAU","Centre Var","2020-07","TRAVAUX FACTURABLES","03/07/2020",9.951923,0.265385
"2020","RESEAU","Centre Var","2020-07","CLIENTELE","03/07/2020",22.768269,0.607154
"2020","RESEAU","Centre Var","2020-07","DISTRIBUTION / COLLECTE","03/07/2020",63.281538,1.687508
"2020","RESEAU","Centre Var","2020-07","RELEVE COMPTEURS","03/07/2020",61.518462,1.640492
"2020","AUTRES","Centre Var","2020-07","TRAJET","03/07/2020",65.625,1.75
"2020","AUTRES","Centre Var","2020-07","ADMINISTRATIF","03/07/2020",42.1875,1.125
"2020","STATION","Var Littoral","2020-07","ELECTROMECANIQUE","03/07/2020",18.75,0.5
"2020","STATION","Var Littoral","2020-07","PRODUCTION / TRAITEMENT","03/07/2020",340.483333,9.079556
"2020","RESEAU","Var Littoral","2020-07","TRAVAUX FACTURABLES","03/07/2020",16.730769,0.446154
"2020","RESEAU","Var Littoral","2020-07","CLIENTELE","03/07/2020",23.215769,0.619087
"2020","RESEAU","Var Littoral","2020-07","DISTRIBUTION / COLLECTE","03/07/2020",100.376923,2.676718
"2020","RESEAU","Var Littoral","2020-07","RELEVE COMPTEURS","03/07/2020",0,0
"2020","AUTRES","Var Littoral","2020-07","TRAJET","03/07/2020",79.38,2.1168
"2020","AUTRES","Var Littoral","2020-07","ADMINISTRATIF","03/07/2020",51.03,1.3608
"2020","STATION","Centre Var","2020-07","ELECTROMECANIQUE","10/07/2020",9.75,0.26
"2020","STATION","Centre Var","2020-07","PRODUCTION / TRAITEMENT","10/07/2020",168.25,4.486667
"2020","RESEAU","Centre Var","2020-07","TRAVAUX FACTURABLES","10/07/2020",9.951923,0.265385
"2020","RESEAU","Centre Var","2020-07","CLIENTELE","10/07/2020",5.518269,0.147154
"2020","RESEAU","Centre Var","2020-07","DISTRIBUTION / COLLECTE","10/07/2020",43.711538,1.165641
"2020","RESEAU","Centre Var","2020-07","RELEVE COMPTEURS","10/07/2020",61.518462,1.640492
"2020","AUTRES","Centre Var","2020-07","TRAJET","10/07/2020",40.53,1.0808
"2020","AUTRES","Centre Var","2020-07","ADMINISTRATIF","10/07/2020",26.055,0.6948
"2020","STATION","Var Littoral","2020-07","ELECTROMECANIQUE","10/07/2020",7.5,0.2
"2020","STATION","Var Littoral","2020-07","PRODUCTION / TRAITEMENT","10/07/2020",312.083333,8.322222
"2020","RESEAU","Var Littoral","2020-07","TRAVAUX FACTURABLES","10/07/2020",16.730769,0.446154
"2020","RESEAU","Var Littoral","2020-07","CLIENTELE","10/07/2020",12.065769,0.321754
"2020","RESEAU","Var Littoral","2020-07","DISTRIBUTION / COLLECTE","10/07/2020",120.936923,3.224985
"2020","RESEAU","Var Littoral","2020-07","RELEVE COMPTEURS","10/07/2020",0,0
"2020","AUTRES","Var Littoral","2020-07","TRAJET","10/07/2020",54.18,1.4448
"2020","AUTRES","Var Littoral","2020-07","ADMINISTRATIF","10/07/2020",34.83,0.9288
"2020","STATION","Centre Var","2020-07","ELECTROMECANIQUE","17/07/2020",6.976103,0.186029
"2020","STATION","Centre Var","2020-07","PRODUCTION / TRAITEMENT","17/07/2020",186.016667,4.960444
"2020","RESEAU","Centre Var","2020-07","TRAVAUX FACTURABLES","17/07/2020",9.951923,0.265385
"2020","RESEAU","Centre Var","2020-07","CLIENTELE","17/07/2020",17.168269,0.457821
"2020","RESEAU","Centre Var","2020-07","DISTRIBUTION / COLLECTE","17/07/2020",60.701538,1.618708
"2020","RESEAU","Centre Var","2020-07","RELEVE COMPTEURS","17/07/2020",0,0
"2020","AUTRES","Centre Var","2020-07","TRAJET","17/07/2020",48.825,1.302
"2020","AUTRES","Centre Var","2020-07","ADMINISTRATIF","17/07/2020",31.3875,0.837
"2020","STATION","Var Littoral","2020-07","ELECTROMECANIQUE","17/07/2020",11.25,0.3
"2020","STATION","Var Littoral","2020-07","PRODUCTION / TRAITEMENT","17/07/2020",347.5,9.266667
"2020","RESEAU","Var Littoral","2020-07","TRAVAUX FACTURABLES","17/07/2020",16.730769,0.446154
"2020","RESEAU","Var Littoral","2020-07","CLIENTELE","17/07/2020",17.735769,0.472954
"2020","RESEAU","Var Littoral","2020-07","DISTRIBUTION / COLLECTE","17/07/2020",81.036923,2.160985
"2020","RESEAU","Var Littoral","2020-07","RELEVE COMPTEURS","17/07/2020",0,0
"2020","AUTRES","Var Littoral","2020-07","TRAJET","17/07/2020",70.665,1.8844
"2020","AUTRES","Var Littoral","2020-07","ADMINISTRATIF","17/07/2020",45.4275,1.2114
"2020","STATION","Centre Var","2020-07","ELECTROMECANIQUE","24/07/2020",4.511029,0.120294
"2020","STATION","Centre Var","2020-07","PRODUCTION / TRAITEMENT","24/07/2020",201.333333,5.368889
"2020","RESEAU","Centre Var","2020-07","TRAVAUX FACTURABLES","24/07/2020",9.951923,0.265385
"2020","RESEAU","Centre Var","2020-07","CLIENTELE","24/07/2020",11.478269,0.306087
"2020","RESEAU","Centre Var","2020-07","DISTRIBUTION / COLLECTE","24/07/2020",56.391538,1.503774
"2020","RESEAU","Centre Var","2020-07","RELEVE COMPTEURS","24/07/2020",0,0
"2020","AUTRES","Centre Var","2020-07","TRAJET","24/07/2020",47.25,1.26
"2020","AUTRES","Centre Var","2020-07","ADMINISTRATIF","24/07/2020",30.375,0.81
"2020","STATION","Var Littoral","2020-07","ELECTROMECANIQUE","24/07/2020",11.25,0.3
"2020","STATION","Var Littoral","2020-07","PRODUCTION / TRAITEMENT","24/07/2020",382,10.186667
"2020","RESEAU","Var Littoral","2020-07","TRAVAUX FACTURABLES","24/07/2020",16.730769,0.446154
"2020","RESEAU","Var Littoral","2020-07","CLIENTELE","24/07/2020",19.675769,0.524687
"2020","RESEAU","Var Littoral","2020-07","DISTRIBUTION / COLLECTE","24/07/2020",80.886923,2.156985
"2020","RESEAU","Var Littoral","2020-07","RELEVE COMPTEURS","24/07/2020",0,0
"2020","AUTRES","Var Littoral","2020-07","TRAJET","24/07/2020",81.69,2.1784
"2020","AUTRES","Var Littoral","2020-07","ADMINISTRATIF","24/07/2020",52.515,1.4004
"2020","STATION","Centre Var","2020-07","ELECTROMECANIQUE","31/07/2020",7.987132,0.21299
"2020","STATION","Centre Var","2020-07","PRODUCTION / TRAITEMENT","31/07/2020",164.416667,4.384444
"2020","RESEAU","Centre Var","2020-07","TRAVAUX FACTURABLES","31/07/2020",9.951923,0.265385
"2020","RESEAU","Centre Var","2020-07","CLIENTELE","31/07/2020",17.198269,0.458621
"2020","RESEAU","Centre Var","2020-07","DISTRIBUTION / COLLECTE","31/07/2020",62.021538,1.653908
"2020","RESEAU","Centre Var","2020-07","RELEVE COMPTEURS","31/07/2020",0,0
"2020","AUTRES","Centre Var","2020-07","TRAJET","31/07/2020",47.25,1.26
"2020","AUTRES","Centre Var","2020-07","ADMINISTRATIF","31/07/2020",30.375,0.81
"2020","STATION","Var Littoral","2020-07","ELECTROMECANIQUE","31/07/2020",22.5,0.6
"2020","STATION","Var Littoral","2020-07","PRODUCTION / TRAITEMENT","31/07/2020",355.666667,9.484444
"2020","RESEAU","Var Littoral","2020-07","TRAVAUX FACTURABLES","31/07/2020",16.730769,0.446154
"2020","RESEAU","Var Littoral","2020-07","CLIENTELE","31/07/2020",16.075769,0.428687
"2020","RESEAU","Var Littoral","2020-07","DISTRIBUTION / COLLECTE","31/07/2020",83.716923,2.232451
"2020","RESEAU","Var Littoral","2020-07","RELEVE COMPTEURS","31/07/2020",0,0
"2020","AUTRES","Var Littoral","2020-07","TRAJET","31/07/2020",82.53,2.2008
"2020","AUTRES","Var Littoral","2020-07","ADMINISTRATIF","31/07/2020",53.055,1.4148
"2020","STATION","Centre Var","2020-08","ELECTROMECANIQUE","07/08/2020",11.25,0.3
"2020","STATION","Centre Var","2020-08","PRODUCTION / TRAITEMENT","07/08/2020",164.5,4.386667
"2020","RESEAU","Centre Var","2020-08","TRAVAUX FACTURABLES","07/08/2020",9.951923,0.265385
"2020","RESEAU","Centre Var","2020-08","CLIENTELE","07/08/2020",17.998269,0.479954
"2020","RESEAU","Centre Var","2020-08","DISTRIBUTION / COLLECTE","07/08/2020",60.451538,1.612041
"2020","RESEAU","Centre Var","2020-08","RELEVE COMPTEURS","07/08/2020",0,0
"2020","AUTRES","Centre Var","2020-08","TRAJET","07/08/2020",47.775,1.274
"2020","AUTRES","Centre Var","2020-08","ADMINISTRATIF","07/08/2020",30.7125,0.819
"2020","STATION","Var Littoral","2020-08","ELECTROMECANIQUE","07/08/2020",15,0.4
"2020","STATION","Var Littoral","2020-08","PRODUCTION / TRAITEMENT","07/08/2020",353,9.413333
"2020","RESEAU","Var Littoral","2020-08","TRAVAUX FACTURABLES","07/08/2020",16.730769,0.446154
"2020","RESEAU","Var Littoral","2020-08","CLIENTELE","07/08/2020",17.285769,0.460954
"2020","RESEAU","Var Littoral","2020-08","DISTRIBUTION / COLLECTE","07/08/2020",74.456923,1.985518
"2020","RESEAU","Var Littoral","2020-08","RELEVE COMPTEURS","07/08/2020",0,0
"2020","AUTRES","Var Littoral","2020-08","TRAJET","07/08/2020",83.58,2.2288
"2020","AUTRES","Var Littoral","2020-08","ADMINISTRATIF","07/08/2020",53.73,1.4328
"2020","STATION","Centre Var","2020-08","ELECTROMECANIQUE","14/08/2020",7.5,0.2
"2020","STATION","Centre Var","2020-08","PRODUCTION / TRAITEMENT","14/08/2020",166.666667,4.444444
"2020","RESEAU","Centre Var","2020-08","TRAVAUX FACTURABLES","14/08/2020",9.951923,0.265385
"2020","RESEAU","Centre Var","2020-08","CLIENTELE","14/08/2020",7.738269,0.206354
"2020","RESEAU","Centre Var","2020-08","DISTRIBUTION / COLLECTE","14/08/2020",62.121538,1.656574
"2020","RESEAU","Centre Var","2020-08","RELEVE COMPTEURS","14/08/2020",0,0
"2020","AUTRES","Centre Var","2020-08","TRAJET","14/08/2020",33.39,0.8904
"2020","AUTRES","Centre Var","2020-08","ADMINISTRATIF","14/08/2020",21.465,0.5724
"2020","STATION","Var Littoral","2020-08","ELECTROMECANIQUE","14/08/2020",18.75,0.5
"2020","STATION","Var Littoral","2020-08","PRODUCTION / TRAITEMENT","14/08/2020",326.5,8.706667
"2020","RESEAU","Var Littoral","2020-08","TRAVAUX FACTURABLES","14/08/2020",16.730769,0.446154
"2020","RESEAU","Var Littoral","2020-08","CLIENTELE","14/08/2020",12.865769,0.343087
"2020","RESEAU","Var Littoral","2020-08","DISTRIBUTION / COLLECTE","14/08/2020",88.406923,2.357518
"2020","RESEAU","Var Littoral","2020-08","RELEVE COMPTEURS","14/08/2020",0,0
"2020","AUTRES","Var Littoral","2020-08","TRAJET","14/08/2020",72.03,1.9208
"2020","AUTRES","Var Littoral","2020-08","ADMINISTRATIF","14/08/2020",46.305,1.2348
"2020","STATION","Centre Var","2020-08","ELECTROMECANIQUE","21/08/2020",15,0.4
"2020","STATION","Centre Var","2020-08","PRODUCTION / TRAITEMENT","21/08/2020",166.083333,4.428889
"2020","RESEAU","Centre Var","2020-08","TRAVAUX FACTURABLES","21/08/2020",9.951923,0.265385
"2020","RESEAU","Centre Var","2020-08","CLIENTELE","21/08/2020",14.798269,0.394621
"2020","RESEAU","Centre Var","2020-08","DISTRIBUTION / COLLECTE","21/08/2020",51.231538,1.366174
"2020","RESEAU","Centre Var","2020-08","RELEVE COMPTEURS","21/08/2020",0,0
"2020","AUTRES","Centre Var","2020-08","TRAJET","21/08/2020",48.825,1.302
"2020","AUTRES","Centre Var","2020-08","ADMINISTRATIF","21/08/2020",31.3875,0.837
"2020","STATION","Var Littoral","2020-08","ELECTROMECANIQUE","21/08/2020",7.5,0.2
"2020","STATION","Var Littoral","2020-08","PRODUCTION / TRAITEMENT","21/08/2020",326.833333,8.715556
"2020","RESEAU","Var Littoral","2020-08","TRAVAUX FACTURABLES","21/08/2020",16.730769,0.446154
"2020","RESEAU","Var Littoral","2020-08","CLIENTELE","21/08/2020",8.285769,0.220954
"2020","RESEAU","Var Littoral","2020-08","DISTRIBUTION / COLLECTE","21/08/2020",78.396923,2.090585
"2020","RESEAU","Var Littoral","2020-08","RELEVE COMPTEURS","21/08/2020",0,0
"2020","AUTRES","Var Littoral","2020-08","TRAJET","21/08/2020",79.38,2.1168
"2020","AUTRES","Var Littoral","2020-08","ADMINISTRATIF","21/08/2020",51.03,1.3608
"2020","STATION","Centre Var","2020-08","ELECTROMECANIQUE","28/08/2020",3.141544,0.083775
"2020","STATION","Centre Var","2020-08","PRODUCTION / TRAITEMENT","28/08/2020",175,4.666667
"2020","RESEAU","Centre Var","2020-08","TRAVAUX FACTURABLES","28/08/2020",9.951923,0.265385
"2020","RESEAU","Centre Var","2020-08","CLIENTELE","28/08/2020",15.708269,0.418887
"2020","RESEAU","Centre Var","2020-08","DISTRIBUTION / COLLECTE","28/08/2020",48.121538,1.283241
"2020","RESEAU","Centre Var","2020-08","RELEVE COMPTEURS","28/08/2020",0,0
"2020","AUTRES","Centre Var","2020-08","TRAJET","28/08/2020",45.675,1.218
"2020","AUTRES","Centre Var","2020-08","ADMINISTRATIF","28/08/2020",29.3625,0.783
"2020","STATION","Var Littoral","2020-08","ELECTROMECANIQUE","28/08/2020",7.5,0.2
"2020","STATION","Var Littoral","2020-08","PRODUCTION / TRAITEMENT","28/08/2020",332.183333,8.858222
"2020","RESEAU","Var Littoral","2020-08","TRAVAUX FACTURABLES","28/08/2020",16.730769,0.446154
"2020","RESEAU","Var Littoral","2020-08","CLIENTELE","28/08/2020",18.505769,0.493487
"2020","RESEAU","Var Littoral","2020-08","DISTRIBUTION / COLLECTE","28/08/2020",80.856923,2.156185
"2020","RESEAU","Var Littoral","2020-08","RELEVE COMPTEURS","28/08/2020",155.655579,4.150815
"2020","AUTRES","Var Littoral","2020-08","TRAJET","28/08/2020",75.18,2.0048
"2020","AUTRES","Var Littoral","2020-08","ADMINISTRATIF","28/08/2020",48.33,1.2888
"2020","STATION","Centre Var","2020-09","ELECTROMECANIQUE","04/09/2020",2.867647,0.076471
"2020","STATION","Centre Var","2020-09","PRODUCTION / TRAITEMENT","04/09/2020",171.25,4.566667
"2020","RESEAU","Centre Var","2020-09","TRAVAUX FACTURABLES","04/09/2020",9.951923,0.265385
"2020","RESEAU","Centre Var","2020-09","CLIENTELE","04/09/2020",13.278269,0.354087
"2020","RESEAU","Centre Var","2020-09","DISTRIBUTION / COLLECTE","04/09/2020",50.881538,1.356841
"2020","RESEAU","Centre Var","2020-09","RELEVE COMPTEURS","04/09/2020",0,0
"2020","AUTRES","Centre Var","2020-09","TRAJET","04/09/2020",41.475,1.106
"2020","AUTRES","Centre Var","2020-09","ADMINISTRATIF","04/09/2020",26.6625,0.711
"2020","STATION","Var Littoral","2020-09","ELECTROMECANIQUE","04/09/2020",11.25,0.3
"2020","STATION","Var Littoral","2020-09","PRODUCTION / TRAITEMENT","04/09/2020",328.45,8.758667
"2020","RESEAU","Var Littoral","2020-09","TRAVAUX FACTURABLES","04/09/2020",16.730769,0.446154
"2020","RESEAU","Var Littoral","2020-09","CLIENTELE","04/09/2020",21.165769,0.564421
"2020","RESEAU","Var Littoral","2020-09","DISTRIBUTION / COLLECTE","04/09/2020",83.046923,2.214585
"2020","RESEAU","Var Littoral","2020-09","RELEVE COMPTEURS","04/09/2020",155.655579,4.150815
"2020","AUTRES","Var Littoral","2020-09","TRAJET","04/09/2020",75.18,2.0048
"2020","AUTRES","Var Littoral","2020-09","ADMINISTRATIF","04/09/2020",48.33,1.2888
"2020","STATION","Centre Var","2020-09","ELECTROMECANIQUE","11/09/2020",11.25,0.3
"2020","STATION","Centre Var","2020-09","PRODUCTION / TRAITEMENT","11/09/2020",159.083333,4.242222
"2020","RESEAU","Centre Var","2020-09","TRAVAUX FACTURABLES","11/09/2020",9.951923,0.265385
"2020","RESEAU","Centre Var","2020-09","CLIENTELE","11/09/2020",18.678269,0.498087
"2020","RESEAU","Centre Var","2020-09","DISTRIBUTION / COLLECTE","11/09/2020",45.291538,1.207774
"2020","RESEAU","Centre Var","2020-09","RELEVE COMPTEURS","11/09/2020",0,0
"2020","AUTRES","Centre Var","2020-09","TRAJET","11/09/2020",58.8,1.568
"2020","AUTRES","Centre Var","2020-09","ADMINISTRATIF","11/09/2020",37.8,1.008
"2020","STATION","Var Littoral","2020-09","ELECTROMECANIQUE","11/09/2020",11.25,0.3
"2020","STATION","Var Littoral","2020-09","PRODUCTION / TRAITEMENT","11/09/2020",370.5,9.88
"2020","RESEAU","Var Littoral","2020-09","TRAVAUX FACTURABLES","11/09/2020",16.730769,0.446154
"2020","RESEAU","Var Littoral","2020-09","CLIENTELE","11/09/2020",15.465769,0.412421
"2020","RESEAU","Var Littoral","2020-09","DISTRIBUTION / COLLECTE","11/09/2020",81.966923,2.185785
"2020","RESEAU","Var Littoral","2020-09","RELEVE COMPTEURS","11/09/2020",155.655579,4.150815
"2020","AUTRES","Var Littoral","2020-09","TRAJET","11/09/2020",86.205,2.2988
"2020","AUTRES","Var Littoral","2020-09","ADMINISTRATIF","11/09/2020",55.4175,1.4778
"2020","STATION","Centre Var","2020-09","ELECTROMECANIQUE","18/09/2020",2.319853,0.061863
"2020","STATION","Centre Var","2020-09","PRODUCTION / TRAITEMENT","18/09/2020",155.25,4.14
"2020","RESEAU","Centre Var","2020-09","TRAVAUX FACTURABLES","18/09/2020",9.951923,0.265385
"2020","RESEAU","Centre Var","2020-09","CLIENTELE","18/09/2020",16.458269,0.438887
"2020","RESEAU","Centre Var","2020-09","DISTRIBUTION / COLLECTE","18/09/2020",50.871538,1.356574
"2020","RESEAU","Centre Var","2020-09","RELEVE COMPTEURS","18/09/2020",0,0
"2020","AUTRES","Centre Var","2020-09","TRAJET","18/09/2020",62.475,1.666
"2020","AUTRES","Centre Var","2020-09","ADMINISTRATIF","18/09/2020",40.1625,1.071
"2020","STATION","Var Littoral","2020-09","ELECTROMECANIQUE","18/09/2020",3.75,0.1
"2020","STATION","Var Littoral","2020-09","PRODUCTION / TRAITEMENT","18/09/2020",320.833333,8.555556
"2020","RESEAU","Var Littoral","2020-09","TRAVAUX FACTURABLES","18/09/2020",16.730769,0.446154
"2020","RESEAU","Var Littoral","2020-09","CLIENTELE","18/09/2020",17.135769,0.456954
"2020","RESEAU","Var Littoral","2020-09","DISTRIBUTION / COLLECTE","18/09/2020",74.436923,1.984985
"2020","RESEAU","Var Littoral","2020-09","RELEVE COMPTEURS","18/09/2020",155.655579,4.150815
"2020","AUTRES","Var Littoral","2020-09","TRAJET","18/09/2020",82.53,2.2008
"2020","AUTRES","Var Littoral","2020-09","ADMINISTRATIF","18/09/2020",53.055,1.4148
"2020","STATION","Centre Var","2020-09","ELECTROMECANIQUE","25/09/2020",2.045956,0.054559
"2020","STATION","Centre Var","2020-09","PRODUCTION / TRAITEMENT","25/09/2020",180.25,4.806667
"2020","RESEAU","Centre Var","2020-09","TRAVAUX FACTURABLES","25/09/2020",9.951923,0.265385
"2020","RESEAU","Centre Var","2020-09","CLIENTELE","25/09/2020",16.058269,0.428221
"2020","RESEAU","Centre Var","2020-09","DISTRIBUTION / COLLECTE","25/09/2020",48.331538,1.288841
"2020","RESEAU","Centre Var","2020-09","RELEVE COMPTEURS","25/09/2020",0,0
"2020","AUTRES","Centre Var","2020-09","TRAJET","25/09/2020",65.625,1.75
"2020","AUTRES","Centre Var","2020-09","ADMINISTRATIF","25/09/2020",42.1875,1.125
"2020","STATION","Var Littoral","2020-09","ELECTROMECANIQUE","25/09/2020",11.25,0.3
"2020","STATION","Var Littoral","2020-09","PRODUCTION / TRAITEMENT","25/09/2020",324.916667,8.664444
"2020","RESEAU","Var Littoral","2020-09","TRAVAUX FACTURABLES","25/09/2020",16.730769,0.446154
"2020","RESEAU","Var Littoral","2020-09","CLIENTELE","25/09/2020",10.645769,0.283887
"2020","RESEAU","Var Littoral","2020-09","DISTRIBUTION / COLLECTE","25/09/2020",72.806923,1.941518
"2020","RESEAU","Var Littoral","2020-09","RELEVE COMPTEURS","25/09/2020",155.655579,4.150815
"2020","AUTRES","Var Littoral","2020-09","TRAJET","25/09/2020",89.355,2.3828
"2020","AUTRES","Var Littoral","2020-09","ADMINISTRATIF","25/09/2020",57.4425,1.5318
"2020","STATION","Centre Var","2020-10","ELECTROMECANIQUE","02/10/2020",11.25,0.3
"2020","STATION","Centre Var","2020-10","PRODUCTION / TRAITEMENT","02/10/2020",163.883333,4.370222
"2020","RESEAU","Centre Var","2020-10","TRAVAUX FACTURABLES","02/10/2020",9.951923,0.265385
"2020","RESEAU","Centre Var","2020-10","CLIENTELE","02/10/2020",12.388269,0.330354
"2020","RESEAU","Centre Var","2020-10","DISTRIBUTION / COLLECTE","02/10/2020",47.551538,1.268041
"2020","RESEAU","Centre Var","2020-10","RELEVE COMPTEURS","02/10/2020",0,0
"2020","AUTRES","Centre Var","2020-10","TRAJET","02/10/2020",64.575,1.722
"2020","AUTRES","Centre Var","2020-10","ADMINISTRATIF","02/10/2020",41.5125,1.107
"2020","STATION","Var Littoral","2020-10","ELECTROMECANIQUE","02/10/2020",7.5,0.2
"2020","STATION","Var Littoral","2020-10","PRODUCTION / TRAITEMENT","02/10/2020",318,8.48
"2020","RESEAU","Var Littoral","2020-10","TRAVAUX FACTURABLES","02/10/2020",12.980769,0.346154
"2020","RESEAU","Var Littoral","2020-10","CLIENTELE","02/10/2020",19.495769,0.519887
"2020","RESEAU","Var Littoral","2020-10","DISTRIBUTION / COLLECTE","02/10/2020",79.746923,2.126585
"2020","RESEAU","Var Littoral","2020-10","RELEVE COMPTEURS","02/10/2020",155.655579,4.150815
"2020","AUTRES","Var Littoral","2020-10","TRAJET","02/10/2020",84.315,2.2484
"2020","AUTRES","Var Littoral","2020-10","ADMINISTRATIF","02/10/2020",54.2025,1.4454
"2020","STATION","Centre Var","2020-10","ELECTROMECANIQUE","09/10/2020",11.25,0.3
"2020","STATION","Centre Var","2020-10","PRODUCTION / TRAITEMENT","09/10/2020",160.416667,4.277778
"2020","RESEAU","Centre Var","2020-10","TRAVAUX FACTURABLES","09/10/2020",9.951923,0.265385
"2020","RESEAU","Centre Var","2020-10","CLIENTELE","09/10/2020",24.368269,0.649821
"2020","RESEAU","Centre Var","2020-10","DISTRIBUTION / COLLECTE","09/10/2020",55.041538,1.467774
"2020","RESEAU","Centre Var","2020-10","RELEVE COMPTEURS","09/10/2020",0,0
"2020","AUTRES","Centre Var","2020-10","TRAJET","09/10/2020",61.425,1.638
"2020","AUTRES","Centre Var","2020-10","ADMINISTRATIF","09/10/2020",39.4875,1.053
"2020","STATION","Var Littoral","2020-10","ELECTROMECANIQUE","09/10/2020",7.5,0.2
"2020","STATION","Var Littoral","2020-10","PRODUCTION / TRAITEMENT","09/10/2020",331.5,8.84
"2020","RESEAU","Var Littoral","2020-10","TRAVAUX FACTURABLES","09/10/2020",16.730769,0.446154
"2020","RESEAU","Var Littoral","2020-10","CLIENTELE","09/10/2020",17.685769,0.471621
"2020","RESEAU","Var Littoral","2020-10","DISTRIBUTION / COLLECTE","09/10/2020",88.986923,2.372985
"2020","RESEAU","Var Littoral","2020-10","RELEVE COMPTEURS","09/10/2020",155.655579,4.150815
"2020","AUTRES","Var Littoral","2020-10","TRAJET","09/10/2020",88.515,2.3604
"2020","AUTRES","Var Littoral","2020-10","ADMINISTRATIF","09/10/2020",56.9025,1.5174
"2020","STATION","Centre Var","2020-10","ELECTROMECANIQUE","16/10/2020",7.5,0.2
"2020","STATION","Centre Var","2020-10","PRODUCTION / TRAITEMENT","16/10/2020",148.6,3.962667
"2020","RESEAU","Centre Var","2020-10","TRAVAUX FACTURABLES","16/10/2020",9.951923,0.265385
"2020","RESEAU","Centre Var","2020-10","CLIENTELE","16/10/2020",14.798269,0.394621
"2020","RESEAU","Centre Var","2020-10","DISTRIBUTION / COLLECTE","16/10/2020",46.371538,1.236574
"2020","RESEAU","Centre Var","2020-10","RELEVE COMPTEURS","16/10/2020",0,0
"2020","AUTRES","Centre Var","2020-10","TRAJET","16/10/2020",65.625,1.75
"2020","AUTRES","Centre Var","2020-10","ADMINISTRATIF","16/10/2020",42.1875,1.125
"2020","STATION","Var Littoral","2020-10","ELECTROMECANIQUE","16/10/2020",7.5,0.2
"2020","STATION","Var Littoral","2020-10","PRODUCTION / TRAITEMENT","16/10/2020",293.833333,7.835556
"2020","RESEAU","Var Littoral","2020-10","TRAVAUX FACTURABLES","16/10/2020",16.730769,0.446154
"2020","RESEAU","Var Littoral","2020-10","CLIENTELE","16/10/2020",14.385769,0.383621
"2020","RESEAU","Var Littoral","2020-10","DISTRIBUTION / COLLECTE","16/10/2020",79.746923,2.126585
"2020","RESEAU","Var Littoral","2020-10","RELEVE COMPTEURS","16/10/2020",155.655579,4.150815
"2020","AUTRES","Var Littoral","2020-10","TRAJET","16/10/2020",86.205,2.2988
"2020","AUTRES","Var Littoral","2020-10","ADMINISTRATIF","16/10/2020",55.4175,1.4778
"2020","STATION","Centre Var","2020-10","ELECTROMECANIQUE","23/10/2020",11.25,0.3
"2020","STATION","Centre Var","2020-10","PRODUCTION / TRAITEMENT","23/10/2020",192.083333,5.122222
"2020","RESEAU","Centre Var","2020-10","TRAVAUX FACTURABLES","23/10/2020",9.951923,0.265385
"2020","RESEAU","Centre Var","2020-10","CLIENTELE","23/10/2020",7.898269,0.210621
"2020","RESEAU","Centre Var","2020-10","DISTRIBUTION / COLLECTE","23/10/2020",51.371538,1.369908
"2020","RESEAU","Centre Var","2020-10","RELEVE COMPTEURS","23/10/2020",34.186105,0.911629
"2020","AUTRES","Centre Var","2020-10","TRAJET","23/10/2020",48.3,1.288
"2020","AUTRES","Centre Var","2020-10","ADMINISTRATIF","23/10/2020",31.05,0.828
"2020","STATION","Var Littoral","2020-10","ELECTROMECANIQUE","23/10/2020",8.625,0.23
"2020","STATION","Var Littoral","2020-10","PRODUCTION / TRAITEMENT","23/10/2020",321.5,8.573333
"2020","RESEAU","Var Littoral","2020-10","TRAVAUX FACTURABLES","23/10/2020",9.230769,0.246154
"2020","RESEAU","Var Littoral","2020-10","CLIENTELE","23/10/2020",15.245769,0.406554
"2020","RESEAU","Var Littoral","2020-10","DISTRIBUTION / COLLECTE","23/10/2020",100.616923,2.683118
"2020","RESEAU","Var Littoral","2020-10","RELEVE COMPTEURS","23/10/2020",155.655579,4.150815
"2020","AUTRES","Var Littoral","2020-10","TRAJET","23/10/2020",76.23,2.0328
"2020","AUTRES","Var Littoral","2020-10","ADMINISTRATIF","23/10/2020",49.005,1.3068
"2020","STATION","Centre Var","2020-10","ELECTROMECANIQUE","30/10/2020",11.25,0.3
"2020","STATION","Centre Var","2020-10","PRODUCTION / TRAITEMENT","30/10/2020",147.75,3.94
"2020","RESEAU","Centre Var","2020-10","TRAVAUX FACTURABLES","30/10/2020",9.951923,0.265385
"2020","RESEAU","Centre Var","2020-10","CLIENTELE","30/10/2020",7.478269,0.199421
"2020","RESEAU","Centre Var","2020-10","DISTRIBUTION / COLLECTE","30/10/2020",46.961538,1.252308
"2020","RESEAU","Centre Var","2020-10","RELEVE COMPTEURS","30/10/2020",34.186105,0.911629
"2020","AUTRES","Centre Var","2020-10","TRAJET","30/10/2020",41.055,1.0948
"2020","AUTRES","Centre Var","2020-10","ADMINISTRATIF","30/10/2020",26.3925,0.7038
"2020","STATION","Var Littoral","2020-10","ELECTROMECANIQUE","30/10/2020",18.75,0.5
"2020","STATION","Var Littoral","2020-10","PRODUCTION / TRAITEMENT","30/10/2020",286.916667,7.651111
"2020","RESEAU","Var Littoral","2020-10","TRAVAUX FACTURABLES","30/10/2020",12.980769,0.346154
"2020","RESEAU","Var Littoral","2020-10","CLIENTELE","30/10/2020",13.745769,0.366554
"2020","RESEAU","Var Littoral","2020-10","DISTRIBUTION / COLLECTE","30/10/2020",106.726923,2.846051
"2020","RESEAU","Var Littoral","2020-10","RELEVE COMPTEURS","30/10/2020",0,0
"2020","AUTRES","Var Littoral","2020-10","TRAJET","30/10/2020",68.355,1.8228
"2020","AUTRES","Var Littoral","2020-10","ADMINISTRATIF","30/10/2020",43.9425,1.1718
"2020","STATION","Centre Var","2020-11","ELECTROMECANIQUE","06/11/2020",7.5,0.2
"2020","STATION","Centre Var","2020-11","PRODUCTION / TRAITEMENT","06/11/2020",146.583333,3.908889
"2020","RESEAU","Centre Var","2020-11","TRAVAUX FACTURABLES","06/11/2020",9.951923,0.265385
"2020","RESEAU","Centre Var","2020-11","CLIENTELE","06/11/2020",11.588269,0.309021
"2020","RESEAU","Centre Var","2020-11","DISTRIBUTION / COLLECTE","06/11/2020",54.051538,1.441374
"2020","RESEAU","Centre Var","2020-11","RELEVE COMPTEURS","06/11/2020",53.387605,1.423669
"2020","AUTRES","Centre Var","2020-11","TRAJET","06/11/2020",59.325,1.582
"2020","AUTRES","Centre Var","2020-11","ADMINISTRATIF","06/11/2020",38.1375,1.017
"2020","STATION","Var Littoral","2020-11","ELECTROMECANIQUE","06/11/2020",9.375,0.25
"2020","STATION","Var Littoral","2020-11","PRODUCTION / TRAITEMENT","06/11/2020",271.666667,7.244444
"2020","RESEAU","Var Littoral","2020-11","TRAVAUX FACTURABLES","06/11/2020",16.730769,0.446154
"2020","RESEAU","Var Littoral","2020-11","CLIENTELE","06/11/2020",17.295769,0.461221
"2020","RESEAU","Var Littoral","2020-11","DISTRIBUTION / COLLECTE","06/11/2020",88.656923,2.364185
"2020","RESEAU","Var Littoral","2020-11","RELEVE COMPTEURS","06/11/2020",0,0
"2020","AUTRES","Var Littoral","2020-11","TRAJET","06/11/2020",77.28,2.0608
"2020","AUTRES","Var Littoral","2020-11","ADMINISTRATIF","06/11/2020",49.68,1.3248
"2020","STATION","Centre Var","2020-11","ELECTROMECANIQUE","13/11/2020",3.75,0.1
"2020","STATION","Centre Var","2020-11","PRODUCTION / TRAITEMENT","13/11/2020",146.25,3.9
"2020","RESEAU","Centre Var","2020-11","TRAVAUX FACTURABLES","13/11/2020",9.951923,0.265385
"2020","RESEAU","Centre Var","2020-11","CLIENTELE","13/11/2020",19.718269,0.525821
"2020","RESEAU","Centre Var","2020-11","DISTRIBUTION / COLLECTE","13/11/2020",45.381538,1.210174
"2020","RESEAU","Centre Var","2020-11","RELEVE COMPTEURS","13/11/2020",125.907257,3.357527
"2020","AUTRES","Centre Var","2020-11","TRAJET","13/11/2020",65.415,1.7444
"2020","AUTRES","Centre Var","2020-11","ADMINISTRATIF","13/11/2020",42.0525,1.1214
"2020","STATION","Var Littoral","2020-11","ELECTROMECANIQUE","13/11/2020",9.75,0.26
"2020","STATION","Var Littoral","2020-11","PRODUCTION / TRAITEMENT","13/11/2020",309.416667,8.251111
"2020","RESEAU","Var Littoral","2020-11","TRAVAUX FACTURABLES","13/11/2020",16.730769,0.446154
"2020","RESEAU","Var Littoral","2020-11","CLIENTELE","13/11/2020",20.385769,0.543621
"2020","RESEAU","Var Littoral","2020-11","DISTRIBUTION / COLLECTE","13/11/2020",69.336923,1.848985
"2020","RESEAU","Var Littoral","2020-11","RELEVE COMPTEURS","13/11/2020",0,0
"2020","AUTRES","Var Littoral","2020-11","TRAJET","13/11/2020",89.355,2.3828
"2020","AUTRES","Var Littoral","2020-11","ADMINISTRATIF","13/11/2020",57.4425,1.5318
"2020","STATION","Centre Var","2020-11","ELECTROMECANIQUE","20/11/2020",7.5,0.2
"2020","STATION","Centre Var","2020-11","PRODUCTION / TRAITEMENT","20/11/2020",163.666667,4.364444
"2020","RESEAU","Centre Var","2020-11","TRAVAUX FACTURABLES","20/11/2020",9.951923,0.265385
"2020","RESEAU","Centre Var","2020-11","CLIENTELE","20/11/2020",19.968269,0.532487
"2020","RESEAU","Centre Var","2020-11","DISTRIBUTION / COLLECTE","20/11/2020",46.171538,1.231241
"2020","RESEAU","Centre Var","2020-11","RELEVE COMPTEURS","20/11/2020",177.991678,4.746445
"2020","AUTRES","Centre Var","2020-11","TRAJET","20/11/2020",66.465,1.7724
"2020","AUTRES","Centre Var","2020-11","ADMINISTRATIF","20/11/2020",42.7275,1.1394
"2020","STATION","Var Littoral","2020-11","ELECTROMECANIQUE","20/11/2020",6.976103,0.186029
"2020","STATION","Var Littoral","2020-11","PRODUCTION / TRAITEMENT","20/11/2020",317.5,8.466667
"2020","RESEAU","Var Littoral","2020-11","TRAVAUX FACTURABLES","20/11/2020",16.730769,0.446154
"2020","RESEAU","Var Littoral","2020-11","CLIENTELE","20/11/2020",21.995769,0.586554
"2020","RESEAU","Var Littoral","2020-11","DISTRIBUTION / COLLECTE","20/11/2020",84.786923,2.260985
"2020","RESEAU","Var Littoral","2020-11","RELEVE COMPTEURS","20/11/2020",0,0
"2020","AUTRES","Var Littoral","2020-11","TRAJET","20/11/2020",91.455,2.4388
"2020","AUTRES","Var Littoral","2020-11","ADMINISTRATIF","20/11/2020",58.7925,1.5678
"2020","STATION","Centre Var","2020-11","ELECTROMECANIQUE","27/11/2020",3.75,0.1
"2020","STATION","Centre Var","2020-11","PRODUCTION / TRAITEMENT","27/11/2020",173.5,4.626667
"2020","RESEAU","Centre Var","2020-11","TRAVAUX FACTURABLES","27/11/2020",9.951923,0.265385
"2020","RESEAU","Centre Var","2020-11","CLIENTELE","27/11/2020",17.808269,0.474887
"2020","RESEAU","Centre Var","2020-11","DISTRIBUTION / COLLECTE","27/11/2020",52.681538,1.404841
"2020","RESEAU","Centre Var","2020-11","RELEVE COMPTEURS","27/11/2020",187.362928,4.996345
"2020","AUTRES","Centre Var","2020-11","TRAJET","27/11/2020",66.675,1.778
"2020","AUTRES","Centre Var","2020-11","ADMINISTRATIF","27/11/2020",42.8625,1.143
"2020","STATION","Var Littoral","2020-11","ELECTROMECANIQUE","27/11/2020",10.452206,0.278725
"2020","STATION","Var Littoral","2020-11","PRODUCTION / TRAITEMENT","27/11/2020",316.666667,8.444444
"2020","RESEAU","Var Littoral","2020-11","TRAVAUX FACTURABLES","27/11/2020",16.730769,0.446154
"2020","RESEAU","Var Littoral","2020-11","CLIENTELE","27/11/2020",20.585769,0.548954
"2020","RESEAU","Var Littoral","2020-11","DISTRIBUTION / COLLECTE","27/11/2020",81.986923,2.186318
"2020","RESEAU","Var Littoral","2020-11","RELEVE COMPTEURS","27/11/2020",0,0
"2020","AUTRES","Var Littoral","2020-11","TRAJET","27/11/2020",80.955,2.1588
"2020","AUTRES","Var Littoral","2020-11","ADMINISTRATIF","27/11/2020",52.0425,1.3878
"2020","STATION","Centre Var","2020-12","ELECTROMECANIQUE","04/12/2020",15,0.4
"2020","STATION","Centre Var","2020-12","PRODUCTION / TRAITEMENT","04/12/2020",166.916667,4.451111
"2020","RESEAU","Centre Var","2020-12","TRAVAUX FACTURABLES","04/12/2020",9.951923,0.265385
"2020","RESEAU","Centre Var","2020-12","CLIENTELE","04/12/2020",15.598269,0.415954
"2020","RESEAU","Centre Var","2020-12","DISTRIBUTION / COLLECTE","04/12/2020",50.441538,1.345108
"2020","RESEAU","Centre Var","2020-12","RELEVE COMPTEURS","04/12/2020",155.748296,4.153288
"2020","AUTRES","Centre Var","2020-12","TRAJET","04/12/2020",63.525,1.694
"2020","AUTRES","Centre Var","2020-12","ADMINISTRATIF","04/12/2020",40.8375,1.089
"2020","STATION","Var Littoral","2020-12","ELECTROMECANIQUE","04/12/2020",6.428309,0.171422
"2020","STATION","Var Littoral","2020-12","PRODUCTION / TRAITEMENT","04/12/2020",319.25,8.513333
"2020","RESEAU","Var Littoral","2020-12","TRAVAUX FACTURABLES","04/12/2020",12.980769,0.346154
"2020","RESEAU","Var Littoral","2020-12","CLIENTELE","04/12/2020",29.995769,0.799887
"2020","RESEAU","Var Littoral","2020-12","DISTRIBUTION / COLLECTE","04/12/2020",84.246923,2.246585
"2020","RESEAU","Var Littoral","2020-12","RELEVE COMPTEURS","04/12/2020",0,0
"2020","AUTRES","Var Littoral","2020-12","TRAJET","04/12/2020",82.005,2.1868
"2020","AUTRES","Var Littoral","2020-12","ADMINISTRATIF","04/12/2020",52.7175,1.4058
"2020","STATION","Centre Var","2020-12","ELECTROMECANIQUE","11/12/2020",15,0.4
"2020","STATION","Centre Var","2020-12","PRODUCTION / TRAITEMENT","11/12/2020",182.016667,4.853778
"2020","RESEAU","Centre Var","2020-12","TRAVAUX FACTURABLES","11/12/2020",9.951923,0.265385
"2020","RESEAU","Centre Var","2020-12","CLIENTELE","11/12/2020",13.708269,0.365554
"2020","RESEAU","Centre Var","2020-12","DISTRIBUTION / COLLECTE","11/12/2020",50.771538,1.353908
"2020","RESEAU","Centre Var","2020-12","RELEVE COMPTEURS","11/12/2020",107.572421,2.868598
"2020","AUTRES","Centre Var","2020-12","TRAJET","11/12/2020",58.8,1.568
"2020","AUTRES","Centre Var","2020-12","ADMINISTRATIF","11/12/2020",37.8,1.008
"2020","STATION","Var Littoral","2020-12","ELECTROMECANIQUE","11/12/2020",6.154412,0.164118
"2020","STATION","Var Littoral","2020-12","PRODUCTION / TRAITEMENT","11/12/2020",326.416667,8.704444
"2020","RESEAU","Var Littoral","2020-12","TRAVAUX FACTURABLES","11/12/2020",16.730769,0.446154
"2020","RESEAU","Var Littoral","2020-12","CLIENTELE","11/12/2020",21.205769,0.565487
"2020","RESEAU","Var Littoral","2020-12","DISTRIBUTION / COLLECTE","11/12/2020",99.146923,2.643918
"2020","RESEAU","Var Littoral","2020-12","RELEVE COMPTEURS","11/12/2020",0,0
"2020","AUTRES","Var Littoral","2020-12","TRAJET","11/12/2020",85.155,2.2708
"2020","AUTRES","Var Littoral","2020-12","ADMINISTRATIF","11/12/2020",54.7425,1.4598
"2020","STATION","Centre Var","2020-12","ELECTROMECANIQUE","18/12/2020",11.25,0.3
"2020","STATION","Centre Var","2020-12","PRODUCTION / TRAITEMENT","18/12/2020",150.916667,4.024444
"2020","RESEAU","Centre Var","2020-12","TRAVAUX FACTURABLES","18/12/2020",9.951923,0.265385
"2020","RESEAU","Centre Var","2020-12","CLIENTELE","18/12/2020",6.538269,0.174354
"2020","RESEAU","Centre Var","2020-12","DISTRIBUTION / COLLECTE","18/12/2020",46.211538,1.232308
"2020","RESEAU","Centre Var","2020-12","RELEVE COMPTEURS","18/12/2020",84.928421,2.264758
"2020","AUTRES","Centre Var","2020-12","TRAJET","18/12/2020",31.815,0.8484
"2020","AUTRES","Centre Var","2020-12","ADMINISTRATIF","18/12/2020",20.4525,0.5454
"2020","STATION","Var Littoral","2020-12","ELECTROMECANIQUE","18/12/2020",5.880515,0.156814
"2020","STATION","Var Littoral","2020-12","PRODUCTION / TRAITEMENT","18/12/2020",285.583333,7.615556
"2020","RESEAU","Var Littoral","2020-12","TRAVAUX FACTURABLES","18/12/2020",16.730769,0.446154
"2020","RESEAU","Var Littoral","2020-12","CLIENTELE","18/12/2020",10.145769,0.270554
"2020","RESEAU","Var Littoral","2020-12","DISTRIBUTION / COLLECTE","18/12/2020",105.196923,2.805251
"2020","RESEAU","Var Littoral","2020-12","RELEVE COMPTEURS","18/12/2020",0,0
"2020","AUTRES","Var Littoral","2020-12","TRAJET","18/12/2020",76.755,2.0468
"2020","AUTRES","Var Littoral","2020-12","ADMINISTRATIF","18/12/2020",49.3425,1.3158
"2020","STATION","Centre Var","2020-12","ELECTROMECANIQUE","25/12/2020",7.5,0.2
"2020","STATION","Centre Var","2020-12","PRODUCTION / TRAITEMENT","25/12/2020",160.383333,4.276889
"2020","RESEAU","Centre Var","2020-12","TRAVAUX FACTURABLES","25/12/2020",9.951923,0.265385
"2020","RESEAU","Centre Var","2020-12","CLIENTELE","25/12/2020",6.698269,0.178621
"2020","RESEAU","Centre Var","2020-12","DISTRIBUTION / COLLECTE","25/12/2020",53.751538,1.433374
"2020","RESEAU","Centre Var","2020-12","RELEVE COMPTEURS","25/12/2020",52.084421,1.388918
"2020","AUTRES","Centre Var","2020-12","TRAJET","25/12/2020",36.75,0.98
"2020","AUTRES","Centre Var","2020-12","ADMINISTRATIF","25/12/2020",23.625,0.63
"2020","STATION","Var Littoral","2020-12","ELECTROMECANIQUE","25/12/2020",5.606618,0.14951
"2020","STATION","Var Littoral","2020-12","PRODUCTION / TRAITEMENT","25/12/2020",344.016667,9.173778
"2020","RESEAU","Var Littoral","2020-12","TRAVAUX FACTURABLES","25/12/2020",16.730769,0.446154
"2020","RESEAU","Var Littoral","2020-12","CLIENTELE","25/12/2020",12.585769,0.335621
"2020","RESEAU","Var Littoral","2020-12","DISTRIBUTION / COLLECTE","25/12/2020",80.776923,2.154051
"2020","RESEAU","Var Littoral","2020-12","RELEVE COMPTEURS","25/12/2020",0,0
"2020","AUTRES","Var Littoral","2020-12","TRAJET","25/12/2020",53.34,1.4224
"2020","AUTRES","Var Littoral","2020-12","ADMINISTRATIF","25/12/2020",34.29,0.9144