"Ann_e","Profil","Secteur","Activite","Date_grain_Week","AGGR_ST.CAPACIT.Capacite_Station","Charge","AGGR_ST.Capacite_Reseau"
"2020","STATION","Centre Var","ELECTROMECANIQUE","01",188.67,18.75,93.48
"2020","STATION","Centre Var","PRODUCTION / TRAITEMENT","01",188.67,169.916667,93.48
"2020","RESEAU","Centre Var","TRAVAUX FACTURABLES","01",188.67,9.951923,93.48
"2020","RESEAU","Centre Var","CLIENTELE","01",188.67,15.248269,93.48
"2020","RESEAU","Centre Var","DISTRIBUTION / COLLECTE","01",188.67,68.281538,93.48
"2020","RESEAU","Centre Var","RELEVE COMPTEURS","01",188.67,0,93.48
"2020","AUTRES","Centre Var","TRAJET","01",188.67,64.575,93.48
"2020","AUTRES","Centre Var","ADMINISTRATIF","01",188.67,41.5125,93.48
"2020","STATION","Var Littoral","ELECTROMECANIQUE","01",277.83,5.332721,125.26
"2020","STATION","Var Littoral","PRODUCTION / TRAITEMENT","01",277.83,272.5,125.26
"2020","RESEAU","Var Littoral","TRAVAUX FACTURABLES","01",277.83,16.730769,125.26
"2020","RESEAU","Var Littoral","CLIENTELE","01",277.83,18.645769,125.26
"2020","RESEAU","Var Littoral","DISTRIBUTION / COLLECTE","01",277.83,89.886923,125.26
"2020","RESEAU","Var Littoral","RELEVE COMPTEURS","01",277.83,0,125.26
"2020","AUTRES","Var Littoral","TRAJET","01",277.83,75.705,125.26
"2020","AUTRES","Var Littoral","ADMINISTRATIF","01",277.83,48.6675,125.26
"2020","STATION","Centre Var","ELECTROMECANIQUE","02",168.58,7.5,91.85
"2020","STATION","Centre Var","PRODUCTION / TRAITEMENT","02",168.58,161.083333,91.85
"2020","RESEAU","Centre Var","TRAVAUX FACTURABLES","02",168.58,9.951923,91.85
"2020","RESEAU","Centre Var","CLIENTELE","02",168.58,19.958269,91.85
"2020","RESEAU","Centre Var","DISTRIBUTION / COLLECTE","02",168.58,61.941538,91.85
"2020","RESEAU","Centre Var","RELEVE COMPTEURS","02",168.58,0,91.85
"2020","AUTRES","Centre Var","TRAJET","02",168.58,64.575,91.85
"2020","AUTRES","Centre Var","ADMINISTRATIF","02",168.58,41.5125,91.85
"2020","STATION","Var Littoral","ELECTROMECANIQUE","02",298.67,9.75,106.03
"2020","STATION","Var Littoral","PRODUCTION / TRAITEMENT","02",298.67,288.916667,106.03
"2020","RESEAU","Var Littoral","TRAVAUX FACTURABLES","02",298.67,16.730769,106.03
"2020","RESEAU","Var Littoral","CLIENTELE","02",298.67,17.095769,106.03
"2020","RESEAU","Var Littoral","DISTRIBUTION / COLLECTE","02",298.67,72.206923,106.03
"2020","RESEAU","Var Littoral","RELEVE COMPTEURS","02",298.67,0,106.03
"2020","AUTRES","Var Littoral","TRAJET","02",298.67,87.255,106.03
"2020","AUTRES","Var Littoral","ADMINISTRATIF","02",298.67,56.0925,106.03
"2020","STATION","Centre Var","ELECTROMECANIQUE","03",182.17,11.25,109.85
"2020","STATION","Centre Var","PRODUCTION / TRAITEMENT","03",182.17,170.916667,109.85
"2020","RESEAU","Centre Var","TRAVAUX FACTURABLES","03",182.17,9.951923,109.85
"2020","RESEAU","Centre Var","CLIENTELE","03",182.17,33.618269,109.85
"2020","RESEAU","Centre Var","DISTRIBUTION / COLLECTE","03",182.17,66.281538,109.85
"2020","RESEAU","Centre Var","RELEVE COMPTEURS","03",182.17,0,109.85
"2020","AUTRES","Centre Var","TRAJET","03",182.17,66.675,109.85
"2020","AUTRES","Centre Var","ADMINISTRATIF","03",182.17,42.8625,109.85
"2020","STATION","Var Littoral","ELECTROMECANIQUE","03",301.06,6.976103,129.55
"2020","STATION","Var Littoral","PRODUCTION / TRAITEMENT","03",301.06,294.083333,129.55
"2020","RESEAU","Var Littoral","TRAVAUX FACTURABLES","03",301.06,16.730769,129.55
"2020","RESEAU","Var Littoral","CLIENTELE","03",301.06,24.505769,129.55
"2020","RESEAU","Var Littoral","DISTRIBUTION / COLLECTE","03",301.06,88.316923,129.55
"2020","RESEAU","Var Littoral","RELEVE COMPTEURS","03",301.06,0,129.55
"2020","AUTRES","Var Littoral","TRAJET","03",301.06,91.98,129.55
"2020","AUTRES","Var Littoral","ADMINISTRATIF","03",301.06,59.13,129.55
"2020","STATION","Centre Var","ELECTROMECANIQUE","04",191.08,11.25,83.67
"2020","STATION","Centre Var","PRODUCTION / TRAITEMENT","04",191.08,179.833333,83.67
"2020","RESEAU","Centre Var","TRAVAUX FACTURABLES","04",191.08,9.951923,83.67
"2020","RESEAU","Centre Var","CLIENTELE","04",191.08,16.138269,83.67
"2020","RESEAU","Centre Var","DISTRIBUTION / COLLECTE","04",191.08,57.581538,83.67
"2020","RESEAU","Centre Var","RELEVE COMPTEURS","04",191.08,0,83.67
"2020","AUTRES","Centre Var","TRAJET","04",191.08,65.1,83.67
"2020","AUTRES","Centre Var","ADMINISTRATIF","04",191.08,41.85,83.67
"2020","STATION","Var Littoral","ELECTROMECANIQUE","04",319.76,4.511029,109.35
"2020","STATION","Var Littoral","PRODUCTION / TRAITEMENT","04",319.76,315.25,109.35
"2020","RESEAU","Var Littoral","TRAVAUX FACTURABLES","04",319.76,16.730769,109.35
"2020","RESEAU","Var Littoral","CLIENTELE","04",319.76,15.065769,109.35
"2020","RESEAU","Var Littoral","DISTRIBUTION / COLLECTE","04",319.76,77.556923,109.35
"2020","RESEAU","Var Littoral","RELEVE COMPTEURS","04",319.76,0,109.35
"2020","AUTRES","Var Littoral","TRAJET","04",319.76,78.33,109.35
"2020","AUTRES","Var Littoral","ADMINISTRATIF","04",319.76,50.355,109.35
"2020","STATION","Centre Var","ELECTROMECANIQUE","05",227.42,22.5,77.58
"2020","STATION","Centre Var","PRODUCTION / TRAITEMENT","05",227.42,204.916667,77.58
"2020","RESEAU","Centre Var","TRAVAUX FACTURABLES","05",227.42,9.951923,77.58
"2020","RESEAU","Centre Var","CLIENTELE","05",227.42,17.598269,77.58
"2020","RESEAU","Centre Var","DISTRIBUTION / COLLECTE","05",227.42,50.031538,77.58
"2020","RESEAU","Centre Var","RELEVE COMPTEURS","05",227.42,0,77.58
"2020","AUTRES","Centre Var","TRAJET","05",227.42,64.575,77.58
"2020","AUTRES","Centre Var","ADMINISTRATIF","05",227.42,41.5125,77.58
"2020","STATION","Var Littoral","ELECTROMECANIQUE","05",302.67,7.987132,126.76
"2020","STATION","Var Littoral","PRODUCTION / TRAITEMENT","05",302.67,294.683333,126.76
"2020","RESEAU","Var Littoral","TRAVAUX FACTURABLES","05",302.67,16.730769,126.76
"2020","RESEAU","Var Littoral","CLIENTELE","05",302.67,13.005769,126.76
"2020","RESEAU","Var Littoral","DISTRIBUTION / COLLECTE","05",302.67,97.026923,126.76
"2020","RESEAU","Var Littoral","RELEVE COMPTEURS","05",302.67,0,126.76
"2020","AUTRES","Var Littoral","TRAJET","05",302.67,78.33,126.76
"2020","AUTRES","Var Littoral","ADMINISTRATIF","05",302.67,50.355,126.76
"2020","STATION","Centre Var","ELECTROMECANIQUE","06",180.75,15,85.82
"2020","STATION","Centre Var","PRODUCTION / TRAITEMENT","06",180.75,165.75,85.82
"2020","RESEAU","Centre Var","TRAVAUX FACTURABLES","06",180.75,9.951923,85.82
"2020","RESEAU","Centre Var","CLIENTELE","06",180.75,14.028269,85.82
"2020","RESEAU","Centre Var","DISTRIBUTION / COLLECTE","06",180.75,61.841538,85.82
"2020","RESEAU","Centre Var","RELEVE COMPTEURS","06",180.75,0,85.82
"2020","AUTRES","Centre Var","TRAJET","06",180.75,61.425,85.82
"2020","AUTRES","Centre Var","ADMINISTRATIF","06",180.75,39.4875,85.82
"2020","STATION","Var Littoral","ELECTROMECANIQUE","06",316.5,11.25,142.01
"2020","STATION","Var Littoral","PRODUCTION / TRAITEMENT","06",316.5,305.25,142.01
"2020","RESEAU","Var Littoral","TRAVAUX FACTURABLES","06",316.5,16.730769,142.01
"2020","RESEAU","Var Littoral","CLIENTELE","06",316.5,20.935769,142.01
"2020","RESEAU","Var Littoral","DISTRIBUTION / COLLECTE","06",316.5,104.346923,142.01
"2020","RESEAU","Var Littoral","RELEVE COMPTEURS","06",316.5,0,142.01
"2020","AUTRES","Var Littoral","TRAJET","06",316.5,83.58,142.01
"2020","AUTRES","Var Littoral","ADMINISTRATIF","06",316.5,53.73,142.01
"2020","STATION","Centre Var","ELECTROMECANIQUE","07",176.58,18.75,76.8
"2020","STATION","Centre Var","PRODUCTION / TRAITEMENT","07",176.58,157.833333,76.8
"2020","RESEAU","Centre Var","TRAVAUX FACTURABLES","07",176.58,9.951923,76.8
"2020","RESEAU","Centre Var","CLIENTELE","07",176.58,15.248269,76.8
"2020","RESEAU","Centre Var","DISTRIBUTION / COLLECTE","07",176.58,51.601538,76.8
"2020","RESEAU","Centre Var","RELEVE COMPTEURS","07",176.58,0,76.8
"2020","AUTRES","Centre Var","TRAJET","07",176.58,47.775,76.8
"2020","AUTRES","Centre Var","ADMINISTRATIF","07",176.58,30.7125,76.8
"2020","STATION","Var Littoral","ELECTROMECANIQUE","07",282.42,7.5,126.89
"2020","STATION","Var Littoral","PRODUCTION / TRAITEMENT","07",282.42,274.916667,126.89
"2020","RESEAU","Var Littoral","TRAVAUX FACTURABLES","07",282.42,12.980769,126.89
"2020","RESEAU","Var Littoral","CLIENTELE","07",282.42,16.835769,126.89
"2020","RESEAU","Var Littoral","DISTRIBUTION / COLLECTE","07",282.42,97.076923,126.89
"2020","RESEAU","Var Littoral","RELEVE COMPTEURS","07",282.42,0,126.89
"2020","AUTRES","Var Littoral","TRAJET","07",282.42,74.13,126.89
"2020","AUTRES","Var Littoral","ADMINISTRATIF","07",282.42,47.655,126.89
"2020","STATION","Centre Var","ELECTROMECANIQUE","08",199.25,7.5,90.87
"2020","STATION","Centre Var","PRODUCTION / TRAITEMENT","08",199.25,191.75,90.87
"2020","RESEAU","Centre Var","TRAVAUX FACTURABLES","08",199.25,9.951923,90.87
"2020","RESEAU","Centre Var","CLIENTELE","08",199.25,23.998269,90.87
"2020","RESEAU","Centre Var","DISTRIBUTION / COLLECTE","08",199.25,56.921538,90.87
"2020","RESEAU","Centre Var","RELEVE COMPTEURS","08",199.25,0,90.87
"2020","AUTRES","Centre Var","TRAJET","08",199.25,53.025,90.87
"2020","AUTRES","Centre Var","ADMINISTRATIF","08",199.25,34.0875,90.87
"2020","STATION","Var Littoral","ELECTROMECANIQUE","08",300.25,15,128.94
"2020","STATION","Var Littoral","PRODUCTION / TRAITEMENT","08",300.25,285.25,128.94
"2020","RESEAU","Var Littoral","TRAVAUX FACTURABLES","08",300.25,16.730769,128.94
"2020","RESEAU","Var Littoral","CLIENTELE","08",300.25,27.835769,128.94
"2020","RESEAU","Var Littoral","DISTRIBUTION / COLLECTE","08",300.25,84.376923,128.94
"2020","RESEAU","Var Littoral","RELEVE COMPTEURS","08",300.25,0,128.94
"2020","AUTRES","Var Littoral","TRAJET","08",300.25,77.805,128.94
"2020","AUTRES","Var Littoral","ADMINISTRATIF","08",300.25,50.0175,128.94
"2020","STATION","Centre Var","ELECTROMECANIQUE","09",190.5,7.5,83.03
"2020","STATION","Centre Var","PRODUCTION / TRAITEMENT","09",190.5,183,83.03
"2020","RESEAU","Centre Var","TRAVAUX FACTURABLES","09",190.5,9.951923,83.03
"2020","RESEAU","Centre Var","CLIENTELE","09",190.5,17.298269,83.03
"2020","RESEAU","Centre Var","DISTRIBUTION / COLLECTE","09",190.5,55.781538,83.03
"2020","RESEAU","Centre Var","RELEVE COMPTEURS","09",190.5,0,83.03
"2020","AUTRES","Centre Var","TRAJET","09",190.5,47.775,83.03
"2020","AUTRES","Centre Var","ADMINISTRATIF","09",190.5,30.7125,83.03
"2020","STATION","Var Littoral","ELECTROMECANIQUE","09",306.51,3.141544,137.49
"2020","STATION","Var Littoral","PRODUCTION / TRAITEMENT","09",306.51,303.366667,137.49
"2020","RESEAU","Var Littoral","TRAVAUX FACTURABLES","09",306.51,16.730769,137.49
"2020","RESEAU","Var Littoral","CLIENTELE","09",306.51,17.685769,137.49
"2020","RESEAU","Var Littoral","DISTRIBUTION / COLLECTE","09",306.51,78.716923,137.49
"2020","RESEAU","Var Littoral","RELEVE COMPTEURS","09",306.51,24.3525,137.49
"2020","AUTRES","Var Littoral","TRAJET","09",306.51,76.44,137.49
"2020","AUTRES","Var Littoral","ADMINISTRATIF","09",306.51,49.14,137.49
"2020","STATION","Centre Var","ELECTROMECANIQUE","10",174.5,11.25,78.12
"2020","STATION","Centre Var","PRODUCTION / TRAITEMENT","10",174.5,163.25,78.12
"2020","RESEAU","Centre Var","TRAVAUX FACTURABLES","10",174.5,9.951923,78.12
"2020","RESEAU","Centre Var","CLIENTELE","10",174.5,19.558269,78.12
"2020","RESEAU","Centre Var","DISTRIBUTION / COLLECTE","10",174.5,48.611538,78.12
"2020","RESEAU","Centre Var","RELEVE COMPTEURS","10",174.5,0,78.12
"2020","AUTRES","Centre Var","TRAJET","10",174.5,60.375,78.12
"2020","AUTRES","Centre Var","ADMINISTRATIF","10",174.5,38.8125,78.12
"2020","STATION","Var Littoral","ELECTROMECANIQUE","10",314.87,2.867647,149.43
"2020","STATION","Var Littoral","PRODUCTION / TRAITEMENT","10",314.87,312,149.43
"2020","RESEAU","Var Littoral","TRAVAUX FACTURABLES","10",314.87,16.730769,149.43
"2020","RESEAU","Var Littoral","CLIENTELE","10",314.87,23.185769,149.43
"2020","RESEAU","Var Littoral","DISTRIBUTION / COLLECTE","10",314.87,85.156923,149.43
"2020","RESEAU","Var Littoral","RELEVE COMPTEURS","10",314.87,24.3525,149.43
"2020","AUTRES","Var Littoral","TRAJET","10",314.87,80.43,149.43
"2020","AUTRES","Var Littoral","ADMINISTRATIF","10",314.87,51.705,149.43
"2020","STATION","Centre Var","ELECTROMECANIQUE","11",175.48,11.25,81.66
"2020","STATION","Centre Var","PRODUCTION / TRAITEMENT","11",175.48,164.233333,81.66
"2020","RESEAU","Centre Var","TRAVAUX FACTURABLES","11",175.48,9.951923,81.66
"2020","RESEAU","Centre Var","CLIENTELE","11",175.48,22.018269,81.66
"2020","RESEAU","Centre Var","DISTRIBUTION / COLLECTE","11",175.48,49.691538,81.66
"2020","RESEAU","Centre Var","RELEVE COMPTEURS","11",175.48,0,81.66
"2020","AUTRES","Centre Var","TRAJET","11",175.48,61.425,81.66
"2020","AUTRES","Centre Var","ADMINISTRATIF","11",175.48,39.4875,81.66
"2020","STATION","Var Littoral","ELECTROMECANIQUE","11",328,11.25,152.33
"2020","STATION","Var Littoral","PRODUCTION / TRAITEMENT","11",328,316.75,152.33
"2020","RESEAU","Var Littoral","TRAVAUX FACTURABLES","11",328,16.730769,152.33
"2020","RESEAU","Var Littoral","CLIENTELE","11",328,13.505769,152.33
"2020","RESEAU","Var Littoral","DISTRIBUTION / COLLECTE","11",328,97.736923,152.33
"2020","RESEAU","Var Littoral","RELEVE COMPTEURS","11",328,24.3525,152.33
"2020","AUTRES","Var Littoral","TRAJET","11",328,83.58,152.33
"2020","AUTRES","Var Littoral","ADMINISTRATIF","11",328,53.73,152.33
"2020","STATION","Centre Var","ELECTROMECANIQUE","12",162.75,3.75,77.1
"2020","STATION","Centre Var","PRODUCTION / TRAITEMENT","12",162.75,159,77.1
"2020","RESEAU","Centre Var","TRAVAUX FACTURABLES","12",162.75,9.951923,77.1
"2020","RESEAU","Centre Var","CLIENTELE","12",162.75,18.368269,77.1
"2020","RESEAU","Centre Var","DISTRIBUTION / COLLECTE","12",162.75,48.781538,77.1
"2020","RESEAU","Centre Var","RELEVE COMPTEURS","12",162.75,0,77.1
"2020","AUTRES","Centre Var","TRAJET","12",162.75,51.765,77.1
"2020","AUTRES","Centre Var","ADMINISTRATIF","12",162.75,33.2775,77.1
"2020","STATION","Var Littoral","ELECTROMECANIQUE","12",338.57,2.319853,120.62
"2020","STATION","Var Littoral","PRODUCTION / TRAITEMENT","12",338.57,336.25,120.62
"2020","RESEAU","Var Littoral","TRAVAUX FACTURABLES","12",338.57,16.730769,120.62
"2020","RESEAU","Var Littoral","CLIENTELE","12",338.57,15.525769,120.62
"2020","RESEAU","Var Littoral","DISTRIBUTION / COLLECTE","12",338.57,88.366923,120.62
"2020","RESEAU","Var Littoral","RELEVE COMPTEURS","12",338.57,0,120.62
"2020","AUTRES","Var Littoral","TRAJET","12",338.57,74.13,120.62
"2020","AUTRES","Var Littoral","ADMINISTRATIF","12",338.57,47.655,120.62
"2020","STATION","Centre Var","ELECTROMECANIQUE","13",190.97,11.25,75.04
"2020","STATION","Centre Var","PRODUCTION / TRAITEMENT","13",190.97,179.716667,75.04
"2020","RESEAU","Centre Var","TRAVAUX FACTURABLES","13",190.97,9.951923,75.04
"2020","RESEAU","Centre Var","CLIENTELE","13",190.97,11.068269,75.04
"2020","RESEAU","Centre Var","DISTRIBUTION / COLLECTE","13",190.97,54.021538,75.04
"2020","RESEAU","Centre Var","RELEVE COMPTEURS","13",190.97,0,75.04
"2020","AUTRES","Centre Var","TRAJET","13",190.97,46.725,75.04
"2020","AUTRES","Centre Var","ADMINISTRATIF","13",190.97,30.0375,75.04
"2020","STATION","Var Littoral","ELECTROMECANIQUE","13",389.8,2.045956,111.07
"2020","STATION","Var Littoral","PRODUCTION / TRAITEMENT","13",389.8,387.75,111.07
"2020","RESEAU","Var Littoral","TRAVAUX FACTURABLES","13",389.8,16.730769,111.07
"2020","RESEAU","Var Littoral","CLIENTELE","13",389.8,22.555769,111.07
"2020","RESEAU","Var Littoral","DISTRIBUTION / COLLECTE","13",389.8,71.786923,111.07
"2020","RESEAU","Var Littoral","RELEVE COMPTEURS","13",389.8,0,111.07
"2020","AUTRES","Var Littoral","TRAJET","13",389.8,78.33,111.07
"2020","AUTRES","Var Littoral","ADMINISTRATIF","13",389.8,50.355,111.07
"2020","STATION","Centre Var","ELECTROMECANIQUE","14",180.65,7.5,86.26
"2020","STATION","Centre Var","PRODUCTION / TRAITEMENT","14",180.65,173.15,86.26
"2020","RESEAU","Centre Var","TRAVAUX FACTURABLES","14",180.65,9.951923,86.26
"2020","RESEAU","Centre Var","CLIENTELE","14",180.65,8.958269,86.26
"2020","RESEAU","Centre Var","DISTRIBUTION / COLLECTE","14",180.65,67.351538,86.26
"2020","RESEAU","Centre Var","RELEVE COMPTEURS","14",180.65,0,86.26
"2020","AUTRES","Centre Var","TRAJET","14",180.65,48.825,86.26
"2020","AUTRES","Centre Var","ADMINISTRATIF","14",180.65,31.3875,86.26
"2020","STATION","Var Littoral","ELECTROMECANIQUE","14",331.5,7.5,96.19
"2020","STATION","Var Littoral","PRODUCTION / TRAITEMENT","14",331.5,324,96.19
"2020","RESEAU","Var Littoral","TRAVAUX FACTURABLES","14",331.5,9.230769,96.19
"2020","RESEAU","Var Littoral","CLIENTELE","14",331.5,13.675769,96.19
"2020","RESEAU","Var Littoral","DISTRIBUTION / COLLECTE","14",331.5,73.286923,96.19
"2020","RESEAU","Var Littoral","RELEVE COMPTEURS","14",331.5,0,96.19
"2020","AUTRES","Var Littoral","TRAJET","14",331.5,77.49,96.19
"2020","AUTRES","Var Littoral","ADMINISTRATIF","14",331.5,49.815,96.19
"2020","STATION","Centre Var","ELECTROMECANIQUE","15",188.08,7.5,77.53
"2020","STATION","Centre Var","PRODUCTION / TRAITEMENT","15",188.08,180.583333,77.53
"2020","RESEAU","Centre Var","TRAVAUX FACTURABLES","15",188.08,9.951923,77.53
"2020","RESEAU","Centre Var","CLIENTELE","15",188.08,8.798269,77.53
"2020","RESEAU","Centre Var","DISTRIBUTION / COLLECTE","15",188.08,58.781538,77.53
"2020","RESEAU","Centre Var","RELEVE COMPTEURS","15",188.08,0,77.53
"2020","AUTRES","Centre Var","TRAJET","15",188.08,48.3,77.53
"2020","AUTRES","Centre Var","ADMINISTRATIF","15",188.08,31.05,77.53
"2020","STATION","Var Littoral","ELECTROMECANIQUE","15",365.83,11.25,112.72
"2020","STATION","Var Littoral","PRODUCTION / TRAITEMENT","15",365.83,354.583333,112.72
"2020","RESEAU","Var Littoral","TRAVAUX FACTURABLES","15",365.83,16.730769,112.72
"2020","RESEAU","Var Littoral","CLIENTELE","15",365.83,18.435769,112.72
"2020","RESEAU","Var Littoral","DISTRIBUTION / COLLECTE","15",365.83,77.556923,112.72
"2020","RESEAU","Var Littoral","RELEVE COMPTEURS","15",365.83,0,112.72
"2020","AUTRES","Var Littoral","TRAJET","15",365.83,78.33,112.72
"2020","AUTRES","Var Littoral","ADMINISTRATIF","15",365.83,50.355,112.72
"2020","STATION","Centre Var","ELECTROMECANIQUE","16",163.75,7.5,72.37
"2020","STATION","Centre Var","PRODUCTION / TRAITEMENT","16",163.75,156.25,72.37
"2020","RESEAU","Centre Var","TRAVAUX FACTURABLES","16",163.75,9.951923,72.37
"2020","RESEAU","Centre Var","CLIENTELE","16",163.75,11.208269,72.37
"2020","RESEAU","Centre Var","DISTRIBUTION / COLLECTE","16",163.75,51.211538,72.37
"2020","RESEAU","Centre Var","RELEVE COMPTEURS","16",163.75,0,72.37
"2020","AUTRES","Centre Var","TRAJET","16",163.75,46.725,72.37
"2020","AUTRES","Centre Var","ADMINISTRATIF","16",163.75,30.0375,72.37
"2020","STATION","Var Littoral","ELECTROMECANIQUE","16",324.75,7.5,264.94
"2020","STATION","Var Littoral","PRODUCTION / TRAITEMENT","16",324.75,317.25,264.94
"2020","RESEAU","Var Littoral","TRAVAUX FACTURABLES","16",324.75,16.730769,264.94
"2020","RESEAU","Var Littoral","CLIENTELE","16",324.75,15.835769,264.94
"2020","RESEAU","Var Littoral","DISTRIBUTION / COLLECTE","16",324.75,66.236923,264.94
"2020","RESEAU","Var Littoral","RELEVE COMPTEURS","16",324.75,166.141,264.94
"2020","AUTRES","Var Littoral","TRAJET","16",324.75,59.43,264.94
"2020","AUTRES","Var Littoral","ADMINISTRATIF","16",324.75,38.205,264.94
"2020","STATION","Centre Var","ELECTROMECANIQUE","17",181.96,8.625,73.9
"2020","STATION","Centre Var","PRODUCTION / TRAITEMENT","17",181.96,173.333333,73.9
"2020","RESEAU","Centre Var","TRAVAUX FACTURABLES","17",181.96,9.951923,73.9
"2020","RESEAU","Centre Var","CLIENTELE","17",181.96,15.718269,73.9
"2020","RESEAU","Centre Var","DISTRIBUTION / COLLECTE","17",181.96,48.231538,73.9
"2020","RESEAU","Centre Var","RELEVE COMPTEURS","17",181.96,0,73.9
"2020","AUTRES","Centre Var","TRAJET","17",181.96,59.325,73.9
"2020","AUTRES","Centre Var","ADMINISTRATIF","17",181.96,38.1375,73.9
"2020","STATION","Var Littoral","ELECTROMECANIQUE","17",348.78,11.25,265.08
"2020","STATION","Var Littoral","PRODUCTION / TRAITEMENT","17",348.78,337.533333,265.08
"2020","RESEAU","Var Littoral","TRAVAUX FACTURABLES","17",348.78,16.730769,265.08
"2020","RESEAU","Var Littoral","CLIENTELE","17",348.78,13.475769,265.08
"2020","RESEAU","Var Littoral","DISTRIBUTION / COLLECTE","17",348.78,68.736923,265.08
"2020","RESEAU","Var Littoral","RELEVE COMPTEURS","17",348.78,166.141,265.08
"2020","AUTRES","Var Littoral","TRAJET","17",348.78,70.14,265.08
"2020","AUTRES","Var Littoral","ADMINISTRATIF","17",348.78,45.09,265.08
"2020","STATION","Centre Var","ELECTROMECANIQUE","18",179.5,18.75,64.59
"2020","STATION","Centre Var","PRODUCTION / TRAITEMENT","18",179.5,160.75,64.59
"2020","RESEAU","Centre Var","TRAVAUX FACTURABLES","18",179.5,9.951923,64.59
"2020","RESEAU","Centre Var","CLIENTELE","18",179.5,7.518269,64.59
"2020","RESEAU","Centre Var","DISTRIBUTION / COLLECTE","18",179.5,47.121538,64.59
"2020","RESEAU","Centre Var","RELEVE COMPTEURS","18",179.5,0,64.59
"2020","AUTRES","Centre Var","TRAJET","18",179.5,52.29,64.59
"2020","AUTRES","Centre Var","ADMINISTRATIF","18",179.5,33.615,64.59
"2020","STATION","Var Littoral","ELECTROMECANIQUE","18",313.33,11.25,303.93
"2020","STATION","Var Littoral","PRODUCTION / TRAITEMENT","18",313.33,302.083333,303.93
"2020","RESEAU","Var Littoral","TRAVAUX FACTURABLES","18",313.33,16.730769,303.93
"2020","RESEAU","Var Littoral","CLIENTELE","18",313.33,20.285769,303.93
"2020","RESEAU","Var Littoral","DISTRIBUTION / COLLECTE","18",313.33,100.776923,303.93
"2020","RESEAU","Var Littoral","RELEVE COMPTEURS","18",313.33,166.141,303.93
"2020","AUTRES","Var Littoral","TRAJET","18",313.33,68.88,303.93
"2020","AUTRES","Var Littoral","ADMINISTRATIF","18",313.33,44.28,303.93
"2020","STATION","Centre Var","ELECTROMECANIQUE","19",161.54,9.375,71.17
"2020","STATION","Centre Var","PRODUCTION / TRAITEMENT","19",161.54,152.166667,71.17
"2020","RESEAU","Centre Var","TRAVAUX FACTURABLES","19",161.54,9.951923,71.17
"2020","RESEAU","Centre Var","CLIENTELE","19",161.54,11.778269,71.17
"2020","RESEAU","Centre Var","DISTRIBUTION / COLLECTE","19",161.54,49.441538,71.17
"2020","RESEAU","Centre Var","RELEVE COMPTEURS","19",161.54,0,71.17
"2020","AUTRES","Centre Var","TRAJET","19",161.54,52.29,71.17
"2020","AUTRES","Centre Var","ADMINISTRATIF","19",161.54,33.615,71.17
"2020","STATION","Var Littoral","ELECTROMECANIQUE","19",335.85,7.5,284.14
"2020","STATION","Var Littoral","PRODUCTION / TRAITEMENT","19",335.85,328.35,284.14
"2020","RESEAU","Var Littoral","TRAVAUX FACTURABLES","19",335.85,16.730769,284.14
"2020","RESEAU","Var Littoral","CLIENTELE","19",335.85,22.115769,284.14
"2020","RESEAU","Var Littoral","DISTRIBUTION / COLLECTE","19",335.85,79.156923,284.14
"2020","RESEAU","Var Littoral","RELEVE COMPTEURS","19",335.85,166.141,284.14
"2020","AUTRES","Var Littoral","TRAJET","19",335.85,74.13,284.14
"2020","AUTRES","Var Littoral","ADMINISTRATIF","19",335.85,47.655,284.14
"2020","STATION","Centre Var","ELECTROMECANIQUE","20",194,9.75,67.25
"2020","STATION","Centre Var","PRODUCTION / TRAITEMENT","20",194,184.25,67.25
"2020","RESEAU","Centre Var","TRAVAUX FACTURABLES","20",194,9.951923,67.25
"2020","RESEAU","Centre Var","CLIENTELE","20",194,5.258269,67.25
"2020","RESEAU","Centre Var","DISTRIBUTION / COLLECTE","20",194,52.041538,67.25
"2020","RESEAU","Centre Var","RELEVE COMPTEURS","20",194,0,67.25
"2020","AUTRES","Centre Var","TRAJET","20",194,66.675,67.25
"2020","AUTRES","Centre Var","ADMINISTRATIF","20",194,42.8625,67.25
"2020","STATION","Var Littoral","ELECTROMECANIQUE","20",291.5,3.75,291.5
"2020","STATION","Var Littoral","PRODUCTION / TRAITEMENT","20",291.5,287.75,291.5
"2020","RESEAU","Var Littoral","TRAVAUX FACTURABLES","20",291.5,16.730769,291.5
"2020","RESEAU","Var Littoral","CLIENTELE","20",291.5,20.665769,291.5
"2020","RESEAU","Var Littoral","DISTRIBUTION / COLLECTE","20",291.5,87.966923,291.5
"2020","RESEAU","Var Littoral","RELEVE COMPTEURS","20",291.5,166.141,291.5
"2020","AUTRES","Var Littoral","TRAJET","20",291.5,86.73,291.5
"2020","AUTRES","Var Littoral","ADMINISTRATIF","20",291.5,55.755,291.5
"2020","STATION","Centre Var","ELECTROMECANIQUE","21",200.48,6.976103,75.57
"2020","STATION","Centre Var","PRODUCTION / TRAITEMENT","21",200.48,193.5,75.57
"2020","RESEAU","Centre Var","TRAVAUX FACTURABLES","21",200.48,9.951923,75.57
"2020","RESEAU","Centre Var","CLIENTELE","21",200.48,12.638269,75.57
"2020","RESEAU","Centre Var","DISTRIBUTION / COLLECTE","21",200.48,52.981538,75.57
"2020","RESEAU","Centre Var","RELEVE COMPTEURS","21",200.48,0,75.57
"2020","AUTRES","Centre Var","TRAJET","21",200.48,50.505,75.57
"2020","AUTRES","Centre Var","ADMINISTRATIF","21",200.48,32.4675,75.57
"2020","STATION","Var Littoral","ELECTROMECANIQUE","21",396.3,7.5,287.4
"2020","STATION","Var Littoral","PRODUCTION / TRAITEMENT","21",396.3,388.8,287.4
"2020","RESEAU","Var Littoral","TRAVAUX FACTURABLES","21",396.3,16.730769,287.4
"2020","RESEAU","Var Littoral","CLIENTELE","21",396.3,15.195769,287.4
"2020","RESEAU","Var Littoral","DISTRIBUTION / COLLECTE","21",396.3,89.336923,287.4
"2020","RESEAU","Var Littoral","RELEVE COMPTEURS","21",396.3,166.141,287.4
"2020","AUTRES","Var Littoral","TRAJET","21",396.3,74.655,287.4
"2020","AUTRES","Var Littoral","ADMINISTRATIF","21",396.3,47.9925,287.4
"2020","STATION","Centre Var","ELECTROMECANIQUE","22",174.45,6.702206,138.23
"2020","STATION","Centre Var","PRODUCTION / TRAITEMENT","22",174.45,167.75,138.23
"2020","RESEAU","Centre Var","TRAVAUX FACTURABLES","22",174.45,9.951923,138.23
"2020","RESEAU","Centre Var","CLIENTELE","22",174.45,11.418269,138.23
"2020","RESEAU","Centre Var","DISTRIBUTION / COLLECTE","22",174.45,59.041538,138.23
"2020","RESEAU","Centre Var","RELEVE COMPTEURS","22",174.45,57.817607,138.23
"2020","AUTRES","Centre Var","TRAJET","22",174.45,51.45,138.23
"2020","AUTRES","Centre Var","ADMINISTRATIF","22",174.45,33.075,138.23
"2020","STATION","Var Littoral","ELECTROMECANIQUE","22",348.25,3.75,276.22
"2020","STATION","Var Littoral","PRODUCTION / TRAITEMENT","22",348.25,344.5,276.22
"2020","RESEAU","Var Littoral","TRAVAUX FACTURABLES","22",348.25,16.730769,276.22
"2020","RESEAU","Var Littoral","CLIENTELE","22",348.25,22.605769,276.22
"2020","RESEAU","Var Littoral","DISTRIBUTION / COLLECTE","22",348.25,70.746923,276.22
"2020","RESEAU","Var Littoral","RELEVE COMPTEURS","22",348.25,166.141,276.22
"2020","AUTRES","Var Littoral","TRAJET","22",348.25,80.43,276.22
"2020","AUTRES","Var Littoral","ADMINISTRATIF","22",348.25,51.705,276.22
"2020","STATION","Centre Var","ELECTROMECANIQUE","23",178.14,6.428309,214.07
"2020","STATION","Centre Var","PRODUCTION / TRAITEMENT","23",178.14,171.716667,214.07
"2020","RESEAU","Centre Var","TRAVAUX FACTURABLES","23",178.14,9.951923,214.07
"2020","RESEAU","Centre Var","CLIENTELE","23",178.14,14.998269,214.07
"2020","RESEAU","Centre Var","DISTRIBUTION / COLLECTE","23",178.14,61.521538,214.07
"2020","RESEAU","Centre Var","RELEVE COMPTEURS","23",178.14,127.601712,214.07
"2020","AUTRES","Centre Var","TRAJET","23",178.14,45.99,214.07
"2020","AUTRES","Centre Var","ADMINISTRATIF","23",178.14,29.565,214.07
"2020","STATION","Var Littoral","ELECTROMECANIQUE","23",372.92,15,272.66
"2020","STATION","Var Littoral","PRODUCTION / TRAITEMENT","23",372.92,357.916667,272.66
"2020","RESEAU","Var Littoral","TRAVAUX FACTURABLES","23",372.92,16.730769,272.66
"2020","RESEAU","Var Littoral","CLIENTELE","23",372.92,11.885769,272.66
"2020","RESEAU","Var Littoral","DISTRIBUTION / COLLECTE","23",372.92,77.906923,272.66
"2020","RESEAU","Var Littoral","RELEVE COMPTEURS","23",372.92,166.141,272.66
"2020","AUTRES","Var Littoral","TRAJET","23",372.92,68.355,272.66
"2020","AUTRES","Var Littoral","ADMINISTRATIF","23",372.92,43.9425,272.66
"2020","STATION","Centre Var","ELECTROMECANIQUE","24",179.34,6.154412,162.21
"2020","STATION","Centre Var","PRODUCTION / TRAITEMENT","24",179.34,173.183333,162.21
"2020","RESEAU","Centre Var","TRAVAUX FACTURABLES","24",179.34,9.951923,162.21
"2020","RESEAU","Centre Var","CLIENTELE","24",179.34,6.348269,162.21
"2020","RESEAU","Centre Var","DISTRIBUTION / COLLECTE","24",179.34,48.181538,162.21
"2020","RESEAU","Centre Var","RELEVE COMPTEURS","24",179.34,97.728462,162.21
"2020","AUTRES","Centre Var","TRAJET","24",179.34,64.575,162.21
"2020","AUTRES","Centre Var","ADMINISTRATIF","24",179.34,41.5125,162.21
"2020","STATION","Var Littoral","ELECTROMECANIQUE","24",334.5,15,172.98
"2020","STATION","Var Littoral","PRODUCTION / TRAITEMENT","24",334.5,319.5,172.98
"2020","RESEAU","Var Littoral","TRAVAUX FACTURABLES","24",334.5,16.730769,172.98
"2020","RESEAU","Var Littoral","CLIENTELE","24",334.5,14.395769,172.98
"2020","RESEAU","Var Littoral","DISTRIBUTION / COLLECTE","24",334.5,70.076923,172.98
"2020","RESEAU","Var Littoral","RELEVE COMPTEURS","24",334.5,71.772211,172.98
"2020","AUTRES","Var Littoral","TRAJET","24",334.5,84.84,172.98
"2020","AUTRES","Var Littoral","ADMINISTRATIF","24",334.5,54.54,172.98
"2020","STATION","Centre Var","ELECTROMECANIQUE","25",175.3,5.880515,149.35
"2020","STATION","Centre Var","PRODUCTION / TRAITEMENT","25",175.3,169.416667,149.35
"2020","RESEAU","Centre Var","TRAVAUX FACTURABLES","25",175.3,9.951923,149.35
"2020","RESEAU","Centre Var","CLIENTELE","25",175.3,9.308269,149.35
"2020","RESEAU","Centre Var","DISTRIBUTION / COLLECTE","25",175.3,50.341538,149.35
"2020","RESEAU","Centre Var","RELEVE COMPTEURS","25",175.3,79.750962,149.35
"2020","AUTRES","Centre Var","TRAJET","25",175.3,64.575,149.35
"2020","AUTRES","Centre Var","ADMINISTRATIF","25",175.3,41.5125,149.35
"2020","STATION","Var Littoral","ELECTROMECANIQUE","25",346.15,11.25,114.81
"2020","STATION","Var Littoral","PRODUCTION / TRAITEMENT","25",346.15,334.9,114.81
"2020","RESEAU","Var Littoral","TRAVAUX FACTURABLES","25",346.15,16.730769,114.81
"2020","RESEAU","Var Littoral","CLIENTELE","25",346.15,20.475769,114.81
"2020","RESEAU","Var Littoral","DISTRIBUTION / COLLECTE","25",346.15,77.606923,114.81
"2020","RESEAU","Var Littoral","RELEVE COMPTEURS","25",346.15,0,114.81
"2020","AUTRES","Var Littoral","TRAJET","25",346.15,78.855,114.81
"2020","AUTRES","Var Littoral","ADMINISTRATIF","25",346.15,50.6925,114.81
"2020","STATION","Centre Var","ELECTROMECANIQUE","26",175.19,5.606618,145.68
"2020","STATION","Centre Var","PRODUCTION / TRAITEMENT","26",175.19,169.583333,145.68
"2020","RESEAU","Centre Var","TRAVAUX FACTURABLES","26",175.19,9.951923,145.68
"2020","RESEAU","Centre Var","CLIENTELE","26",175.19,10.858269,145.68
"2020","RESEAU","Centre Var","DISTRIBUTION / COLLECTE","26",175.19,57.691538,145.68
"2020","RESEAU","Centre Var","RELEVE COMPTEURS","26",175.19,67.179462,145.68
"2020","AUTRES","Centre Var","TRAJET","26",175.19,65.625,145.68
"2020","AUTRES","Centre Var","ADMINISTRATIF","26",175.19,42.1875,145.68
"2020","STATION","Var Littoral","ELECTROMECANIQUE","26",402.05,7.5,141.91
"2020","STATION","Var Littoral","PRODUCTION / TRAITEMENT","26",402.05,394.55,141.91
"2020","RESEAU","Var Littoral","TRAVAUX FACTURABLES","26",402.05,16.730769,141.91
"2020","RESEAU","Var Littoral","CLIENTELE","26",402.05,26.525769,141.91
"2020","RESEAU","Var Littoral","DISTRIBUTION / COLLECTE","26",402.05,98.656923,141.91
"2020","RESEAU","Var Littoral","RELEVE COMPTEURS","26",402.05,0,141.91
"2020","AUTRES","Var Littoral","TRAJET","26",402.05,79.905,141.91
"2020","AUTRES","Var Littoral","ADMINISTRATIF","26",402.05,51.3675,141.91
"2020","STATION","Centre Var","ELECTROMECANIQUE","27",188.95,5.332721,157.52
"2020","STATION","Centre Var","PRODUCTION / TRAITEMENT","27",188.95,183.616667,157.52
"2020","RESEAU","Centre Var","TRAVAUX FACTURABLES","27",188.95,9.951923,157.52
"2020","RESEAU","Centre Var","CLIENTELE","27",188.95,22.768269,157.52
"2020","RESEAU","Centre Var","DISTRIBUTION / COLLECTE","27",188.95,63.281538,157.52
"2020","RESEAU","Centre Var","RELEVE COMPTEURS","27",188.95,61.518462,157.52
"2020","AUTRES","Centre Var","TRAJET","27",188.95,65.625,157.52
"2020","AUTRES","Centre Var","ADMINISTRATIF","27",188.95,42.1875,157.52
"2020","STATION","Var Littoral","ELECTROMECANIQUE","27",359.23,18.75,140.32
"2020","STATION","Var Littoral","PRODUCTION / TRAITEMENT","27",359.23,340.483333,140.32
"2020","RESEAU","Var Littoral","TRAVAUX FACTURABLES","27",359.23,16.730769,140.32
"2020","RESEAU","Var Littoral","CLIENTELE","27",359.23,23.215769,140.32
"2020","RESEAU","Var Littoral","DISTRIBUTION / COLLECTE","27",359.23,100.376923,140.32
"2020","RESEAU","Var Littoral","RELEVE COMPTEURS","27",359.23,0,140.32
"2020","AUTRES","Var Littoral","TRAJET","27",359.23,79.38,140.32
"2020","AUTRES","Var Littoral","ADMINISTRATIF","27",359.23,51.03,140.32
"2020","STATION","Centre Var","ELECTROMECANIQUE","28",178,9.75,120.7
"2020","STATION","Centre Var","PRODUCTION / TRAITEMENT","28",178,168.25,120.7
"2020","RESEAU","Centre Var","TRAVAUX FACTURABLES","28",178,9.951923,120.7
"2020","RESEAU","Centre Var","CLIENTELE","28",178,5.518269,120.7
"2020","RESEAU","Centre Var","DISTRIBUTION / COLLECTE","28",178,43.711538,120.7
"2020","RESEAU","Centre Var","RELEVE COMPTEURS","28",178,61.518462,120.7
"2020","AUTRES","Centre Var","TRAJET","28",178,40.53,120.7
"2020","AUTRES","Centre Var","ADMINISTRATIF","28",178,26.055,120.7
"2020","STATION","Var Littoral","ELECTROMECANIQUE","28",319.58,7.5,149.73
"2020","STATION","Var Littoral","PRODUCTION / TRAITEMENT","28",319.58,312.083333,149.73
"2020","RESEAU","Var Littoral","TRAVAUX FACTURABLES","28",319.58,16.730769,149.73
"2020","RESEAU","Var Littoral","CLIENTELE","28",319.58,12.065769,149.73
"2020","RESEAU","Var Littoral","DISTRIBUTION / COLLECTE","28",319.58,120.936923,149.73
"2020","RESEAU","Var Littoral","RELEVE COMPTEURS","28",319.58,0,149.73
"2020","AUTRES","Var Littoral","TRAJET","28",319.58,54.18,149.73
"2020","AUTRES","Var Littoral","ADMINISTRATIF","28",319.58,34.83,149.73
"2020","STATION","Centre Var","ELECTROMECANIQUE","29",192.99,6.976103,87.82
"2020","STATION","Centre Var","PRODUCTION / TRAITEMENT","29",192.99,186.016667,87.82
"2020","RESEAU","Centre Var","TRAVAUX FACTURABLES","29",192.99,9.951923,87.82
"2020","RESEAU","Centre Var","CLIENTELE","29",192.99,17.168269,87.82
"2020","RESEAU","Centre Var","DISTRIBUTION / COLLECTE","29",192.99,60.701538,87.82
"2020","RESEAU","Centre Var","RELEVE COMPTEURS","29",192.99,0,87.82
"2020","AUTRES","Centre Var","TRAJET","29",192.99,48.825,87.82
"2020","AUTRES","Centre Var","ADMINISTRATIF","29",192.99,31.3875,87.82
"2020","STATION","Var Littoral","ELECTROMECANIQUE","29",358.75,11.25,115.5
"2020","STATION","Var Littoral","PRODUCTION / TRAITEMENT","29",358.75,347.5,115.5
"2020","RESEAU","Var Littoral","TRAVAUX FACTURABLES","29",358.75,16.730769,115.5
"2020","RESEAU","Var Littoral","CLIENTELE","29",358.75,17.735769,115.5
"2020","RESEAU","Var Littoral","DISTRIBUTION / COLLECTE","29",358.75,81.036923,115.5
"2020","RESEAU","Var Littoral","RELEVE COMPTEURS","29",358.75,0,115.5
"2020","AUTRES","Var Littoral","TRAJET","29",358.75,70.665,115.5
"2020","AUTRES","Var Littoral","ADMINISTRATIF","29",358.75,45.4275,115.5
"2020","STATION","Centre Var","ELECTROMECANIQUE","30",205.84,4.511029,77.82
"2020","STATION","Centre Var","PRODUCTION / TRAITEMENT","30",205.84,201.333333,77.82
"2020","RESEAU","Centre Var","TRAVAUX FACTURABLES","30",205.84,9.951923,77.82
"2020","RESEAU","Centre Var","CLIENTELE","30",205.84,11.478269,77.82
"2020","RESEAU","Centre Var","DISTRIBUTION / COLLECTE","30",205.84,56.391538,77.82
"2020","RESEAU","Centre Var","RELEVE COMPTEURS","30",205.84,0,77.82
"2020","AUTRES","Centre Var","TRAJET","30",205.84,47.25,77.82
"2020","AUTRES","Centre Var","ADMINISTRATIF","30",205.84,30.375,77.82
"2020","STATION","Var Littoral","ELECTROMECANIQUE","30",393.25,11.25,117.29
"2020","STATION","Var Littoral","PRODUCTION / TRAITEMENT","30",393.25,382,117.29
"2020","RESEAU","Var Littoral","TRAVAUX FACTURABLES","30",393.25,16.730769,117.29
"2020","RESEAU","Var Littoral","CLIENTELE","30",393.25,19.675769,117.29
"2020","RESEAU","Var Littoral","DISTRIBUTION / COLLECTE","30",393.25,80.886923,117.29
"2020","RESEAU","Var Littoral","RELEVE COMPTEURS","30",393.25,0,117.29
"2020","AUTRES","Var Littoral","TRAJET","30",393.25,81.69,117.29
"2020","AUTRES","Var Littoral","ADMINISTRATIF","30",393.25,52.515,117.29
"2020","STATION","Centre Var","ELECTROMECANIQUE","31",172.4,7.987132,89.17
"2020","STATION","Centre Var","PRODUCTION / TRAITEMENT","31",172.4,164.416667,89.17
"2020","RESEAU","Centre Var","TRAVAUX FACTURABLES","31",172.4,9.951923,89.17
"2020","RESEAU","Centre Var","CLIENTELE","31",172.4,17.198269,89.17
"2020","RESEAU","Centre Var","DISTRIBUTION / COLLECTE","31",172.4,62.021538,89.17
"2020","RESEAU","Centre Var","RELEVE COMPTEURS","31",172.4,0,89.17
"2020","AUTRES","Centre Var","TRAJET","31",172.4,47.25,89.17
"2020","AUTRES","Centre Var","ADMINISTRATIF","31",172.4,30.375,89.17
"2020","STATION","Var Littoral","ELECTROMECANIQUE","31",378.17,22.5,116.52
"2020","STATION","Var Littoral","PRODUCTION / TRAITEMENT","31",378.17,355.666667,116.52
"2020","RESEAU","Var Littoral","TRAVAUX FACTURABLES","31",378.17,16.730769,116.52
"2020","RESEAU","Var Littoral","CLIENTELE","31",378.17,16.075769,116.52
"2020","RESEAU","Var Littoral","DISTRIBUTION / COLLECTE","31",378.17,83.716923,116.52
"2020","RESEAU","Var Littoral","RELEVE COMPTEURS","31",378.17,0,116.52
"2020","AUTRES","Var Littoral","TRAJET","31",378.17,82.53,116.52
"2020","AUTRES","Var Littoral","ADMINISTRATIF","31",378.17,53.055,116.52
"2020","STATION","Centre Var","ELECTROMECANIQUE","32",175.75,11.25,88.4
"2020","STATION","Centre Var","PRODUCTION / TRAITEMENT","32",175.75,164.5,88.4
"2020","RESEAU","Centre Var","TRAVAUX FACTURABLES","32",175.75,9.951923,88.4
"2020","RESEAU","Centre Var","CLIENTELE","32",175.75,17.998269,88.4
"2020","RESEAU","Centre Var","DISTRIBUTION / COLLECTE","32",175.75,60.451538,88.4
"2020","RESEAU","Centre Var","RELEVE COMPTEURS","32",175.75,0,88.4
"2020","AUTRES","Centre Var","TRAJET","32",175.75,47.775,88.4
"2020","AUTRES","Centre Var","ADMINISTRATIF","32",175.75,30.7125,88.4
"2020","STATION","Var Littoral","ELECTROMECANIQUE","32",368,15,108.47
"2020","STATION","Var Littoral","PRODUCTION / TRAITEMENT","32",368,353,108.47
"2020","RESEAU","Var Littoral","TRAVAUX FACTURABLES","32",368,16.730769,108.47
"2020","RESEAU","Var Littoral","CLIENTELE","32",368,17.285769,108.47
"2020","RESEAU","Var Littoral","DISTRIBUTION / COLLECTE","32",368,74.456923,108.47
"2020","RESEAU","Var Littoral","RELEVE COMPTEURS","32",368,0,108.47
"2020","AUTRES","Var Littoral","TRAJET","32",368,83.58,108.47
"2020","AUTRES","Var Littoral","ADMINISTRATIF","32",368,53.73,108.47
"2020","STATION","Centre Var","ELECTROMECANIQUE","33",174.17,7.5,79.81
"2020","STATION","Centre Var","PRODUCTION / TRAITEMENT","33",174.17,166.666667,79.81
"2020","RESEAU","Centre Var","TRAVAUX FACTURABLES","33",174.17,9.951923,79.81
"2020","RESEAU","Centre Var","CLIENTELE","33",174.17,7.738269,79.81
"2020","RESEAU","Centre Var","DISTRIBUTION / COLLECTE","33",174.17,62.121538,79.81
"2020","RESEAU","Centre Var","RELEVE COMPTEURS","33",174.17,0,79.81
"2020","AUTRES","Centre Var","TRAJET","33",174.17,33.39,79.81
"2020","AUTRES","Centre Var","ADMINISTRATIF","33",174.17,21.465,79.81
"2020","STATION","Var Littoral","ELECTROMECANIQUE","33",345.25,18.75,118
"2020","STATION","Var Littoral","PRODUCTION / TRAITEMENT","33",345.25,326.5,118
"2020","RESEAU","Var Littoral","TRAVAUX FACTURABLES","33",345.25,16.730769,118
"2020","RESEAU","Var Littoral","CLIENTELE","33",345.25,12.865769,118
"2020","RESEAU","Var Littoral","DISTRIBUTION / COLLECTE","33",345.25,88.406923,118
"2020","RESEAU","Var Littoral","RELEVE COMPTEURS","33",345.25,0,118
"2020","AUTRES","Var Littoral","TRAJET","33",345.25,72.03,118
"2020","AUTRES","Var Littoral","ADMINISTRATIF","33",345.25,46.305,118
"2020","STATION","Centre Var","ELECTROMECANIQUE","34",181.08,15,75.98
"2020","STATION","Centre Var","PRODUCTION / TRAITEMENT","34",181.08,166.083333,75.98
"2020","RESEAU","Centre Var","TRAVAUX FACTURABLES","34",181.08,9.951923,75.98
"2020","RESEAU","Centre Var","CLIENTELE","34",181.08,14.798269,75.98
"2020","RESEAU","Centre Var","DISTRIBUTION / COLLECTE","34",181.08,51.231538,75.98
"2020","RESEAU","Centre Var","RELEVE COMPTEURS","34",181.08,0,75.98
"2020","AUTRES","Centre Var","TRAJET","34",181.08,48.825,75.98
"2020","AUTRES","Centre Var","ADMINISTRATIF","34",181.08,31.3875,75.98
"2020","STATION","Var Littoral","ELECTROMECANIQUE","34",334.33,7.5,103.41
"2020","STATION","Var Littoral","PRODUCTION / TRAITEMENT","34",334.33,326.833333,103.41
"2020","RESEAU","Var Littoral","TRAVAUX FACTURABLES","34",334.33,16.730769,103.41
"2020","RESEAU","Var Littoral","CLIENTELE","34",334.33,8.285769,103.41
"2020","RESEAU","Var Littoral","DISTRIBUTION / COLLECTE","34",334.33,78.396923,103.41
"2020","RESEAU","Var Littoral","RELEVE COMPTEURS","34",334.33,0,103.41
"2020","AUTRES","Var Littoral","TRAJET","34",334.33,79.38,103.41
"2020","AUTRES","Var Littoral","ADMINISTRATIF","34",334.33,51.03,103.41
"2020","STATION","Centre Var","ELECTROMECANIQUE","35",178.14,3.141544,73.78
"2020","STATION","Centre Var","PRODUCTION / TRAITEMENT","35",178.14,175,73.78
"2020","RESEAU","Centre Var","TRAVAUX FACTURABLES","35",178.14,9.951923,73.78
"2020","RESEAU","Centre Var","CLIENTELE","35",178.14,15.708269,73.78
"2020","RESEAU","Centre Var","DISTRIBUTION / COLLECTE","35",178.14,48.121538,73.78
"2020","RESEAU","Centre Var","RELEVE COMPTEURS","35",178.14,0,73.78
"2020","AUTRES","Centre Var","TRAJET","35",178.14,45.675,73.78
"2020","AUTRES","Centre Var","ADMINISTRATIF","35",178.14,29.3625,73.78
"2020","STATION","Var Littoral","ELECTROMECANIQUE","35",339.68,7.5,271.75
"2020","STATION","Var Littoral","PRODUCTION / TRAITEMENT","35",339.68,332.183333,271.75
"2020","RESEAU","Var Littoral","TRAVAUX FACTURABLES","35",339.68,16.730769,271.75
"2020","RESEAU","Var Littoral","CLIENTELE","35",339.68,18.505769,271.75
"2020","RESEAU","Var Littoral","DISTRIBUTION / COLLECTE","35",339.68,80.856923,271.75
"2020","RESEAU","Var Littoral","RELEVE COMPTEURS","35",339.68,155.655579,271.75
"2020","AUTRES","Var Littoral","TRAJET","35",339.68,75.18,271.75
"2020","AUTRES","Var Littoral","ADMINISTRATIF","35",339.68,48.33,271.75
"2020","STATION","Centre Var","ELECTROMECANIQUE","36",174.12,2.867647,74.11
"2020","STATION","Centre Var","PRODUCTION / TRAITEMENT","36",174.12,171.25,74.11
"2020","RESEAU","Centre Var","TRAVAUX FACTURABLES","36",174.12,9.951923,74.11
"2020","RESEAU","Centre Var","CLIENTELE","36",174.12,13.278269,74.11
"2020","RESEAU","Centre Var","DISTRIBUTION / COLLECTE","36",174.12,50.881538,74.11
"2020","RESEAU","Centre Var","RELEVE COMPTEURS","36",174.12,0,74.11
"2020","AUTRES","Centre Var","TRAJET","36",174.12,41.475,74.11
"2020","AUTRES","Centre Var","ADMINISTRATIF","36",174.12,26.6625,74.11
"2020","STATION","Var Littoral","ELECTROMECANIQUE","36",339.7,11.25,276.6
"2020","STATION","Var Littoral","PRODUCTION / TRAITEMENT","36",339.7,328.45,276.6
"2020","RESEAU","Var Littoral","TRAVAUX FACTURABLES","36",339.7,16.730769,276.6
"2020","RESEAU","Var Littoral","CLIENTELE","36",339.7,21.165769,276.6
"2020","RESEAU","Var Littoral","DISTRIBUTION / COLLECTE","36",339.7,83.046923,276.6
"2020","RESEAU","Var Littoral","RELEVE COMPTEURS","36",339.7,155.655579,276.6
"2020","AUTRES","Var Littoral","TRAJET","36",339.7,75.18,276.6
"2020","AUTRES","Var Littoral","ADMINISTRATIF","36",339.7,48.33,276.6
"2020","STATION","Centre Var","ELECTROMECANIQUE","37",170.33,11.25,73.92
"2020","STATION","Centre Var","PRODUCTION / TRAITEMENT","37",170.33,159.083333,73.92
"2020","RESEAU","Centre Var","TRAVAUX FACTURABLES","37",170.33,9.951923,73.92
"2020","RESEAU","Centre Var","CLIENTELE","37",170.33,18.678269,73.92
"2020","RESEAU","Centre Var","DISTRIBUTION / COLLECTE","37",170.33,45.291538,73.92
"2020","RESEAU","Centre Var","RELEVE COMPTEURS","37",170.33,0,73.92
"2020","AUTRES","Centre Var","TRAJET","37",170.33,58.8,73.92
"2020","AUTRES","Centre Var","ADMINISTRATIF","37",170.33,37.8,73.92
"2020","STATION","Var Littoral","ELECTROMECANIQUE","37",381.75,11.25,269.82
"2020","STATION","Var Littoral","PRODUCTION / TRAITEMENT","37",381.75,370.5,269.82
"2020","RESEAU","Var Littoral","TRAVAUX FACTURABLES","37",381.75,16.730769,269.82
"2020","RESEAU","Var Littoral","CLIENTELE","37",381.75,15.465769,269.82
"2020","RESEAU","Var Littoral","DISTRIBUTION / COLLECTE","37",381.75,81.966923,269.82
"2020","RESEAU","Var Littoral","RELEVE COMPTEURS","37",381.75,155.655579,269.82
"2020","AUTRES","Var Littoral","TRAJET","37",381.75,86.205,269.82
"2020","AUTRES","Var Littoral","ADMINISTRATIF","37",381.75,55.4175,269.82
"2020","STATION","Centre Var","ELECTROMECANIQUE","38",157.57,2.319853,77.28
"2020","STATION","Centre Var","PRODUCTION / TRAITEMENT","38",157.57,155.25,77.28
"2020","RESEAU","Centre Var","TRAVAUX FACTURABLES","38",157.57,9.951923,77.28
"2020","RESEAU","Centre Var","CLIENTELE","38",157.57,16.458269,77.28
"2020","RESEAU","Centre Var","DISTRIBUTION / COLLECTE","38",157.57,50.871538,77.28
"2020","RESEAU","Centre Var","RELEVE COMPTEURS","38",157.57,0,77.28
"2020","AUTRES","Centre Var","TRAJET","38",157.57,62.475,77.28
"2020","AUTRES","Centre Var","ADMINISTRATIF","38",157.57,40.1625,77.28
"2020","STATION","Var Littoral","ELECTROMECANIQUE","38",324.58,3.75,263.96
"2020","STATION","Var Littoral","PRODUCTION / TRAITEMENT","38",324.58,320.833333,263.96
"2020","RESEAU","Var Littoral","TRAVAUX FACTURABLES","38",324.58,16.730769,263.96
"2020","RESEAU","Var Littoral","CLIENTELE","38",324.58,17.135769,263.96
"2020","RESEAU","Var Littoral","DISTRIBUTION / COLLECTE","38",324.58,74.436923,263.96
"2020","RESEAU","Var Littoral","RELEVE COMPTEURS","38",324.58,155.655579,263.96
"2020","AUTRES","Var Littoral","TRAJET","38",324.58,82.53,263.96
"2020","AUTRES","Var Littoral","ADMINISTRATIF","38",324.58,53.055,263.96
"2020","STATION","Centre Var","ELECTROMECANIQUE","39",182.3,2.045956,74.34
"2020","STATION","Centre Var","PRODUCTION / TRAITEMENT","39",182.3,180.25,74.34
"2020","RESEAU","Centre Var","TRAVAUX FACTURABLES","39",182.3,9.951923,74.34
"2020","RESEAU","Centre Var","CLIENTELE","39",182.3,16.058269,74.34
"2020","RESEAU","Centre Var","DISTRIBUTION / COLLECTE","39",182.3,48.331538,74.34
"2020","RESEAU","Centre Var","RELEVE COMPTEURS","39",182.3,0,74.34
"2020","AUTRES","Centre Var","TRAJET","39",182.3,65.625,74.34
"2020","AUTRES","Centre Var","ADMINISTRATIF","39",182.3,42.1875,74.34
"2020","STATION","Var Littoral","ELECTROMECANIQUE","39",336.17,11.25,255.84
"2020","STATION","Var Littoral","PRODUCTION / TRAITEMENT","39",336.17,324.916667,255.84
"2020","RESEAU","Var Littoral","TRAVAUX FACTURABLES","39",336.17,16.730769,255.84
"2020","RESEAU","Var Littoral","CLIENTELE","39",336.17,10.645769,255.84
"2020","RESEAU","Var Littoral","DISTRIBUTION / COLLECTE","39",336.17,72.806923,255.84
"2020","RESEAU","Var Littoral","RELEVE COMPTEURS","39",336.17,155.655579,255.84
"2020","AUTRES","Var Littoral","TRAJET","39",336.17,89.355,255.84
"2020","AUTRES","Var Littoral","ADMINISTRATIF","39",336.17,57.4425,255.84
"2020","STATION","Centre Var","ELECTROMECANIQUE","40",175.13,11.25,69.89
"2020","STATION","Centre Var","PRODUCTION / TRAITEMENT","40",175.13,163.883333,69.89
"2020","RESEAU","Centre Var","TRAVAUX FACTURABLES","40",175.13,9.951923,69.89
"2020","RESEAU","Centre Var","CLIENTELE","40",175.13,12.388269,69.89
"2020","RESEAU","Centre Var","DISTRIBUTION / COLLECTE","40",175.13,47.551538,69.89
"2020","RESEAU","Centre Var","RELEVE COMPTEURS","40",175.13,0,69.89
"2020","AUTRES","Centre Var","TRAJET","40",175.13,64.575,69.89
"2020","AUTRES","Centre Var","ADMINISTRATIF","40",175.13,41.5125,69.89
"2020","STATION","Var Littoral","ELECTROMECANIQUE","40",325.5,7.5,267.88
"2020","STATION","Var Littoral","PRODUCTION / TRAITEMENT","40",325.5,318,267.88
"2020","RESEAU","Var Littoral","TRAVAUX FACTURABLES","40",325.5,12.980769,267.88
"2020","RESEAU","Var Littoral","CLIENTELE","40",325.5,19.495769,267.88
"2020","RESEAU","Var Littoral","DISTRIBUTION / COLLECTE","40",325.5,79.746923,267.88
"2020","RESEAU","Var Littoral","RELEVE COMPTEURS","40",325.5,155.655579,267.88
"2020","AUTRES","Var Littoral","TRAJET","40",325.5,84.315,267.88
"2020","AUTRES","Var Littoral","ADMINISTRATIF","40",325.5,54.2025,267.88
"2020","STATION","Centre Var","ELECTROMECANIQUE","41",171.67,11.25,89.36
"2020","STATION","Centre Var","PRODUCTION / TRAITEMENT","41",171.67,160.416667,89.36
"2020","RESEAU","Centre Var","TRAVAUX FACTURABLES","41",171.67,9.951923,89.36
"2020","RESEAU","Centre Var","CLIENTELE","41",171.67,24.368269,89.36
"2020","RESEAU","Centre Var","DISTRIBUTION / COLLECTE","41",171.67,55.041538,89.36
"2020","RESEAU","Centre Var","RELEVE COMPTEURS","41",171.67,0,89.36
"2020","AUTRES","Centre Var","TRAJET","41",171.67,61.425,89.36
"2020","AUTRES","Centre Var","ADMINISTRATIF","41",171.67,39.4875,89.36
"2020","STATION","Var Littoral","ELECTROMECANIQUE","41",339,7.5,279.06
"2020","STATION","Var Littoral","PRODUCTION / TRAITEMENT","41",339,331.5,279.06
"2020","RESEAU","Var Littoral","TRAVAUX FACTURABLES","41",339,16.730769,279.06
"2020","RESEAU","Var Littoral","CLIENTELE","41",339,17.685769,279.06
"2020","RESEAU","Var Littoral","DISTRIBUTION / COLLECTE","41",339,88.986923,279.06
"2020","RESEAU","Var Littoral","RELEVE COMPTEURS","41",339,155.655579,279.06
"2020","AUTRES","Var Littoral","TRAJET","41",339,88.515,279.06
"2020","AUTRES","Var Littoral","ADMINISTRATIF","41",339,56.9025,279.06
"2020","STATION","Centre Var","ELECTROMECANIQUE","42",156.1,7.5,71.12
"2020","STATION","Centre Var","PRODUCTION / TRAITEMENT","42",156.1,148.6,71.12
"2020","RESEAU","Centre Var","TRAVAUX FACTURABLES","42",156.1,9.951923,71.12
"2020","RESEAU","Centre Var","CLIENTELE","42",156.1,14.798269,71.12
"2020","RESEAU","Centre Var","DISTRIBUTION / COLLECTE","42",156.1,46.371538,71.12
"2020","RESEAU","Centre Var","RELEVE COMPTEURS","42",156.1,0,71.12
"2020","AUTRES","Centre Var","TRAJET","42",156.1,65.625,71.12
"2020","AUTRES","Centre Var","ADMINISTRATIF","42",156.1,42.1875,71.12
"2020","STATION","Var Littoral","ELECTROMECANIQUE","42",301.33,7.5,266.52
"2020","STATION","Var Littoral","PRODUCTION / TRAITEMENT","42",301.33,293.833333,266.52
"2020","RESEAU","Var Littoral","TRAVAUX FACTURABLES","42",301.33,16.730769,266.52
"2020","RESEAU","Var Littoral","CLIENTELE","42",301.33,14.385769,266.52
"2020","RESEAU","Var Littoral","DISTRIBUTION / COLLECTE","42",301.33,79.746923,266.52
"2020","RESEAU","Var Littoral","RELEVE COMPTEURS","42",301.33,155.655579,266.52
"2020","AUTRES","Var Littoral","TRAJET","42",301.33,86.205,266.52
"2020","AUTRES","Var Littoral","ADMINISTRATIF","42",301.33,55.4175,266.52
"2020","STATION","Centre Var","ELECTROMECANIQUE","43",203.33,11.25,103.41
"2020","STATION","Centre Var","PRODUCTION / TRAITEMENT","43",203.33,192.083333,103.41
"2020","RESEAU","Centre Var","TRAVAUX FACTURABLES","43",203.33,9.951923,103.41
"2020","RESEAU","Centre Var","CLIENTELE","43",203.33,7.898269,103.41
"2020","RESEAU","Centre Var","DISTRIBUTION / COLLECTE","43",203.33,51.371538,103.41
"2020","RESEAU","Centre Var","RELEVE COMPTEURS","43",203.33,34.186105,103.41
"2020","AUTRES","Centre Var","TRAJET","43",203.33,48.3,103.41
"2020","AUTRES","Centre Var","ADMINISTRATIF","43",203.33,31.05,103.41
"2020","STATION","Var Littoral","ELECTROMECANIQUE","43",330.13,8.625,280.75
"2020","STATION","Var Littoral","PRODUCTION / TRAITEMENT","43",330.13,321.5,280.75
"2020","RESEAU","Var Littoral","TRAVAUX FACTURABLES","43",330.13,9.230769,280.75
"2020","RESEAU","Var Littoral","CLIENTELE","43",330.13,15.245769,280.75
"2020","RESEAU","Var Littoral","DISTRIBUTION / COLLECTE","43",330.13,100.616923,280.75
"2020","RESEAU","Var Littoral","RELEVE COMPTEURS","43",330.13,155.655579,280.75
"2020","AUTRES","Var Littoral","TRAJET","43",330.13,76.23,280.75
"2020","AUTRES","Var Littoral","ADMINISTRATIF","43",330.13,49.005,280.75
"2020","STATION","Centre Var","ELECTROMECANIQUE","44",159,11.25,98.58
"2020","STATION","Centre Var","PRODUCTION / TRAITEMENT","44",159,147.75,98.58
"2020","RESEAU","Centre Var","TRAVAUX FACTURABLES","44",159,9.951923,98.58
"2020","RESEAU","Centre Var","CLIENTELE","44",159,7.478269,98.58
"2020","RESEAU","Centre Var","DISTRIBUTION / COLLECTE","44",159,46.961538,98.58
"2020","RESEAU","Centre Var","RELEVE COMPTEURS","44",159,34.186105,98.58
"2020","AUTRES","Centre Var","TRAJET","44",159,41.055,98.58
"2020","AUTRES","Centre Var","ADMINISTRATIF","44",159,26.3925,98.58
"2020","STATION","Var Littoral","ELECTROMECANIQUE","44",305.67,18.75,133.45
"2020","STATION","Var Littoral","PRODUCTION / TRAITEMENT","44",305.67,286.916667,133.45
"2020","RESEAU","Var Littoral","TRAVAUX FACTURABLES","44",305.67,12.980769,133.45
"2020","RESEAU","Var Littoral","CLIENTELE","44",305.67,13.745769,133.45
"2020","RESEAU","Var Littoral","DISTRIBUTION / COLLECTE","44",305.67,106.726923,133.45
"2020","RESEAU","Var Littoral","RELEVE COMPTEURS","44",305.67,0,133.45
"2020","AUTRES","Var Littoral","TRAJET","44",305.67,68.355,133.45
"2020","AUTRES","Var Littoral","ADMINISTRATIF","44",305.67,43.9425,133.45
"2020","STATION","Centre Var","ELECTROMECANIQUE","45",154.08,7.5,128.98
"2020","STATION","Centre Var","PRODUCTION / TRAITEMENT","45",154.08,146.583333,128.98
"2020","RESEAU","Centre Var","TRAVAUX FACTURABLES","45",154.08,9.951923,128.98
"2020","RESEAU","Centre Var","CLIENTELE","45",154.08,11.588269,128.98
"2020","RESEAU","Centre Var","DISTRIBUTION / COLLECTE","45",154.08,54.051538,128.98
"2020","RESEAU","Centre Var","RELEVE COMPTEURS","45",154.08,53.387605,128.98
"2020","AUTRES","Centre Var","TRAJET","45",154.08,59.325,128.98
"2020","AUTRES","Centre Var","ADMINISTRATIF","45",154.08,38.1375,128.98
"2020","STATION","Var Littoral","ELECTROMECANIQUE","45",281.04,9.375,122.68
"2020","STATION","Var Littoral","PRODUCTION / TRAITEMENT","45",281.04,271.666667,122.68
"2020","RESEAU","Var Littoral","TRAVAUX FACTURABLES","45",281.04,16.730769,122.68
"2020","RESEAU","Var Littoral","CLIENTELE","45",281.04,17.295769,122.68
"2020","RESEAU","Var Littoral","DISTRIBUTION / COLLECTE","45",281.04,88.656923,122.68
"2020","RESEAU","Var Littoral","RELEVE COMPTEURS","45",281.04,0,122.68
"2020","AUTRES","Var Littoral","TRAJET","45",281.04,77.28,122.68
"2020","AUTRES","Var Littoral","ADMINISTRATIF","45",281.04,49.68,122.68
"2020","STATION","Centre Var","ELECTROMECANIQUE","46",150,3.75,200.96
"2020","STATION","Centre Var","PRODUCTION / TRAITEMENT","46",150,146.25,200.96
"2020","RESEAU","Centre Var","TRAVAUX FACTURABLES","46",150,9.951923,200.96
"2020","RESEAU","Centre Var","CLIENTELE","46",150,19.718269,200.96
"2020","RESEAU","Centre Var","DISTRIBUTION / COLLECTE","46",150,45.381538,200.96
"2020","RESEAU","Centre Var","RELEVE COMPTEURS","46",150,125.907257,200.96
"2020","AUTRES","Centre Var","TRAJET","46",150,65.415,200.96
"2020","AUTRES","Centre Var","ADMINISTRATIF","46",150,42.0525,200.96
"2020","STATION","Var Littoral","ELECTROMECANIQUE","46",319.17,9.75,106.45
"2020","STATION","Var Littoral","PRODUCTION / TRAITEMENT","46",319.17,309.416667,106.45
"2020","RESEAU","Var Littoral","TRAVAUX FACTURABLES","46",319.17,16.730769,106.45
"2020","RESEAU","Var Littoral","CLIENTELE","46",319.17,20.385769,106.45
"2020","RESEAU","Var Littoral","DISTRIBUTION / COLLECTE","46",319.17,69.336923,106.45
"2020","RESEAU","Var Littoral","RELEVE COMPTEURS","46",319.17,0,106.45
"2020","AUTRES","Var Littoral","TRAJET","46",319.17,89.355,106.45
"2020","AUTRES","Var Littoral","ADMINISTRATIF","46",319.17,57.4425,106.45
"2020","STATION","Centre Var","ELECTROMECANIQUE","47",171.17,7.5,254.08
"2020","STATION","Centre Var","PRODUCTION / TRAITEMENT","47",171.17,163.666667,254.08
"2020","RESEAU","Centre Var","TRAVAUX FACTURABLES","47",171.17,9.951923,254.08
"2020","RESEAU","Centre Var","CLIENTELE","47",171.17,19.968269,254.08
"2020","RESEAU","Centre Var","DISTRIBUTION / COLLECTE","47",171.17,46.171538,254.08
"2020","RESEAU","Centre Var","RELEVE COMPTEURS","47",171.17,177.991678,254.08
"2020","AUTRES","Centre Var","TRAJET","47",171.17,66.465,254.08
"2020","AUTRES","Centre Var","ADMINISTRATIF","47",171.17,42.7275,254.08
"2020","STATION","Var Littoral","ELECTROMECANIQUE","47",324.48,6.976103,123.51
"2020","STATION","Var Littoral","PRODUCTION / TRAITEMENT","47",324.48,317.5,123.51
"2020","RESEAU","Var Littoral","TRAVAUX FACTURABLES","47",324.48,16.730769,123.51
"2020","RESEAU","Var Littoral","CLIENTELE","47",324.48,21.995769,123.51
"2020","RESEAU","Var Littoral","DISTRIBUTION / COLLECTE","47",324.48,84.786923,123.51
"2020","RESEAU","Var Littoral","RELEVE COMPTEURS","47",324.48,0,123.51
"2020","AUTRES","Var Littoral","TRAJET","47",324.48,91.455,123.51
"2020","AUTRES","Var Littoral","ADMINISTRATIF","47",324.48,58.7925,123.51
"2020","STATION","Centre Var","ELECTROMECANIQUE","48",177.25,3.75,267.8
"2020","STATION","Centre Var","PRODUCTION / TRAITEMENT","48",177.25,173.5,267.8
"2020","RESEAU","Centre Var","TRAVAUX FACTURABLES","48",177.25,9.951923,267.8
"2020","RESEAU","Centre Var","CLIENTELE","48",177.25,17.808269,267.8
"2020","RESEAU","Centre Var","DISTRIBUTION / COLLECTE","48",177.25,52.681538,267.8
"2020","RESEAU","Centre Var","RELEVE COMPTEURS","48",177.25,187.362928,267.8
"2020","AUTRES","Centre Var","TRAJET","48",177.25,66.675,267.8
"2020","AUTRES","Centre Var","ADMINISTRATIF","48",177.25,42.8625,267.8
"2020","STATION","Var Littoral","ELECTROMECANIQUE","48",327.12,10.452206,119.3
"2020","STATION","Var Littoral","PRODUCTION / TRAITEMENT","48",327.12,316.666667,119.3
"2020","RESEAU","Var Littoral","TRAVAUX FACTURABLES","48",327.12,16.730769,119.3
"2020","RESEAU","Var Littoral","CLIENTELE","48",327.12,20.585769,119.3
"2020","RESEAU","Var Littoral","DISTRIBUTION / COLLECTE","48",327.12,81.986923,119.3
"2020","RESEAU","Var Littoral","RELEVE COMPTEURS","48",327.12,0,119.3
"2020","AUTRES","Var Littoral","TRAJET","48",327.12,80.955,119.3
"2020","AUTRES","Var Littoral","ADMINISTRATIF","48",327.12,52.0425,119.3
"2020","STATION","Centre Var","ELECTROMECANIQUE","49",181.92,15,231.74
"2020","STATION","Centre Var","PRODUCTION / TRAITEMENT","49",181.92,166.916667,231.74
"2020","RESEAU","Centre Var","TRAVAUX FACTURABLES","49",181.92,9.951923,231.74
"2020","RESEAU","Centre Var","CLIENTELE","49",181.92,15.598269,231.74
"2020","RESEAU","Centre Var","DISTRIBUTION / COLLECTE","49",181.92,50.441538,231.74
"2020","RESEAU","Centre Var","RELEVE COMPTEURS","49",181.92,155.748296,231.74
"2020","AUTRES","Centre Var","TRAJET","49",181.92,63.525,231.74
"2020","AUTRES","Centre Var","ADMINISTRATIF","49",181.92,40.8375,231.74
"2020","STATION","Var Littoral","ELECTROMECANIQUE","49",325.68,6.428309,127.22
"2020","STATION","Var Littoral","PRODUCTION / TRAITEMENT","49",325.68,319.25,127.22
"2020","RESEAU","Var Littoral","TRAVAUX FACTURABLES","49",325.68,12.980769,127.22
"2020","RESEAU","Var Littoral","CLIENTELE","49",325.68,29.995769,127.22
"2020","RESEAU","Var Littoral","DISTRIBUTION / COLLECTE","49",325.68,84.246923,127.22
"2020","RESEAU","Var Littoral","RELEVE COMPTEURS","49",325.68,0,127.22
"2020","AUTRES","Var Littoral","TRAJET","49",325.68,82.005,127.22
"2020","AUTRES","Var Littoral","ADMINISTRATIF","49",325.68,52.7175,127.22
"2020","STATION","Centre Var","ELECTROMECANIQUE","50",197.02,15,182
"2020","STATION","Centre Var","PRODUCTION / TRAITEMENT","50",197.02,182.016667,182
"2020","RESEAU","Centre Var","TRAVAUX FACTURABLES","50",197.02,9.951923,182
"2020","RESEAU","Centre Var","CLIENTELE","50",197.02,13.708269,182
"2020","RESEAU","Centre Var","DISTRIBUTION / COLLECTE","50",197.02,50.771538,182
"2020","RESEAU","Centre Var","RELEVE COMPTEURS","50",197.02,107.572421,182
"2020","AUTRES","Centre Var","TRAJET","50",197.02,58.8,182
"2020","AUTRES","Centre Var","ADMINISTRATIF","50",197.02,37.8,182
"2020","STATION","Var Littoral","ELECTROMECANIQUE","50",332.57,6.154412,137.08
"2020","STATION","Var Littoral","PRODUCTION / TRAITEMENT","50",332.57,326.416667,137.08
"2020","RESEAU","Var Littoral","TRAVAUX FACTURABLES","50",332.57,16.730769,137.08
"2020","RESEAU","Var Littoral","CLIENTELE","50",332.57,21.205769,137.08
"2020","RESEAU","Var Littoral","DISTRIBUTION / COLLECTE","50",332.57,99.146923,137.08
"2020","RESEAU","Var Littoral","RELEVE COMPTEURS","50",332.57,0,137.08
"2020","AUTRES","Var Littoral","TRAJET","50",332.57,85.155,137.08
"2020","AUTRES","Var Littoral","ADMINISTRATIF","50",332.57,54.7425,137.08
"2020","STATION","Centre Var","ELECTROMECANIQUE","51",162.17,11.25,147.63
"2020","STATION","Centre Var","PRODUCTION / TRAITEMENT","51",162.17,150.916667,147.63
"2020","RESEAU","Centre Var","TRAVAUX FACTURABLES","51",162.17,9.951923,147.63
"2020","RESEAU","Centre Var","CLIENTELE","51",162.17,6.538269,147.63
"2020","RESEAU","Centre Var","DISTRIBUTION / COLLECTE","51",162.17,46.211538,147.63
"2020","RESEAU","Centre Var","RELEVE COMPTEURS","51",162.17,84.928421,147.63
"2020","AUTRES","Centre Var","TRAJET","51",162.17,31.815,147.63
"2020","AUTRES","Centre Var","ADMINISTRATIF","51",162.17,20.4525,147.63
"2020","STATION","Var Littoral","ELECTROMECANIQUE","51",291.46,5.880515,132.07
"2020","STATION","Var Littoral","PRODUCTION / TRAITEMENT","51",291.46,285.583333,132.07
"2020","RESEAU","Var Littoral","TRAVAUX FACTURABLES","51",291.46,16.730769,132.07
"2020","RESEAU","Var Littoral","CLIENTELE","51",291.46,10.145769,132.07
"2020","RESEAU","Var Littoral","DISTRIBUTION / COLLECTE","51",291.46,105.196923,132.07
"2020","RESEAU","Var Littoral","RELEVE COMPTEURS","51",291.46,0,132.07
"2020","AUTRES","Var Littoral","TRAJET","51",291.46,76.755,132.07
"2020","AUTRES","Var Littoral","ADMINISTRATIF","51",291.46,49.3425,132.07
"2020","STATION","Centre Var","ELECTROMECANIQUE","52",167.88,7.5,122.49
"2020","STATION","Centre Var","PRODUCTION / TRAITEMENT","52",167.88,160.383333,122.49
"2020","RESEAU","Centre Var","TRAVAUX FACTURABLES","52",167.88,9.951923,122.49
"2020","RESEAU","Centre Var","CLIENTELE","52",167.88,6.698269,122.49
"2020","RESEAU","Centre Var","DISTRIBUTION / COLLECTE","52",167.88,53.751538,122.49
"2020","RESEAU","Centre Var","RELEVE COMPTEURS","52",167.88,52.084421,122.49
"2020","AUTRES","Centre Var","TRAJET","52",167.88,36.75,122.49
"2020","AUTRES","Centre Var","ADMINISTRATIF","52",167.88,23.625,122.49
"2020","STATION","Var Littoral","ELECTROMECANIQUE","52",349.62,5.606618,110.09
"2020","STATION","Var Littoral","PRODUCTION / TRAITEMENT","52",349.62,344.016667,110.09
"2020","RESEAU","Var Littoral","TRAVAUX FACTURABLES","52",349.62,16.730769,110.09
"2020","RESEAU","Var Littoral","CLIENTELE","52",349.62,12.585769,110.09
"2020","RESEAU","Var Littoral","DISTRIBUTION / COLLECTE","52",349.62,80.776923,110.09
"2020","RESEAU","Var Littoral","RELEVE COMPTEURS","52",349.62,0,110.09
"2020","AUTRES","Var Littoral","TRAJET","52",349.62,53.34,110.09
"2020","AUTRES","Var Littoral","ADMINISTRATIF","52",349.62,34.29,110.09