"Profil","Secteur","Activite","Date_Week1","Capacite_Station","Capacite_Reseau","Charge"
"STATION","Centre Var","ELECTROMECANIQUE","01",188.67,0,18.75
"STATION","Centre Var","PRODUCTION / TRAITEMENT","01",188.67,0,169.916667
"RESEAU","Centre Var","TRAVAUX FACTURABLES","01",0,93.48,9.951923
"RESEAU","Centre Var","CLIENTELE","01",0,93.48,15.248269
"RESEAU","Centre Var","DISTRIBUTION / COLLECTE","01",0,93.48,68.281538
"RESEAU","Centre Var","RELEVE COMPTEURS","01",0,93.48,0
"AUTRES","Centre Var","TRAJET","01",0,0,64.575
"AUTRES","Centre Var","ADMINISTRATIF","01",0,0,41.5125
"STATION","Var Littoral","ELECTROMECANIQUE","01",277.83,0,5.332721
"STATION","Var Littoral","PRODUCTION / TRAITEMENT","01",277.83,0,272.5
"RESEAU","Var Littoral","TRAVAUX FACTURABLES","01",0,125.26,16.730769
"RESEAU","Var Littoral","CLIENTELE","01",0,125.26,18.645769
"RESEAU","Var Littoral","DISTRIBUTION / COLLECTE","01",0,125.26,89.886923
"RESEAU","Var Littoral","RELEVE COMPTEURS","01",0,125.26,0
"AUTRES","Var Littoral","TRAJET","01",0,0,75.705
"AUTRES","Var Littoral","ADMINISTRATIF","01",0,0,48.6675
"STATION","Centre Var","ELECTROMECANIQUE","02",168.58,0,7.5
"STATION","Centre Var","PRODUCTION / TRAITEMENT","02",168.58,0,161.083333
"RESEAU","Centre Var","TRAVAUX FACTURABLES","02",0,91.85,9.951923
"RESEAU","Centre Var","CLIENTELE","02",0,91.85,19.958269
"RESEAU","Centre Var","DISTRIBUTION / COLLECTE","02",0,91.85,61.941538
"RESEAU","Centre Var","RELEVE COMPTEURS","02",0,91.85,0
"AUTRES","Centre Var","TRAJET","02",0,0,64.575
"AUTRES","Centre Var","ADMINISTRATIF","02",0,0,41.5125
"STATION","Var Littoral","ELECTROMECANIQUE","02",298.67,0,9.75
"STATION","Var Littoral","PRODUCTION / TRAITEMENT","02",298.67,0,288.916667
"RESEAU","Var Littoral","TRAVAUX FACTURABLES","02",0,106.03,16.730769
"RESEAU","Var Littoral","CLIENTELE","02",0,106.03,17.095769
"RESEAU","Var Littoral","DISTRIBUTION / COLLECTE","02",0,106.03,72.206923
"RESEAU","Var Littoral","RELEVE COMPTEURS","02",0,106.03,0
"AUTRES","Var Littoral","TRAJET","02",0,0,87.255
"AUTRES","Var Littoral","ADMINISTRATIF","02",0,0,56.0925
"STATION","Centre Var","ELECTROMECANIQUE","03",182.17,0,11.25
"STATION","Centre Var","PRODUCTION / TRAITEMENT","03",182.17,0,170.916667
"RESEAU","Centre Var","TRAVAUX FACTURABLES","03",0,109.85,9.951923
"RESEAU","Centre Var","CLIENTELE","03",0,109.85,33.618269
"RESEAU","Centre Var","DISTRIBUTION / COLLECTE","03",0,109.85,66.281538
"RESEAU","Centre Var","RELEVE COMPTEURS","03",0,109.85,0
"AUTRES","Centre Var","TRAJET","03",0,0,66.675
"AUTRES","Centre Var","ADMINISTRATIF","03",0,0,42.8625
"STATION","Var Littoral","ELECTROMECANIQUE","03",301.06,0,6.976103
"STATION","Var Littoral","PRODUCTION / TRAITEMENT","03",301.06,0,294.083333
"RESEAU","Var Littoral","TRAVAUX FACTURABLES","03",0,129.55,16.730769
"RESEAU","Var Littoral","CLIENTELE","03",0,129.55,24.505769
"RESEAU","Var Littoral","DISTRIBUTION / COLLECTE","03",0,129.55,88.316923
"RESEAU","Var Littoral","RELEVE COMPTEURS","03",0,129.55,0
"AUTRES","Var Littoral","TRAJET","03",0,0,91.98
"AUTRES","Var Littoral","ADMINISTRATIF","03",0,0,59.13
"STATION","Centre Var","ELECTROMECANIQUE","04",191.08,0,11.25
"STATION","Centre Var","PRODUCTION / TRAITEMENT","04",191.08,0,179.833333
"RESEAU","Centre Var","TRAVAUX FACTURABLES","04",0,83.67,9.951923
"RESEAU","Centre Var","CLIENTELE","04",0,83.67,16.138269
"RESEAU","Centre Var","DISTRIBUTION / COLLECTE","04",0,83.67,57.581538
"RESEAU","Centre Var","RELEVE COMPTEURS","04",0,83.67,0
"AUTRES","Centre Var","TRAJET","04",0,0,65.1
"AUTRES","Centre Var","ADMINISTRATIF","04",0,0,41.85
"STATION","Var Littoral","ELECTROMECANIQUE","04",319.76,0,4.511029
"STATION","Var Littoral","PRODUCTION / TRAITEMENT","04",319.76,0,315.25
"RESEAU","Var Littoral","TRAVAUX FACTURABLES","04",0,109.35,16.730769
"RESEAU","Var Littoral","CLIENTELE","04",0,109.35,15.065769
"RESEAU","Var Littoral","DISTRIBUTION / COLLECTE","04",0,109.35,77.556923
"RESEAU","Var Littoral","RELEVE COMPTEURS","04",0,109.35,0
"AUTRES","Var Littoral","TRAJET","04",0,0,78.33
"AUTRES","Var Littoral","ADMINISTRATIF","04",0,0,50.355
"STATION","Centre Var","ELECTROMECANIQUE","05",227.42,0,22.5
"STATION","Centre Var","PRODUCTION / TRAITEMENT","05",227.42,0,204.916667
"RESEAU","Centre Var","TRAVAUX FACTURABLES","05",0,77.58,9.951923
"RESEAU","Centre Var","CLIENTELE","05",0,77.58,17.598269
"RESEAU","Centre Var","DISTRIBUTION / COLLECTE","05",0,77.58,50.031538
"RESEAU","Centre Var","RELEVE COMPTEURS","05",0,77.58,0
"AUTRES","Centre Var","TRAJET","05",0,0,64.575
"AUTRES","Centre Var","ADMINISTRATIF","05",0,0,41.5125
"STATION","Var Littoral","ELECTROMECANIQUE","05",302.67,0,7.987132
"STATION","Var Littoral","PRODUCTION / TRAITEMENT","05",302.67,0,294.683333
"RESEAU","Var Littoral","TRAVAUX FACTURABLES","05",0,126.76,16.730769
"RESEAU","Var Littoral","CLIENTELE","05",0,126.76,13.005769
"RESEAU","Var Littoral","DISTRIBUTION / COLLECTE","05",0,126.76,97.026923
"RESEAU","Var Littoral","RELEVE COMPTEURS","05",0,126.76,0
"AUTRES","Var Littoral","TRAJET","05",0,0,78.33
"AUTRES","Var Littoral","ADMINISTRATIF","05",0,0,50.355
"STATION","Centre Var","ELECTROMECANIQUE","06",180.75,0,15
"STATION","Centre Var","PRODUCTION / TRAITEMENT","06",180.75,0,165.75
"RESEAU","Centre Var","TRAVAUX FACTURABLES","06",0,85.82,9.951923
"RESEAU","Centre Var","CLIENTELE","06",0,85.82,14.028269
"RESEAU","Centre Var","DISTRIBUTION / COLLECTE","06",0,85.82,61.841538
"RESEAU","Centre Var","RELEVE COMPTEURS","06",0,85.82,0
"AUTRES","Centre Var","TRAJET","06",0,0,61.425
"AUTRES","Centre Var","ADMINISTRATIF","06",0,0,39.4875
"STATION","Var Littoral","ELECTROMECANIQUE","06",316.5,0,11.25
"STATION","Var Littoral","PRODUCTION / TRAITEMENT","06",316.5,0,305.25
"RESEAU","Var Littoral","TRAVAUX FACTURABLES","06",0,142.01,16.730769
"RESEAU","Var Littoral","CLIENTELE","06",0,142.01,20.935769
"RESEAU","Var Littoral","DISTRIBUTION / COLLECTE","06",0,142.01,104.346923
"RESEAU","Var Littoral","RELEVE COMPTEURS","06",0,142.01,0
"AUTRES","Var Littoral","TRAJET","06",0,0,83.58
"AUTRES","Var Littoral","ADMINISTRATIF","06",0,0,53.73
"STATION","Centre Var","ELECTROMECANIQUE","07",176.58,0,18.75
"STATION","Centre Var","PRODUCTION / TRAITEMENT","07",176.58,0,157.833333
"RESEAU","Centre Var","TRAVAUX FACTURABLES","07",0,76.8,9.951923
"RESEAU","Centre Var","CLIENTELE","07",0,76.8,15.248269
"RESEAU","Centre Var","DISTRIBUTION / COLLECTE","07",0,76.8,51.601538
"RESEAU","Centre Var","RELEVE COMPTEURS","07",0,76.8,0
"AUTRES","Centre Var","TRAJET","07",0,0,47.775
"AUTRES","Centre Var","ADMINISTRATIF","07",0,0,30.7125
"STATION","Var Littoral","ELECTROMECANIQUE","07",282.42,0,7.5
"STATION","Var Littoral","PRODUCTION / TRAITEMENT","07",282.42,0,274.916667
"RESEAU","Var Littoral","TRAVAUX FACTURABLES","07",0,126.89,12.980769
"RESEAU","Var Littoral","CLIENTELE","07",0,126.89,16.835769
"RESEAU","Var Littoral","DISTRIBUTION / COLLECTE","07",0,126.89,97.076923
"RESEAU","Var Littoral","RELEVE COMPTEURS","07",0,126.89,0
"AUTRES","Var Littoral","TRAJET","07",0,0,74.13
"AUTRES","Var Littoral","ADMINISTRATIF","07",0,0,47.655
"STATION","Centre Var","ELECTROMECANIQUE","08",199.25,0,7.5
"STATION","Centre Var","PRODUCTION / TRAITEMENT","08",199.25,0,191.75
"RESEAU","Centre Var","TRAVAUX FACTURABLES","08",0,90.87,9.951923
"RESEAU","Centre Var","CLIENTELE","08",0,90.87,23.998269
"RESEAU","Centre Var","DISTRIBUTION / COLLECTE","08",0,90.87,56.921538
"RESEAU","Centre Var","RELEVE COMPTEURS","08",0,90.87,0
"AUTRES","Centre Var","TRAJET","08",0,0,53.025
"AUTRES","Centre Var","ADMINISTRATIF","08",0,0,34.0875
"STATION","Var Littoral","ELECTROMECANIQUE","08",300.25,0,15
"STATION","Var Littoral","PRODUCTION / TRAITEMENT","08",300.25,0,285.25
"RESEAU","Var Littoral","TRAVAUX FACTURABLES","08",0,128.94,16.730769
"RESEAU","Var Littoral","CLIENTELE","08",0,128.94,27.835769
"RESEAU","Var Littoral","DISTRIBUTION / COLLECTE","08",0,128.94,84.376923
"RESEAU","Var Littoral","RELEVE COMPTEURS","08",0,128.94,0
"AUTRES","Var Littoral","TRAJET","08",0,0,77.805
"AUTRES","Var Littoral","ADMINISTRATIF","08",0,0,50.0175
"STATION","Centre Var","ELECTROMECANIQUE","09",190.5,0,7.5
"STATION","Centre Var","PRODUCTION / TRAITEMENT","09",190.5,0,183
"RESEAU","Centre Var","TRAVAUX FACTURABLES","09",0,83.03,9.951923
"RESEAU","Centre Var","CLIENTELE","09",0,83.03,17.298269
"RESEAU","Centre Var","DISTRIBUTION / COLLECTE","09",0,83.03,55.781538
"RESEAU","Centre Var","RELEVE COMPTEURS","09",0,83.03,0
"AUTRES","Centre Var","TRAJET","09",0,0,47.775
"AUTRES","Centre Var","ADMINISTRATIF","09",0,0,30.7125
"STATION","Var Littoral","ELECTROMECANIQUE","09",306.51,0,3.141544
"STATION","Var Littoral","PRODUCTION / TRAITEMENT","09",306.51,0,303.366667
"RESEAU","Var Littoral","TRAVAUX FACTURABLES","09",0,137.49,16.730769
"RESEAU","Var Littoral","CLIENTELE","09",0,137.49,17.685769
"RESEAU","Var Littoral","DISTRIBUTION / COLLECTE","09",0,137.49,78.716923
"RESEAU","Var Littoral","RELEVE COMPTEURS","09",0,137.49,24.3525
"AUTRES","Var Littoral","TRAJET","09",0,0,76.44
"AUTRES","Var Littoral","ADMINISTRATIF","09",0,0,49.14
"STATION","Centre Var","ELECTROMECANIQUE","10",174.5,0,11.25
"STATION","Centre Var","PRODUCTION / TRAITEMENT","10",174.5,0,163.25
"RESEAU","Centre Var","TRAVAUX FACTURABLES","10",0,78.12,9.951923
"RESEAU","Centre Var","CLIENTELE","10",0,78.12,19.558269
"RESEAU","Centre Var","DISTRIBUTION / COLLECTE","10",0,78.12,48.611538
"RESEAU","Centre Var","RELEVE COMPTEURS","10",0,78.12,0
"AUTRES","Centre Var","TRAJET","10",0,0,60.375
"AUTRES","Centre Var","ADMINISTRATIF","10",0,0,38.8125
"STATION","Var Littoral","ELECTROMECANIQUE","10",314.87,0,2.867647
"STATION","Var Littoral","PRODUCTION / TRAITEMENT","10",314.87,0,312
"RESEAU","Var Littoral","TRAVAUX FACTURABLES","10",0,149.43,16.730769
"RESEAU","Var Littoral","CLIENTELE","10",0,149.43,23.185769
"RESEAU","Var Littoral","DISTRIBUTION / COLLECTE","10",0,149.43,85.156923
"RESEAU","Var Littoral","RELEVE COMPTEURS","10",0,149.43,24.3525
"AUTRES","Var Littoral","TRAJET","10",0,0,80.43
"AUTRES","Var Littoral","ADMINISTRATIF","10",0,0,51.705
"STATION","Centre Var","ELECTROMECANIQUE","11",175.48,0,11.25
"STATION","Centre Var","PRODUCTION / TRAITEMENT","11",175.48,0,164.233333
"RESEAU","Centre Var","TRAVAUX FACTURABLES","11",0,81.66,9.951923
"RESEAU","Centre Var","CLIENTELE","11",0,81.66,22.018269
"RESEAU","Centre Var","DISTRIBUTION / COLLECTE","11",0,81.66,49.691538
"RESEAU","Centre Var","RELEVE COMPTEURS","11",0,81.66,0
"AUTRES","Centre Var","TRAJET","11",0,0,61.425
"AUTRES","Centre Var","ADMINISTRATIF","11",0,0,39.4875
"STATION","Var Littoral","ELECTROMECANIQUE","11",328,0,11.25
"STATION","Var Littoral","PRODUCTION / TRAITEMENT","11",328,0,316.75
"RESEAU","Var Littoral","TRAVAUX FACTURABLES","11",0,152.33,16.730769
"RESEAU","Var Littoral","CLIENTELE","11",0,152.33,13.505769
"RESEAU","Var Littoral","DISTRIBUTION / COLLECTE","11",0,152.33,97.736923
"RESEAU","Var Littoral","RELEVE COMPTEURS","11",0,152.33,24.3525
"AUTRES","Var Littoral","TRAJET","11",0,0,83.58
"AUTRES","Var Littoral","ADMINISTRATIF","11",0,0,53.73
"STATION","Centre Var","ELECTROMECANIQUE","12",162.75,0,3.75
"STATION","Centre Var","PRODUCTION / TRAITEMENT","12",162.75,0,159
"RESEAU","Centre Var","TRAVAUX FACTURABLES","12",0,77.1,9.951923
"RESEAU","Centre Var","CLIENTELE","12",0,77.1,18.368269
"RESEAU","Centre Var","DISTRIBUTION / COLLECTE","12",0,77.1,48.781538
"RESEAU","Centre Var","RELEVE COMPTEURS","12",0,77.1,0
"AUTRES","Centre Var","TRAJET","12",0,0,51.765
"AUTRES","Centre Var","ADMINISTRATIF","12",0,0,33.2775
"STATION","Var Littoral","ELECTROMECANIQUE","12",338.57,0,2.319853
"STATION","Var Littoral","PRODUCTION / TRAITEMENT","12",338.57,0,336.25
"RESEAU","Var Littoral","TRAVAUX FACTURABLES","12",0,120.62,16.730769
"RESEAU","Var Littoral","CLIENTELE","12",0,120.62,15.525769
"RESEAU","Var Littoral","DISTRIBUTION / COLLECTE","12",0,120.62,88.366923
"RESEAU","Var Littoral","RELEVE COMPTEURS","12",0,120.62,0
"AUTRES","Var Littoral","TRAJET","12",0,0,74.13
"AUTRES","Var Littoral","ADMINISTRATIF","12",0,0,47.655
"STATION","Centre Var","ELECTROMECANIQUE","13",190.97,0,11.25
"STATION","Centre Var","PRODUCTION / TRAITEMENT","13",190.97,0,179.716667
"RESEAU","Centre Var","TRAVAUX FACTURABLES","13",0,75.04,9.951923
"RESEAU","Centre Var","CLIENTELE","13",0,75.04,11.068269
"RESEAU","Centre Var","DISTRIBUTION / COLLECTE","13",0,75.04,54.021538
"RESEAU","Centre Var","RELEVE COMPTEURS","13",0,75.04,0
"AUTRES","Centre Var","TRAJET","13",0,0,46.725
"AUTRES","Centre Var","ADMINISTRATIF","13",0,0,30.0375
"STATION","Var Littoral","ELECTROMECANIQUE","13",389.8,0,2.045956
"STATION","Var Littoral","PRODUCTION / TRAITEMENT","13",389.8,0,387.75
"RESEAU","Var Littoral","TRAVAUX FACTURABLES","13",0,111.07,16.730769
"RESEAU","Var Littoral","CLIENTELE","13",0,111.07,22.555769
"RESEAU","Var Littoral","DISTRIBUTION / COLLECTE","13",0,111.07,71.786923
"RESEAU","Var Littoral","RELEVE COMPTEURS","13",0,111.07,0
"AUTRES","Var Littoral","TRAJET","13",0,0,78.33
"AUTRES","Var Littoral","ADMINISTRATIF","13",0,0,50.355
"STATION","Centre Var","ELECTROMECANIQUE","14",180.65,0,7.5
"STATION","Centre Var","PRODUCTION / TRAITEMENT","14",180.65,0,173.15
"RESEAU","Centre Var","TRAVAUX FACTURABLES","14",0,86.26,9.951923
"RESEAU","Centre Var","CLIENTELE","14",0,86.26,8.958269
"RESEAU","Centre Var","DISTRIBUTION / COLLECTE","14",0,86.26,67.351538
"RESEAU","Centre Var","RELEVE COMPTEURS","14",0,86.26,0
"AUTRES","Centre Var","TRAJET","14",0,0,48.825
"AUTRES","Centre Var","ADMINISTRATIF","14",0,0,31.3875
"STATION","Var Littoral","ELECTROMECANIQUE","14",331.5,0,7.5
"STATION","Var Littoral","PRODUCTION / TRAITEMENT","14",331.5,0,324
"RESEAU","Var Littoral","TRAVAUX FACTURABLES","14",0,96.19,9.230769
"RESEAU","Var Littoral","CLIENTELE","14",0,96.19,13.675769
"RESEAU","Var Littoral","DISTRIBUTION / COLLECTE","14",0,96.19,73.286923
"RESEAU","Var Littoral","RELEVE COMPTEURS","14",0,96.19,0
"AUTRES","Var Littoral","TRAJET","14",0,0,77.49
"AUTRES","Var Littoral","ADMINISTRATIF","14",0,0,49.815
"STATION","Centre Var","ELECTROMECANIQUE","15",188.08,0,7.5
"STATION","Centre Var","PRODUCTION / TRAITEMENT","15",188.08,0,180.583333
"RESEAU","Centre Var","TRAVAUX FACTURABLES","15",0,77.53,9.951923
"RESEAU","Centre Var","CLIENTELE","15",0,77.53,8.798269
"RESEAU","Centre Var","DISTRIBUTION / COLLECTE","15",0,77.53,58.781538
"RESEAU","Centre Var","RELEVE COMPTEURS","15",0,77.53,0
"AUTRES","Centre Var","TRAJET","15",0,0,48.3
"AUTRES","Centre Var","ADMINISTRATIF","15",0,0,31.05
"STATION","Var Littoral","ELECTROMECANIQUE","15",365.83,0,11.25
"STATION","Var Littoral","PRODUCTION / TRAITEMENT","15",365.83,0,354.583333
"RESEAU","Var Littoral","TRAVAUX FACTURABLES","15",0,112.72,16.730769
"RESEAU","Var Littoral","CLIENTELE","15",0,112.72,18.435769
"RESEAU","Var Littoral","DISTRIBUTION / COLLECTE","15",0,112.72,77.556923
"RESEAU","Var Littoral","RELEVE COMPTEURS","15",0,112.72,0
"AUTRES","Var Littoral","TRAJET","15",0,0,78.33
"AUTRES","Var Littoral","ADMINISTRATIF","15",0,0,50.355
"STATION","Centre Var","ELECTROMECANIQUE","16",163.75,0,7.5
"STATION","Centre Var","PRODUCTION / TRAITEMENT","16",163.75,0,156.25
"RESEAU","Centre Var","TRAVAUX FACTURABLES","16",0,72.37,9.951923
"RESEAU","Centre Var","CLIENTELE","16",0,72.37,11.208269
"RESEAU","Centre Var","DISTRIBUTION / COLLECTE","16",0,72.37,51.211538
"RESEAU","Centre Var","RELEVE COMPTEURS","16",0,72.37,0
"AUTRES","Centre Var","TRAJET","16",0,0,46.725
"AUTRES","Centre Var","ADMINISTRATIF","16",0,0,30.0375
"STATION","Var Littoral","ELECTROMECANIQUE","16",324.75,0,7.5
"STATION","Var Littoral","PRODUCTION / TRAITEMENT","16",324.75,0,317.25
"RESEAU","Var Littoral","TRAVAUX FACTURABLES","16",0,264.94,16.730769
"RESEAU","Var Littoral","CLIENTELE","16",0,264.94,15.835769
"RESEAU","Var Littoral","DISTRIBUTION / COLLECTE","16",0,264.94,66.236923
"RESEAU","Var Littoral","RELEVE COMPTEURS","16",0,264.94,166.141
"AUTRES","Var Littoral","TRAJET","16",0,0,59.43
"AUTRES","Var Littoral","ADMINISTRATIF","16",0,0,38.205
"STATION","Centre Var","ELECTROMECANIQUE","17",181.96,0,8.625
"STATION","Centre Var","PRODUCTION / TRAITEMENT","17",181.96,0,173.333333
"RESEAU","Centre Var","TRAVAUX FACTURABLES","17",0,73.9,9.951923
"RESEAU","Centre Var","CLIENTELE","17",0,73.9,15.718269
"RESEAU","Centre Var","DISTRIBUTION / COLLECTE","17",0,73.9,48.231538
"RESEAU","Centre Var","RELEVE COMPTEURS","17",0,73.9,0
"AUTRES","Centre Var","TRAJET","17",0,0,59.325
"AUTRES","Centre Var","ADMINISTRATIF","17",0,0,38.1375
"STATION","Var Littoral","ELECTROMECANIQUE","17",348.78,0,11.25
"STATION","Var Littoral","PRODUCTION / TRAITEMENT","17",348.78,0,337.533333
"RESEAU","Var Littoral","TRAVAUX FACTURABLES","17",0,265.08,16.730769
"RESEAU","Var Littoral","CLIENTELE","17",0,265.08,13.475769
"RESEAU","Var Littoral","DISTRIBUTION / COLLECTE","17",0,265.08,68.736923
"RESEAU","Var Littoral","RELEVE COMPTEURS","17",0,265.08,166.141
"AUTRES","Var Littoral","TRAJET","17",0,0,70.14
"AUTRES","Var Littoral","ADMINISTRATIF","17",0,0,45.09
"STATION","Centre Var","ELECTROMECANIQUE","18",179.5,0,18.75
"STATION","Centre Var","PRODUCTION / TRAITEMENT","18",179.5,0,160.75
"RESEAU","Centre Var","TRAVAUX FACTURABLES","18",0,64.59,9.951923
"RESEAU","Centre Var","CLIENTELE","18",0,64.59,7.518269
"RESEAU","Centre Var","DISTRIBUTION / COLLECTE","18",0,64.59,47.121538
"RESEAU","Centre Var","RELEVE COMPTEURS","18",0,64.59,0
"AUTRES","Centre Var","TRAJET","18",0,0,52.29
"AUTRES","Centre Var","ADMINISTRATIF","18",0,0,33.615
"STATION","Var Littoral","ELECTROMECANIQUE","18",313.33,0,11.25
"STATION","Var Littoral","PRODUCTION / TRAITEMENT","18",313.33,0,302.083333
"RESEAU","Var Littoral","TRAVAUX FACTURABLES","18",0,303.93,16.730769
"RESEAU","Var Littoral","CLIENTELE","18",0,303.93,20.285769
"RESEAU","Var Littoral","DISTRIBUTION / COLLECTE","18",0,303.93,100.776923
"RESEAU","Var Littoral","RELEVE COMPTEURS","18",0,303.93,166.141
"AUTRES","Var Littoral","TRAJET","18",0,0,68.88
"AUTRES","Var Littoral","ADMINISTRATIF","18",0,0,44.28
"STATION","Centre Var","ELECTROMECANIQUE","19",161.54,0,9.375
"STATION","Centre Var","PRODUCTION / TRAITEMENT","19",161.54,0,152.166667
"RESEAU","Centre Var","TRAVAUX FACTURABLES","19",0,71.17,9.951923
"RESEAU","Centre Var","CLIENTELE","19",0,71.17,11.778269
"RESEAU","Centre Var","DISTRIBUTION / COLLECTE","19",0,71.17,49.441538
"RESEAU","Centre Var","RELEVE COMPTEURS","19",0,71.17,0
"AUTRES","Centre Var","TRAJET","19",0,0,52.29
"AUTRES","Centre Var","ADMINISTRATIF","19",0,0,33.615
"STATION","Var Littoral","ELECTROMECANIQUE","19",335.85,0,7.5
"STATION","Var Littoral","PRODUCTION / TRAITEMENT","19",335.85,0,328.35
"RESEAU","Var Littoral","TRAVAUX FACTURABLES","19",0,284.14,16.730769
"RESEAU","Var Littoral","CLIENTELE","19",0,284.14,22.115769
"RESEAU","Var Littoral","DISTRIBUTION / COLLECTE","19",0,284.14,79.156923
"RESEAU","Var Littoral","RELEVE COMPTEURS","19",0,284.14,166.141
"AUTRES","Var Littoral","TRAJET","19",0,0,74.13
"AUTRES","Var Littoral","ADMINISTRATIF","19",0,0,47.655
"STATION","Centre Var","ELECTROMECANIQUE","20",194,0,9.75
"STATION","Centre Var","PRODUCTION / TRAITEMENT","20",194,0,184.25
"RESEAU","Centre Var","TRAVAUX FACTURABLES","20",0,67.25,9.951923
"RESEAU","Centre Var","CLIENTELE","20",0,67.25,5.258269
"RESEAU","Centre Var","DISTRIBUTION / COLLECTE","20",0,67.25,52.041538
"RESEAU","Centre Var","RELEVE COMPTEURS","20",0,67.25,0
"AUTRES","Centre Var","TRAJET","20",0,0,66.675
"AUTRES","Centre Var","ADMINISTRATIF","20",0,0,42.8625
"STATION","Var Littoral","ELECTROMECANIQUE","20",291.5,0,3.75
"STATION","Var Littoral","PRODUCTION / TRAITEMENT","20",291.5,0,287.75
"RESEAU","Var Littoral","TRAVAUX FACTURABLES","20",0,291.5,16.730769
"RESEAU","Var Littoral","CLIENTELE","20",0,291.5,20.665769
"RESEAU","Var Littoral","DISTRIBUTION / COLLECTE","20",0,291.5,87.966923
"RESEAU","Var Littoral","RELEVE COMPTEURS","20",0,291.5,166.141
"AUTRES","Var Littoral","TRAJET","20",0,0,86.73
"AUTRES","Var Littoral","ADMINISTRATIF","20",0,0,55.755
"STATION","Centre Var","ELECTROMECANIQUE","21",200.48,0,6.976103
"STATION","Centre Var","PRODUCTION / TRAITEMENT","21",200.48,0,193.5
"RESEAU","Centre Var","TRAVAUX FACTURABLES","21",0,75.57,9.951923
"RESEAU","Centre Var","CLIENTELE","21",0,75.57,12.638269
"RESEAU","Centre Var","DISTRIBUTION / COLLECTE","21",0,75.57,52.981538
"RESEAU","Centre Var","RELEVE COMPTEURS","21",0,75.57,0
"AUTRES","Centre Var","TRAJET","21",0,0,50.505
"AUTRES","Centre Var","ADMINISTRATIF","21",0,0,32.4675
"STATION","Var Littoral","ELECTROMECANIQUE","21",396.3,0,7.5
"STATION","Var Littoral","PRODUCTION / TRAITEMENT","21",396.3,0,388.8
"RESEAU","Var Littoral","TRAVAUX FACTURABLES","21",0,287.4,16.730769
"RESEAU","Var Littoral","CLIENTELE","21",0,287.4,15.195769
"RESEAU","Var Littoral","DISTRIBUTION / COLLECTE","21",0,287.4,89.336923
"RESEAU","Var Littoral","RELEVE COMPTEURS","21",0,287.4,166.141
"AUTRES","Var Littoral","TRAJET","21",0,0,74.655
"AUTRES","Var Littoral","ADMINISTRATIF","21",0,0,47.9925
"STATION","Centre Var","ELECTROMECANIQUE","22",174.45,0,6.702206
"STATION","Centre Var","PRODUCTION / TRAITEMENT","22",174.45,0,167.75
"RESEAU","Centre Var","TRAVAUX FACTURABLES","22",0,138.23,9.951923
"RESEAU","Centre Var","CLIENTELE","22",0,138.23,11.418269
"RESEAU","Centre Var","DISTRIBUTION / COLLECTE","22",0,138.23,59.041538
"RESEAU","Centre Var","RELEVE COMPTEURS","22",0,138.23,57.817607
"AUTRES","Centre Var","TRAJET","22",0,0,51.45
"AUTRES","Centre Var","ADMINISTRATIF","22",0,0,33.075
"STATION","Var Littoral","ELECTROMECANIQUE","22",348.25,0,3.75
"STATION","Var Littoral","PRODUCTION / TRAITEMENT","22",348.25,0,344.5
"RESEAU","Var Littoral","TRAVAUX FACTURABLES","22",0,276.22,16.730769
"RESEAU","Var Littoral","CLIENTELE","22",0,276.22,22.605769
"RESEAU","Var Littoral","DISTRIBUTION / COLLECTE","22",0,276.22,70.746923
"RESEAU","Var Littoral","RELEVE COMPTEURS","22",0,276.22,166.141
"AUTRES","Var Littoral","TRAJET","22",0,0,80.43
"AUTRES","Var Littoral","ADMINISTRATIF","22",0,0,51.705
"STATION","Centre Var","ELECTROMECANIQUE","23",178.14,0,6.428309
"STATION","Centre Var","PRODUCTION / TRAITEMENT","23",178.14,0,171.716667
"RESEAU","Centre Var","TRAVAUX FACTURABLES","23",0,214.07,9.951923
"RESEAU","Centre Var","CLIENTELE","23",0,214.07,14.998269
"RESEAU","Centre Var","DISTRIBUTION / COLLECTE","23",0,214.07,61.521538
"RESEAU","Centre Var","RELEVE COMPTEURS","23",0,214.07,127.601712
"AUTRES","Centre Var","TRAJET","23",0,0,45.99
"AUTRES","Centre Var","ADMINISTRATIF","23",0,0,29.565
"STATION","Var Littoral","ELECTROMECANIQUE","23",372.92,0,15
"STATION","Var Littoral","PRODUCTION / TRAITEMENT","23",372.92,0,357.916667
"RESEAU","Var Littoral","TRAVAUX FACTURABLES","23",0,272.66,16.730769
"RESEAU","Var Littoral","CLIENTELE","23",0,272.66,11.885769
"RESEAU","Var Littoral","DISTRIBUTION / COLLECTE","23",0,272.66,77.906923
"RESEAU","Var Littoral","RELEVE COMPTEURS","23",0,272.66,166.141
"AUTRES","Var Littoral","TRAJET","23",0,0,68.355
"AUTRES","Var Littoral","ADMINISTRATIF","23",0,0,43.9425
"STATION","Centre Var","ELECTROMECANIQUE","24",179.34,0,6.154412
"STATION","Centre Var","PRODUCTION / TRAITEMENT","24",179.34,0,173.183333
"RESEAU","Centre Var","TRAVAUX FACTURABLES","24",0,162.21,9.951923
"RESEAU","Centre Var","CLIENTELE","24",0,162.21,6.348269
"RESEAU","Centre Var","DISTRIBUTION / COLLECTE","24",0,162.21,48.181538
"RESEAU","Centre Var","RELEVE COMPTEURS","24",0,162.21,97.728462
"AUTRES","Centre Var","TRAJET","24",0,0,64.575
"AUTRES","Centre Var","ADMINISTRATIF","24",0,0,41.5125
"STATION","Var Littoral","ELECTROMECANIQUE","24",334.5,0,15
"STATION","Var Littoral","PRODUCTION / TRAITEMENT","24",334.5,0,319.5
"RESEAU","Var Littoral","TRAVAUX FACTURABLES","24",0,172.98,16.730769
"RESEAU","Var Littoral","CLIENTELE","24",0,172.98,14.395769
"RESEAU","Var Littoral","DISTRIBUTION / COLLECTE","24",0,172.98,70.076923
"RESEAU","Var Littoral","RELEVE COMPTEURS","24",0,172.98,71.772211
"AUTRES","Var Littoral","TRAJET","24",0,0,84.84
"AUTRES","Var Littoral","ADMINISTRATIF","24",0,0,54.54
"STATION","Centre Var","ELECTROMECANIQUE","25",175.3,0,5.880515
"STATION","Centre Var","PRODUCTION / TRAITEMENT","25",175.3,0,169.416667
"RESEAU","Centre Var","TRAVAUX FACTURABLES","25",0,149.35,9.951923
"RESEAU","Centre Var","CLIENTELE","25",0,149.35,9.308269
"RESEAU","Centre Var","DISTRIBUTION / COLLECTE","25",0,149.35,50.341538
"RESEAU","Centre Var","RELEVE COMPTEURS","25",0,149.35,79.750962
"AUTRES","Centre Var","TRAJET","25",0,0,64.575
"AUTRES","Centre Var","ADMINISTRATIF","25",0,0,41.5125
"STATION","Var Littoral","ELECTROMECANIQUE","25",346.15,0,11.25
"STATION","Var Littoral","PRODUCTION / TRAITEMENT","25",346.15,0,334.9
"RESEAU","Var Littoral","TRAVAUX FACTURABLES","25",0,114.81,16.730769
"RESEAU","Var Littoral","CLIENTELE","25",0,114.81,20.475769
"RESEAU","Var Littoral","DISTRIBUTION / COLLECTE","25",0,114.81,77.606923
"RESEAU","Var Littoral","RELEVE COMPTEURS","25",0,114.81,0
"AUTRES","Var Littoral","TRAJET","25",0,0,78.855
"AUTRES","Var Littoral","ADMINISTRATIF","25",0,0,50.6925
"STATION","Centre Var","ELECTROMECANIQUE","26",175.19,0,5.606618
"STATION","Centre Var","PRODUCTION / TRAITEMENT","26",175.19,0,169.583333
"RESEAU","Centre Var","TRAVAUX FACTURABLES","26",0,145.68,9.951923
"RESEAU","Centre Var","CLIENTELE","26",0,145.68,10.858269
"RESEAU","Centre Var","DISTRIBUTION / COLLECTE","26",0,145.68,57.691538
"RESEAU","Centre Var","RELEVE COMPTEURS","26",0,145.68,67.179462
"AUTRES","Centre Var","TRAJET","26",0,0,65.625
"AUTRES","Centre Var","ADMINISTRATIF","26",0,0,42.1875
"STATION","Var Littoral","ELECTROMECANIQUE","26",402.05,0,7.5
"STATION","Var Littoral","PRODUCTION / TRAITEMENT","26",402.05,0,394.55
"RESEAU","Var Littoral","TRAVAUX FACTURABLES","26",0,141.91,16.730769
"RESEAU","Var Littoral","CLIENTELE","26",0,141.91,26.525769
"RESEAU","Var Littoral","DISTRIBUTION / COLLECTE","26",0,141.91,98.656923
"RESEAU","Var Littoral","RELEVE COMPTEURS","26",0,141.91,0
"AUTRES","Var Littoral","TRAJET","26",0,0,79.905
"AUTRES","Var Littoral","ADMINISTRATIF","26",0,0,51.3675
"STATION","Centre Var","ELECTROMECANIQUE","27",188.95,0,5.332721
"STATION","Centre Var","PRODUCTION / TRAITEMENT","27",188.95,0,183.616667
"RESEAU","Centre Var","TRAVAUX FACTURABLES","27",0,157.52,9.951923
"RESEAU","Centre Var","CLIENTELE","27",0,157.52,22.768269
"RESEAU","Centre Var","DISTRIBUTION / COLLECTE","27",0,157.52,63.281538
"RESEAU","Centre Var","RELEVE COMPTEURS","27",0,157.52,61.518462
"AUTRES","Centre Var","TRAJET","27",0,0,65.625
"AUTRES","Centre Var","ADMINISTRATIF","27",0,0,42.1875
"STATION","Var Littoral","ELECTROMECANIQUE","27",359.23,0,18.75
"STATION","Var Littoral","PRODUCTION / TRAITEMENT","27",359.23,0,340.483333
"RESEAU","Var Littoral","TRAVAUX FACTURABLES","27",0,140.32,16.730769
"RESEAU","Var Littoral","CLIENTELE","27",0,140.32,23.215769
"RESEAU","Var Littoral","DISTRIBUTION / COLLECTE","27",0,140.32,100.376923
"RESEAU","Var Littoral","RELEVE COMPTEURS","27",0,140.32,0
"AUTRES","Var Littoral","TRAJET","27",0,0,79.38
"AUTRES","Var Littoral","ADMINISTRATIF","27",0,0,51.03
"STATION","Centre Var","ELECTROMECANIQUE","28",178,0,9.75
"STATION","Centre Var","PRODUCTION / TRAITEMENT","28",178,0,168.25
"RESEAU","Centre Var","TRAVAUX FACTURABLES","28",0,120.7,9.951923
"RESEAU","Centre Var","CLIENTELE","28",0,120.7,5.518269
"RESEAU","Centre Var","DISTRIBUTION / COLLECTE","28",0,120.7,43.711538
"RESEAU","Centre Var","RELEVE COMPTEURS","28",0,120.7,61.518462
"AUTRES","Centre Var","TRAJET","28",0,0,40.53
"AUTRES","Centre Var","ADMINISTRATIF","28",0,0,26.055
"STATION","Var Littoral","ELECTROMECANIQUE","28",319.58,0,7.5
"STATION","Var Littoral","PRODUCTION / TRAITEMENT","28",319.58,0,312.083333
"RESEAU","Var Littoral","TRAVAUX FACTURABLES","28",0,149.73,16.730769
"RESEAU","Var Littoral","CLIENTELE","28",0,149.73,12.065769
"RESEAU","Var Littoral","DISTRIBUTION / COLLECTE","28",0,149.73,120.936923
"RESEAU","Var Littoral","RELEVE COMPTEURS","28",0,149.73,0
"AUTRES","Var Littoral","TRAJET","28",0,0,54.18
"AUTRES","Var Littoral","ADMINISTRATIF","28",0,0,34.83
"STATION","Centre Var","ELECTROMECANIQUE","29",192.99,0,6.976103
"STATION","Centre Var","PRODUCTION / TRAITEMENT","29",192.99,0,186.016667
"RESEAU","Centre Var","TRAVAUX FACTURABLES","29",0,87.82,9.951923
"RESEAU","Centre Var","CLIENTELE","29",0,87.82,17.168269
"RESEAU","Centre Var","DISTRIBUTION / COLLECTE","29",0,87.82,60.701538
"RESEAU","Centre Var","RELEVE COMPTEURS","29",0,87.82,0
"AUTRES","Centre Var","TRAJET","29",0,0,48.825
"AUTRES","Centre Var","ADMINISTRATIF","29",0,0,31.3875
"STATION","Var Littoral","ELECTROMECANIQUE","29",358.75,0,11.25
"STATION","Var Littoral","PRODUCTION / TRAITEMENT","29",358.75,0,347.5
"RESEAU","Var Littoral","TRAVAUX FACTURABLES","29",0,115.5,16.730769
"RESEAU","Var Littoral","CLIENTELE","29",0,115.5,17.735769
"RESEAU","Var Littoral","DISTRIBUTION / COLLECTE","29",0,115.5,81.036923
"RESEAU","Var Littoral","RELEVE COMPTEURS","29",0,115.5,0
"AUTRES","Var Littoral","TRAJET","29",0,0,70.665
"AUTRES","Var Littoral","ADMINISTRATIF","29",0,0,45.4275
"STATION","Centre Var","ELECTROMECANIQUE","30",205.84,0,4.511029
"STATION","Centre Var","PRODUCTION / TRAITEMENT","30",205.84,0,201.333333
"RESEAU","Centre Var","TRAVAUX FACTURABLES","30",0,77.82,9.951923
"RESEAU","Centre Var","CLIENTELE","30",0,77.82,11.478269
"RESEAU","Centre Var","DISTRIBUTION / COLLECTE","30",0,77.82,56.391538
"RESEAU","Centre Var","RELEVE COMPTEURS","30",0,77.82,0
"AUTRES","Centre Var","TRAJET","30",0,0,47.25
"AUTRES","Centre Var","ADMINISTRATIF","30",0,0,30.375
"STATION","Var Littoral","ELECTROMECANIQUE","30",393.25,0,11.25
"STATION","Var Littoral","PRODUCTION / TRAITEMENT","30",393.25,0,382
"RESEAU","Var Littoral","TRAVAUX FACTURABLES","30",0,117.29,16.730769
"RESEAU","Var Littoral","CLIENTELE","30",0,117.29,19.675769
"RESEAU","Var Littoral","DISTRIBUTION / COLLECTE","30",0,117.29,80.886923
"RESEAU","Var Littoral","RELEVE COMPTEURS","30",0,117.29,0
"AUTRES","Var Littoral","TRAJET","30",0,0,81.69
"AUTRES","Var Littoral","ADMINISTRATIF","30",0,0,52.515
"STATION","Centre Var","ELECTROMECANIQUE","31",172.4,0,7.987132
"STATION","Centre Var","PRODUCTION / TRAITEMENT","31",172.4,0,164.416667
"RESEAU","Centre Var","TRAVAUX FACTURABLES","31",0,89.17,9.951923
"RESEAU","Centre Var","CLIENTELE","31",0,89.17,17.198269
"RESEAU","Centre Var","DISTRIBUTION / COLLECTE","31",0,89.17,62.021538
"RESEAU","Centre Var","RELEVE COMPTEURS","31",0,89.17,0
"AUTRES","Centre Var","TRAJET","31",0,0,47.25
"AUTRES","Centre Var","ADMINISTRATIF","31",0,0,30.375
"STATION","Var Littoral","ELECTROMECANIQUE","31",378.17,0,22.5
"STATION","Var Littoral","PRODUCTION / TRAITEMENT","31",378.17,0,355.666667
"RESEAU","Var Littoral","TRAVAUX FACTURABLES","31",0,116.52,16.730769
"RESEAU","Var Littoral","CLIENTELE","31",0,116.52,16.075769
"RESEAU","Var Littoral","DISTRIBUTION / COLLECTE","31",0,116.52,83.716923
"RESEAU","Var Littoral","RELEVE COMPTEURS","31",0,116.52,0
"AUTRES","Var Littoral","TRAJET","31",0,0,82.53
"AUTRES","Var Littoral","ADMINISTRATIF","31",0,0,53.055
"STATION","Centre Var","ELECTROMECANIQUE","32",175.75,0,11.25
"STATION","Centre Var","PRODUCTION / TRAITEMENT","32",175.75,0,164.5
"RESEAU","Centre Var","TRAVAUX FACTURABLES","32",0,88.4,9.951923
"RESEAU","Centre Var","CLIENTELE","32",0,88.4,17.998269
"RESEAU","Centre Var","DISTRIBUTION / COLLECTE","32",0,88.4,60.451538
"RESEAU","Centre Var","RELEVE COMPTEURS","32",0,88.4,0
"AUTRES","Centre Var","TRAJET","32",0,0,47.775
"AUTRES","Centre Var","ADMINISTRATIF","32",0,0,30.7125
"STATION","Var Littoral","ELECTROMECANIQUE","32",368,0,15
"STATION","Var Littoral","PRODUCTION / TRAITEMENT","32",368,0,353
"RESEAU","Var Littoral","TRAVAUX FACTURABLES","32",0,108.47,16.730769
"RESEAU","Var Littoral","CLIENTELE","32",0,108.47,17.285769
"RESEAU","Var Littoral","DISTRIBUTION / COLLECTE","32",0,108.47,74.456923
"RESEAU","Var Littoral","RELEVE COMPTEURS","32",0,108.47,0
"AUTRES","Var Littoral","TRAJET","32",0,0,83.58
"AUTRES","Var Littoral","ADMINISTRATIF","32",0,0,53.73
"STATION","Centre Var","ELECTROMECANIQUE","33",174.17,0,7.5
"STATION","Centre Var","PRODUCTION / TRAITEMENT","33",174.17,0,166.666667
"RESEAU","Centre Var","TRAVAUX FACTURABLES","33",0,79.81,9.951923
"RESEAU","Centre Var","CLIENTELE","33",0,79.81,7.738269
"RESEAU","Centre Var","DISTRIBUTION / COLLECTE","33",0,79.81,62.121538
"RESEAU","Centre Var","RELEVE COMPTEURS","33",0,79.81,0
"AUTRES","Centre Var","TRAJET","33",0,0,33.39
"AUTRES","Centre Var","ADMINISTRATIF","33",0,0,21.465
"STATION","Var Littoral","ELECTROMECANIQUE","33",345.25,0,18.75
"STATION","Var Littoral","PRODUCTION / TRAITEMENT","33",345.25,0,326.5
"RESEAU","Var Littoral","TRAVAUX FACTURABLES","33",0,118,16.730769
"RESEAU","Var Littoral","CLIENTELE","33",0,118,12.865769
"RESEAU","Var Littoral","DISTRIBUTION / COLLECTE","33",0,118,88.406923
"RESEAU","Var Littoral","RELEVE COMPTEURS","33",0,118,0
"AUTRES","Var Littoral","TRAJET","33",0,0,72.03
"AUTRES","Var Littoral","ADMINISTRATIF","33",0,0,46.305
"STATION","Centre Var","ELECTROMECANIQUE","34",181.08,0,15
"STATION","Centre Var","PRODUCTION / TRAITEMENT","34",181.08,0,166.083333
"RESEAU","Centre Var","TRAVAUX FACTURABLES","34",0,75.98,9.951923
"RESEAU","Centre Var","CLIENTELE","34",0,75.98,14.798269
"RESEAU","Centre Var","DISTRIBUTION / COLLECTE","34",0,75.98,51.231538
"RESEAU","Centre Var","RELEVE COMPTEURS","34",0,75.98,0
"AUTRES","Centre Var","TRAJET","34",0,0,48.825
"AUTRES","Centre Var","ADMINISTRATIF","34",0,0,31.3875
"STATION","Var Littoral","ELECTROMECANIQUE","34",334.33,0,7.5
"STATION","Var Littoral","PRODUCTION / TRAITEMENT","34",334.33,0,326.833333
"RESEAU","Var Littoral","TRAVAUX FACTURABLES","34",0,103.41,16.730769
"RESEAU","Var Littoral","CLIENTELE","34",0,103.41,8.285769
"RESEAU","Var Littoral","DISTRIBUTION / COLLECTE","34",0,103.41,78.396923
"RESEAU","Var Littoral","RELEVE COMPTEURS","34",0,103.41,0
"AUTRES","Var Littoral","TRAJET","34",0,0,79.38
"AUTRES","Var Littoral","ADMINISTRATIF","34",0,0,51.03
"STATION","Centre Var","ELECTROMECANIQUE","35",178.14,0,3.141544
"STATION","Centre Var","PRODUCTION / TRAITEMENT","35",178.14,0,175
"RESEAU","Centre Var","TRAVAUX FACTURABLES","35",0,73.78,9.951923
"RESEAU","Centre Var","CLIENTELE","35",0,73.78,15.708269
"RESEAU","Centre Var","DISTRIBUTION / COLLECTE","35",0,73.78,48.121538
"RESEAU","Centre Var","RELEVE COMPTEURS","35",0,73.78,0
"AUTRES","Centre Var","TRAJET","35",0,0,45.675
"AUTRES","Centre Var","ADMINISTRATIF","35",0,0,29.3625
"STATION","Var Littoral","ELECTROMECANIQUE","35",339.68,0,7.5
"STATION","Var Littoral","PRODUCTION / TRAITEMENT","35",339.68,0,332.183333
"RESEAU","Var Littoral","TRAVAUX FACTURABLES","35",0,271.75,16.730769
"RESEAU","Var Littoral","CLIENTELE","35",0,271.75,18.505769
"RESEAU","Var Littoral","DISTRIBUTION / COLLECTE","35",0,271.75,80.856923
"RESEAU","Var Littoral","RELEVE COMPTEURS","35",0,271.75,155.655579
"AUTRES","Var Littoral","TRAJET","35",0,0,75.18
"AUTRES","Var Littoral","ADMINISTRATIF","35",0,0,48.33
"STATION","Centre Var","ELECTROMECANIQUE","36",174.12,0,2.867647
"STATION","Centre Var","PRODUCTION / TRAITEMENT","36",174.12,0,171.25
"RESEAU","Centre Var","TRAVAUX FACTURABLES","36",0,74.11,9.951923
"RESEAU","Centre Var","CLIENTELE","36",0,74.11,13.278269
"RESEAU","Centre Var","DISTRIBUTION / COLLECTE","36",0,74.11,50.881538
"RESEAU","Centre Var","RELEVE COMPTEURS","36",0,74.11,0
"AUTRES","Centre Var","TRAJET","36",0,0,41.475
"AUTRES","Centre Var","ADMINISTRATIF","36",0,0,26.6625
"STATION","Var Littoral","ELECTROMECANIQUE","36",339.7,0,11.25
"STATION","Var Littoral","PRODUCTION / TRAITEMENT","36",339.7,0,328.45
"RESEAU","Var Littoral","TRAVAUX FACTURABLES","36",0,276.6,16.730769
"RESEAU","Var Littoral","CLIENTELE","36",0,276.6,21.165769
"RESEAU","Var Littoral","DISTRIBUTION / COLLECTE","36",0,276.6,83.046923
"RESEAU","Var Littoral","RELEVE COMPTEURS","36",0,276.6,155.655579
"AUTRES","Var Littoral","TRAJET","36",0,0,75.18
"AUTRES","Var Littoral","ADMINISTRATIF","36",0,0,48.33
"STATION","Centre Var","ELECTROMECANIQUE","37",170.33,0,11.25
"STATION","Centre Var","PRODUCTION / TRAITEMENT","37",170.33,0,159.083333
"RESEAU","Centre Var","TRAVAUX FACTURABLES","37",0,73.92,9.951923
"RESEAU","Centre Var","CLIENTELE","37",0,73.92,18.678269
"RESEAU","Centre Var","DISTRIBUTION / COLLECTE","37",0,73.92,45.291538
"RESEAU","Centre Var","RELEVE COMPTEURS","37",0,73.92,0
"AUTRES","Centre Var","TRAJET","37",0,0,58.8
"AUTRES","Centre Var","ADMINISTRATIF","37",0,0,37.8
"STATION","Var Littoral","ELECTROMECANIQUE","37",381.75,0,11.25
"STATION","Var Littoral","PRODUCTION / TRAITEMENT","37",381.75,0,370.5
"RESEAU","Var Littoral","TRAVAUX FACTURABLES","37",0,269.82,16.730769
"RESEAU","Var Littoral","CLIENTELE","37",0,269.82,15.465769
"RESEAU","Var Littoral","DISTRIBUTION / COLLECTE","37",0,269.82,81.966923
"RESEAU","Var Littoral","RELEVE COMPTEURS","37",0,269.82,155.655579
"AUTRES","Var Littoral","TRAJET","37",0,0,86.205
"AUTRES","Var Littoral","ADMINISTRATIF","37",0,0,55.4175
"STATION","Centre Var","ELECTROMECANIQUE","38",157.57,0,2.319853
"STATION","Centre Var","PRODUCTION / TRAITEMENT","38",157.57,0,155.25
"RESEAU","Centre Var","TRAVAUX FACTURABLES","38",0,77.28,9.951923
"RESEAU","Centre Var","CLIENTELE","38",0,77.28,16.458269
"RESEAU","Centre Var","DISTRIBUTION / COLLECTE","38",0,77.28,50.871538
"RESEAU","Centre Var","RELEVE COMPTEURS","38",0,77.28,0
"AUTRES","Centre Var","TRAJET","38",0,0,62.475
"AUTRES","Centre Var","ADMINISTRATIF","38",0,0,40.1625
"STATION","Var Littoral","ELECTROMECANIQUE","38",324.58,0,3.75
"STATION","Var Littoral","PRODUCTION / TRAITEMENT","38",324.58,0,320.833333
"RESEAU","Var Littoral","TRAVAUX FACTURABLES","38",0,263.96,16.730769
"RESEAU","Var Littoral","CLIENTELE","38",0,263.96,17.135769
"RESEAU","Var Littoral","DISTRIBUTION / COLLECTE","38",0,263.96,74.436923
"RESEAU","Var Littoral","RELEVE COMPTEURS","38",0,263.96,155.655579
"AUTRES","Var Littoral","TRAJET","38",0,0,82.53
"AUTRES","Var Littoral","ADMINISTRATIF","38",0,0,53.055
"STATION","Centre Var","ELECTROMECANIQUE","39",182.3,0,2.045956
"STATION","Centre Var","PRODUCTION / TRAITEMENT","39",182.3,0,180.25
"RESEAU","Centre Var","TRAVAUX FACTURABLES","39",0,74.34,9.951923
"RESEAU","Centre Var","CLIENTELE","39",0,74.34,16.058269
"RESEAU","Centre Var","DISTRIBUTION / COLLECTE","39",0,74.34,48.331538
"RESEAU","Centre Var","RELEVE COMPTEURS","39",0,74.34,0
"AUTRES","Centre Var","TRAJET","39",0,0,65.625
"AUTRES","Centre Var","ADMINISTRATIF","39",0,0,42.1875
"STATION","Var Littoral","ELECTROMECANIQUE","39",336.17,0,11.25
"STATION","Var Littoral","PRODUCTION / TRAITEMENT","39",336.17,0,324.916667
"RESEAU","Var Littoral","TRAVAUX FACTURABLES","39",0,255.84,16.730769
"RESEAU","Var Littoral","CLIENTELE","39",0,255.84,10.645769
"RESEAU","Var Littoral","DISTRIBUTION / COLLECTE","39",0,255.84,72.806923
"RESEAU","Var Littoral","RELEVE COMPTEURS","39",0,255.84,155.655579
"AUTRES","Var Littoral","TRAJET","39",0,0,89.355
"AUTRES","Var Littoral","ADMINISTRATIF","39",0,0,57.4425
"STATION","Centre Var","ELECTROMECANIQUE","40",175.13,0,11.25
"STATION","Centre Var","PRODUCTION / TRAITEMENT","40",175.13,0,163.883333
"RESEAU","Centre Var","TRAVAUX FACTURABLES","40",0,69.89,9.951923
"RESEAU","Centre Var","CLIENTELE","40",0,69.89,12.388269
"RESEAU","Centre Var","DISTRIBUTION / COLLECTE","40",0,69.89,47.551538
"RESEAU","Centre Var","RELEVE COMPTEURS","40",0,69.89,0
"AUTRES","Centre Var","TRAJET","40",0,0,64.575
"AUTRES","Centre Var","ADMINISTRATIF","40",0,0,41.5125
"STATION","Var Littoral","ELECTROMECANIQUE","40",325.5,0,7.5
"STATION","Var Littoral","PRODUCTION / TRAITEMENT","40",325.5,0,318
"RESEAU","Var Littoral","TRAVAUX FACTURABLES","40",0,267.88,12.980769
"RESEAU","Var Littoral","CLIENTELE","40",0,267.88,19.495769
"RESEAU","Var Littoral","DISTRIBUTION / COLLECTE","40",0,267.88,79.746923
"RESEAU","Var Littoral","RELEVE COMPTEURS","40",0,267.88,155.655579
"AUTRES","Var Littoral","TRAJET","40",0,0,84.315
"AUTRES","Var Littoral","ADMINISTRATIF","40",0,0,54.2025
"STATION","Centre Var","ELECTROMECANIQUE","41",171.67,0,11.25
"STATION","Centre Var","PRODUCTION / TRAITEMENT","41",171.67,0,160.416667
"RESEAU","Centre Var","TRAVAUX FACTURABLES","41",0,89.36,9.951923
"RESEAU","Centre Var","CLIENTELE","41",0,89.36,24.368269
"RESEAU","Centre Var","DISTRIBUTION / COLLECTE","41",0,89.36,55.041538
"RESEAU","Centre Var","RELEVE COMPTEURS","41",0,89.36,0
"AUTRES","Centre Var","TRAJET","41",0,0,61.425
"AUTRES","Centre Var","ADMINISTRATIF","41",0,0,39.4875
"STATION","Var Littoral","ELECTROMECANIQUE","41",339,0,7.5
"STATION","Var Littoral","PRODUCTION / TRAITEMENT","41",339,0,331.5
"RESEAU","Var Littoral","TRAVAUX FACTURABLES","41",0,279.06,16.730769
"RESEAU","Var Littoral","CLIENTELE","41",0,279.06,17.685769
"RESEAU","Var Littoral","DISTRIBUTION / COLLECTE","41",0,279.06,88.986923
"RESEAU","Var Littoral","RELEVE COMPTEURS","41",0,279.06,155.655579
"AUTRES","Var Littoral","TRAJET","41",0,0,88.515
"AUTRES","Var Littoral","ADMINISTRATIF","41",0,0,56.9025
"STATION","Centre Var","ELECTROMECANIQUE","42",156.1,0,7.5
"STATION","Centre Var","PRODUCTION / TRAITEMENT","42",156.1,0,148.6
"RESEAU","Centre Var","TRAVAUX FACTURABLES","42",0,71.12,9.951923
"RESEAU","Centre Var","CLIENTELE","42",0,71.12,14.798269
"RESEAU","Centre Var","DISTRIBUTION / COLLECTE","42",0,71.12,46.371538
"RESEAU","Centre Var","RELEVE COMPTEURS","42",0,71.12,0
"AUTRES","Centre Var","TRAJET","42",0,0,65.625
"AUTRES","Centre Var","ADMINISTRATIF","42",0,0,42.1875
"STATION","Var Littoral","ELECTROMECANIQUE","42",301.33,0,7.5
"STATION","Var Littoral","PRODUCTION / TRAITEMENT","42",301.33,0,293.833333
"RESEAU","Var Littoral","TRAVAUX FACTURABLES","42",0,266.52,16.730769
"RESEAU","Var Littoral","CLIENTELE","42",0,266.52,14.385769
"RESEAU","Var Littoral","DISTRIBUTION / COLLECTE","42",0,266.52,79.746923
"RESEAU","Var Littoral","RELEVE COMPTEURS","42",0,266.52,155.655579
"AUTRES","Var Littoral","TRAJET","42",0,0,86.205
"AUTRES","Var Littoral","ADMINISTRATIF","42",0,0,55.4175
"STATION","Centre Var","ELECTROMECANIQUE","43",203.33,0,11.25
"STATION","Centre Var","PRODUCTION / TRAITEMENT","43",203.33,0,192.083333
"RESEAU","Centre Var","TRAVAUX FACTURABLES","43",0,103.41,9.951923
"RESEAU","Centre Var","CLIENTELE","43",0,103.41,7.898269
"RESEAU","Centre Var","DISTRIBUTION / COLLECTE","43",0,103.41,51.371538
"RESEAU","Centre Var","RELEVE COMPTEURS","43",0,103.41,34.186105
"AUTRES","Centre Var","TRAJET","43",0,0,48.3
"AUTRES","Centre Var","ADMINISTRATIF","43",0,0,31.05
"STATION","Var Littoral","ELECTROMECANIQUE","43",330.13,0,8.625
"STATION","Var Littoral","PRODUCTION / TRAITEMENT","43",330.13,0,321.5
"RESEAU","Var Littoral","TRAVAUX FACTURABLES","43",0,280.75,9.230769
"RESEAU","Var Littoral","CLIENTELE","43",0,280.75,15.245769
"RESEAU","Var Littoral","DISTRIBUTION / COLLECTE","43",0,280.75,100.616923
"RESEAU","Var Littoral","RELEVE COMPTEURS","43",0,280.75,155.655579
"AUTRES","Var Littoral","TRAJET","43",0,0,76.23
"AUTRES","Var Littoral","ADMINISTRATIF","43",0,0,49.005
"STATION","Centre Var","ELECTROMECANIQUE","44",159,0,11.25
"STATION","Centre Var","PRODUCTION / TRAITEMENT","44",159,0,147.75
"RESEAU","Centre Var","TRAVAUX FACTURABLES","44",0,98.58,9.951923
"RESEAU","Centre Var","CLIENTELE","44",0,98.58,7.478269
"RESEAU","Centre Var","DISTRIBUTION / COLLECTE","44",0,98.58,46.961538
"RESEAU","Centre Var","RELEVE COMPTEURS","44",0,98.58,34.186105
"AUTRES","Centre Var","TRAJET","44",0,0,41.055
"AUTRES","Centre Var","ADMINISTRATIF","44",0,0,26.3925
"STATION","Var Littoral","ELECTROMECANIQUE","44",305.67,0,18.75
"STATION","Var Littoral","PRODUCTION / TRAITEMENT","44",305.67,0,286.916667
"RESEAU","Var Littoral","TRAVAUX FACTURABLES","44",0,133.45,12.980769
"RESEAU","Var Littoral","CLIENTELE","44",0,133.45,13.745769
"RESEAU","Var Littoral","DISTRIBUTION / COLLECTE","44",0,133.45,106.726923
"RESEAU","Var Littoral","RELEVE COMPTEURS","44",0,133.45,0
"AUTRES","Var Littoral","TRAJET","44",0,0,68.355
"AUTRES","Var Littoral","ADMINISTRATIF","44",0,0,43.9425
"STATION","Centre Var","ELECTROMECANIQUE","45",154.08,0,7.5
"STATION","Centre Var","PRODUCTION / TRAITEMENT","45",154.08,0,146.583333
"RESEAU","Centre Var","TRAVAUX FACTURABLES","45",0,128.98,9.951923
"RESEAU","Centre Var","CLIENTELE","45",0,128.98,11.588269
"RESEAU","Centre Var","DISTRIBUTION / COLLECTE","45",0,128.98,54.051538
"RESEAU","Centre Var","RELEVE COMPTEURS","45",0,128.98,53.387605
"AUTRES","Centre Var","TRAJET","45",0,0,59.325
"AUTRES","Centre Var","ADMINISTRATIF","45",0,0,38.1375
"STATION","Var Littoral","ELECTROMECANIQUE","45",281.04,0,9.375
"STATION","Var Littoral","PRODUCTION / TRAITEMENT","45",281.04,0,271.666667
"RESEAU","Var Littoral","TRAVAUX FACTURABLES","45",0,122.68,16.730769
"RESEAU","Var Littoral","CLIENTELE","45",0,122.68,17.295769
"RESEAU","Var Littoral","DISTRIBUTION / COLLECTE","45",0,122.68,88.656923
"RESEAU","Var Littoral","RELEVE COMPTEURS","45",0,122.68,0
"AUTRES","Var Littoral","TRAJET","45",0,0,77.28
"AUTRES","Var Littoral","ADMINISTRATIF","45",0,0,49.68
"STATION","Centre Var","ELECTROMECANIQUE","46",150,0,3.75
"STATION","Centre Var","PRODUCTION / TRAITEMENT","46",150,0,146.25
"RESEAU","Centre Var","TRAVAUX FACTURABLES","46",0,200.96,9.951923
"RESEAU","Centre Var","CLIENTELE","46",0,200.96,19.718269
"RESEAU","Centre Var","DISTRIBUTION / COLLECTE","46",0,200.96,45.381538
"RESEAU","Centre Var","RELEVE COMPTEURS","46",0,200.96,125.907257
"AUTRES","Centre Var","TRAJET","46",0,0,65.415
"AUTRES","Centre Var","ADMINISTRATIF","46",0,0,42.0525
"STATION","Var Littoral","ELECTROMECANIQUE","46",319.17,0,9.75
"STATION","Var Littoral","PRODUCTION / TRAITEMENT","46",319.17,0,309.416667
"RESEAU","Var Littoral","TRAVAUX FACTURABLES","46",0,106.45,16.730769
"RESEAU","Var Littoral","CLIENTELE","46",0,106.45,20.385769
"RESEAU","Var Littoral","DISTRIBUTION / COLLECTE","46",0,106.45,69.336923
"RESEAU","Var Littoral","RELEVE COMPTEURS","46",0,106.45,0
"AUTRES","Var Littoral","TRAJET","46",0,0,89.355
"AUTRES","Var Littoral","ADMINISTRATIF","46",0,0,57.4425
"STATION","Centre Var","ELECTROMECANIQUE","47",171.17,0,7.5
"STATION","Centre Var","PRODUCTION / TRAITEMENT","47",171.17,0,163.666667
"RESEAU","Centre Var","TRAVAUX FACTURABLES","47",0,254.08,9.951923
"RESEAU","Centre Var","CLIENTELE","47",0,254.08,19.968269
"RESEAU","Centre Var","DISTRIBUTION / COLLECTE","47",0,254.08,46.171538
"RESEAU","Centre Var","RELEVE COMPTEURS","47",0,254.08,177.991678
"AUTRES","Centre Var","TRAJET","47",0,0,66.465
"AUTRES","Centre Var","ADMINISTRATIF","47",0,0,42.7275
"STATION","Var Littoral","ELECTROMECANIQUE","47",324.48,0,6.976103
"STATION","Var Littoral","PRODUCTION / TRAITEMENT","47",324.48,0,317.5
"RESEAU","Var Littoral","TRAVAUX FACTURABLES","47",0,123.51,16.730769
"RESEAU","Var Littoral","CLIENTELE","47",0,123.51,21.995769
"RESEAU","Var Littoral","DISTRIBUTION / COLLECTE","47",0,123.51,84.786923
"RESEAU","Var Littoral","RELEVE COMPTEURS","47",0,123.51,0
"AUTRES","Var Littoral","TRAJET","47",0,0,91.455
"AUTRES","Var Littoral","ADMINISTRATIF","47",0,0,58.7925
"STATION","Centre Var","ELECTROMECANIQUE","48",177.25,0,3.75
"STATION","Centre Var","PRODUCTION / TRAITEMENT","48",177.25,0,173.5
"RESEAU","Centre Var","TRAVAUX FACTURABLES","48",0,267.8,9.951923
"RESEAU","Centre Var","CLIENTELE","48",0,267.8,17.808269
"RESEAU","Centre Var","DISTRIBUTION / COLLECTE","48",0,267.8,52.681538
"RESEAU","Centre Var","RELEVE COMPTEURS","48",0,267.8,187.362928
"AUTRES","Centre Var","TRAJET","48",0,0,66.675
"AUTRES","Centre Var","ADMINISTRATIF","48",0,0,42.8625
"STATION","Var Littoral","ELECTROMECANIQUE","48",327.12,0,10.452206
"STATION","Var Littoral","PRODUCTION / TRAITEMENT","48",327.12,0,316.666667
"RESEAU","Var Littoral","TRAVAUX FACTURABLES","48",0,119.3,16.730769
"RESEAU","Var Littoral","CLIENTELE","48",0,119.3,20.585769
"RESEAU","Var Littoral","DISTRIBUTION / COLLECTE","48",0,119.3,81.986923
"RESEAU","Var Littoral","RELEVE COMPTEURS","48",0,119.3,0
"AUTRES","Var Littoral","TRAJET","48",0,0,80.955
"AUTRES","Var Littoral","ADMINISTRATIF","48",0,0,52.0425
"STATION","Centre Var","ELECTROMECANIQUE","49",181.92,0,15
"STATION","Centre Var","PRODUCTION / TRAITEMENT","49",181.92,0,166.916667
"RESEAU","Centre Var","TRAVAUX FACTURABLES","49",0,231.74,9.951923
"RESEAU","Centre Var","CLIENTELE","49",0,231.74,15.598269
"RESEAU","Centre Var","DISTRIBUTION / COLLECTE","49",0,231.74,50.441538
"RESEAU","Centre Var","RELEVE COMPTEURS","49",0,231.74,155.748296
"AUTRES","Centre Var","TRAJET","49",0,0,63.525
"AUTRES","Centre Var","ADMINISTRATIF","49",0,0,40.8375
"STATION","Var Littoral","ELECTROMECANIQUE","49",325.68,0,6.428309
"STATION","Var Littoral","PRODUCTION / TRAITEMENT","49",325.68,0,319.25
"RESEAU","Var Littoral","TRAVAUX FACTURABLES","49",0,127.22,12.980769
"RESEAU","Var Littoral","CLIENTELE","49",0,127.22,29.995769
"RESEAU","Var Littoral","DISTRIBUTION / COLLECTE","49",0,127.22,84.246923
"RESEAU","Var Littoral","RELEVE COMPTEURS","49",0,127.22,0
"AUTRES","Var Littoral","TRAJET","49",0,0,82.005
"AUTRES","Var Littoral","ADMINISTRATIF","49",0,0,52.7175
"STATION","Centre Var","ELECTROMECANIQUE","50",197.02,0,15
"STATION","Centre Var","PRODUCTION / TRAITEMENT","50",197.02,0,182.016667
"RESEAU","Centre Var","TRAVAUX FACTURABLES","50",0,182,9.951923
"RESEAU","Centre Var","CLIENTELE","50",0,182,13.708269
"RESEAU","Centre Var","DISTRIBUTION / COLLECTE","50",0,182,50.771538
"RESEAU","Centre Var","RELEVE COMPTEURS","50",0,182,107.572421
"AUTRES","Centre Var","TRAJET","50",0,0,58.8
"AUTRES","Centre Var","ADMINISTRATIF","50",0,0,37.8
"STATION","Var Littoral","ELECTROMECANIQUE","50",332.57,0,6.154412
"STATION","Var Littoral","PRODUCTION / TRAITEMENT","50",332.57,0,326.416667
"RESEAU","Var Littoral","TRAVAUX FACTURABLES","50",0,137.08,16.730769
"RESEAU","Var Littoral","CLIENTELE","50",0,137.08,21.205769
"RESEAU","Var Littoral","DISTRIBUTION / COLLECTE","50",0,137.08,99.146923
"RESEAU","Var Littoral","RELEVE COMPTEURS","50",0,137.08,0
"AUTRES","Var Littoral","TRAJET","50",0,0,85.155
"AUTRES","Var Littoral","ADMINISTRATIF","50",0,0,54.7425
"STATION","Centre Var","ELECTROMECANIQUE","51",162.17,0,11.25
"STATION","Centre Var","PRODUCTION / TRAITEMENT","51",162.17,0,150.916667
"RESEAU","Centre Var","TRAVAUX FACTURABLES","51",0,147.63,9.951923
"RESEAU","Centre Var","CLIENTELE","51",0,147.63,6.538269
"RESEAU","Centre Var","DISTRIBUTION / COLLECTE","51",0,147.63,46.211538
"RESEAU","Centre Var","RELEVE COMPTEURS","51",0,147.63,84.928421
"AUTRES","Centre Var","TRAJET","51",0,0,31.815
"AUTRES","Centre Var","ADMINISTRATIF","51",0,0,20.4525
"STATION","Var Littoral","ELECTROMECANIQUE","51",291.46,0,5.880515
"STATION","Var Littoral","PRODUCTION / TRAITEMENT","51",291.46,0,285.583333
"RESEAU","Var Littoral","TRAVAUX FACTURABLES","51",0,132.07,16.730769
"RESEAU","Var Littoral","CLIENTELE","51",0,132.07,10.145769
"RESEAU","Var Littoral","DISTRIBUTION / COLLECTE","51",0,132.07,105.196923
"RESEAU","Var Littoral","RELEVE COMPTEURS","51",0,132.07,0
"AUTRES","Var Littoral","TRAJET","51",0,0,76.755
"AUTRES","Var Littoral","ADMINISTRATIF","51",0,0,49.3425
"STATION","Centre Var","ELECTROMECANIQUE","52",167.88,0,7.5
"STATION","Centre Var","PRODUCTION / TRAITEMENT","52",167.88,0,160.383333
"RESEAU","Centre Var","TRAVAUX FACTURABLES","52",0,122.49,9.951923
"RESEAU","Centre Var","CLIENTELE","52",0,122.49,6.698269
"RESEAU","Centre Var","DISTRIBUTION / COLLECTE","52",0,122.49,53.751538
"RESEAU","Centre Var","RELEVE COMPTEURS","52",0,122.49,52.084421
"AUTRES","Centre Var","TRAJET","52",0,0,36.75
"AUTRES","Centre Var","ADMINISTRATIF","52",0,0,23.625
"STATION","Var Littoral","ELECTROMECANIQUE","52",349.62,0,5.606618
"STATION","Var Littoral","PRODUCTION / TRAITEMENT","52",349.62,0,344.016667
"RESEAU","Var Littoral","TRAVAUX FACTURABLES","52",0,110.09,16.730769
"RESEAU","Var Littoral","CLIENTELE","52",0,110.09,12.585769
"RESEAU","Var Littoral","DISTRIBUTION / COLLECTE","52",0,110.09,80.776923
"RESEAU","Var Littoral","RELEVE COMPTEURS","52",0,110.09,0
"AUTRES","Var Littoral","TRAJET","52",0,0,53.34
"AUTRES","Var Littoral","ADMINISTRATIF","52",0,0,34.29