"IsDeleted","Skill_Description","EffectiveEndDate","ServiceResource_User_Email","ServiceResource_IsCapacityBased","ServiceResourceId","ServiceResource_Description","ServiceResource_User_Username","Skill_MasterLabel","Skill_IsDeleted","ServiceResource_RelatedRecordId","ServiceResource_User_SmallPhotoUrl","Skill_DeveloperName","Skill_Language","ServiceResource_User_Name","ServiceResource_User_Id","SkillId","Id","EffectiveStartDate","SkillNumber","SkillLevel"
"false","LS Skill",,"pdas@example.com","false","0Hn2X000000cXK3SAM","Lightning Scheduler User","pdas.vyvb2u19jijy.lf8i59noeucl@summer20-sd.sdo","Electrical Failures","false","0052X00000AcWbUQAV","https://sdhaese-20200728-demo--c.documentforce.com/profilephoto/7292X000000glyD/T","Electrical_Failures","en_US","Prakash Das","0052X00000AcWbUQAV","0C52X000000TTTwSAO","0Hv2X000000YEdKSAW","2016-02-08 12:00:00","SRS-163",1
"false","LS Skill",,"pdas@example.com","false","0Hn2X000000cXK3SAM","Lightning Scheduler User","pdas.vyvb2u19jijy.lf8i59noeucl@summer20-sd.sdo","Hydraulic Failures","false","0052X00000AcWbUQAV","https://sdhaese-20200728-demo--c.documentforce.com/profilephoto/7292X000000glyD/T","Hydraulic_Failures","en_US","Prakash Das","0052X00000AcWbUQAV","0C52X000000TTTySAO","0Hv2X000000YEdLSAW","2016-02-08 12:00:00","SRS-164",1
"false","LS Skill",,"pdas@example.com","false","0Hn2X000000cXK3SAM","Lightning Scheduler User","pdas.vyvb2u19jijy.lf8i59noeucl@summer20-sd.sdo","Saftey Training","false","0052X00000AcWbUQAV","https://sdhaese-20200728-demo--c.documentforce.com/profilephoto/7292X000000glyD/T","Saftey_Training","en_US","Prakash Das","0052X00000AcWbUQAV","0C52X000000TTTrSAO","0Hv2X000000YEdMSAW","2016-02-08 12:00:00","SRS-165",1
"false","LS Skill",,"pdas@example.com","false","0Hn2X000000cXK3SAM","Lightning Scheduler User","pdas.vyvb2u19jijy.lf8i59noeucl@summer20-sd.sdo","Mechanical Failures","false","0052X00000AcWbUQAV","https://sdhaese-20200728-demo--c.documentforce.com/profilephoto/7292X000000glyD/T","Mechanical_Failures","en_US","Prakash Das","0052X00000AcWbUQAV","0C52X000000TTTxSAO","0Hv2X000000YEdNSAW","2016-02-08 12:00:00","SRS-166",1
"false","LS Skill",,"dmarsh@example.com","false","0Hn2X000000cXK7SAM","Lightning Scheduler User","dmarsh.1ere9zerquct.bhprqj6pvxat@summer20-sd.sdo","Saftey Training","false","0052X00000AcWbVQAV","https://sdhaese-20200728-demo--c.documentforce.com/profilephoto/7292X000000glyE/T","Saftey_Training","en_US","Deanna Marsh","0052X00000AcWbVQAV","0C52X000000TTTrSAO","0Hv2X000000YEdOSAW","2016-02-08 12:00:00","SRS-167",1
"false","LS Skill",,"dmarsh@example.com","false","0Hn2X000000cXK7SAM","Lightning Scheduler User","dmarsh.1ere9zerquct.bhprqj6pvxat@summer20-sd.sdo","Turbine Basic Usage","false","0052X00000AcWbVQAV","https://sdhaese-20200728-demo--c.documentforce.com/profilephoto/7292X000000glyE/T","Turbine_Basic_Usage","en_US","Deanna Marsh","0052X00000AcWbVQAV","0C52X000000TTTsSAO","0Hv2X000000YEdPSAW","2016-02-08 12:00:00","SRS-168",8
"false","LS Skill",,"dmarsh@example.com","false","0Hn2X000000cXK7SAM","Lightning Scheduler User","dmarsh.1ere9zerquct.bhprqj6pvxat@summer20-sd.sdo","Turbine Advanced Usage","false","0052X00000AcWbVQAV","https://sdhaese-20200728-demo--c.documentforce.com/profilephoto/7292X000000glyE/T","Turbine_Advanced_Usage","en_US","Deanna Marsh","0052X00000AcWbVQAV","0C52X000000TTTtSAO","0Hv2X000000YEdQSAW","2016-02-08 12:00:00","SRS-169",1
"false","LS Skill",,"amcgee@example.com","false","0Hn2X000000cXK2SAM","Lightning Scheduler User","amcgee.b4xfzyyrtwn9.dmtnly9igvot@summer20-sd.sdo","Saftey Training","false","0052X00000AcWbWQAV","https://sdhaese-20200728-demo--c.documentforce.com/profilephoto/7292X000000glyF/T","Saftey_Training","en_US","Andre McGee","0052X00000AcWbWQAV","0C52X000000TTTrSAO","0Hv2X000000YEdRSAW","2016-02-08 12:00:00","SRS-170",1
"false","LS Skill",,"amcgee@example.com","false","0Hn2X000000cXK2SAM","Lightning Scheduler User","amcgee.b4xfzyyrtwn9.dmtnly9igvot@summer20-sd.sdo","Turbine Basic Usage","false","0052X00000AcWbWQAV","https://sdhaese-20200728-demo--c.documentforce.com/profilephoto/7292X000000glyF/T","Turbine_Basic_Usage","en_US","Andre McGee","0052X00000AcWbWQAV","0C52X000000TTTsSAO","0Hv2X000000YEdSSAW","2016-02-08 12:00:00","SRS-171",1
"false","LS Skill",,"amcgee@example.com","false","0Hn2X000000cXK2SAM","Lightning Scheduler User","amcgee.b4xfzyyrtwn9.dmtnly9igvot@summer20-sd.sdo","Turbine Advanced Usage","false","0052X00000AcWbWQAV","https://sdhaese-20200728-demo--c.documentforce.com/profilephoto/7292X000000glyF/T","Turbine_Advanced_Usage","en_US","Andre McGee","0052X00000AcWbWQAV","0C52X000000TTTtSAO","0Hv2X000000YEdTSAW","2016-02-08 12:00:00","SRS-172",5
"false","LS Skill",,"pwright@example.com","false","0Hn2X000000cXK4SAM","Lightning Scheduler User","pwright.ppy5zy0iibnj.wppaetw6vxci@summer20-sd.sdo","Saftey Training","false","0052X00000AcWbXQAV","https://sdhaese-20200728-demo--c.documentforce.com/profilephoto/7292X000000glyG/T","Saftey_Training","en_US","Paula Wright","0052X00000AcWbXQAV","0C52X000000TTTrSAO","0Hv2X000000YEdUSAW","2016-02-08 12:00:00","SRS-173",1
"false","LS Skill",,"pwright@example.com","false","0Hn2X000000cXK4SAM","Lightning Scheduler User","pwright.ppy5zy0iibnj.wppaetw6vxci@summer20-sd.sdo","Turbine Basic Usage","false","0052X00000AcWbXQAV","https://sdhaese-20200728-demo--c.documentforce.com/profilephoto/7292X000000glyG/T","Turbine_Basic_Usage","en_US","Paula Wright","0052X00000AcWbXQAV","0C52X000000TTTsSAO","0Hv2X000000YEdVSAW","2016-02-08 12:00:00","SRS-174",1
"false","LS Skill",,"pwright@example.com","false","0Hn2X000000cXK4SAM","Lightning Scheduler User","pwright.ppy5zy0iibnj.wppaetw6vxci@summer20-sd.sdo","Turbine Advanced Usage","false","0052X00000AcWbXQAV","https://sdhaese-20200728-demo--c.documentforce.com/profilephoto/7292X000000glyG/T","Turbine_Advanced_Usage","en_US","Paula Wright","0052X00000AcWbXQAV","0C52X000000TTTtSAO","0Hv2X000000YEdWSAW","2016-02-08 12:00:00","SRS-175",1
"false","LS Skill",,"jmartine@example.com","false","0Hn2X000000cXK5SAM","Lightning Scheduler User","jmartine.b9vaob2ookfg.l7zo5ducu2zg@summer20-sd.sdo","Saftey Training","false","0052X00000AcWbYQAV","https://sdhaese-20200728-demo--c.documentforce.com/profilephoto/7292X000000glyH/T","Saftey_Training","en_US","Janet Martinez","0052X00000AcWbYQAV","0C52X000000TTTrSAO","0Hv2X000000YEdXSAW","2016-02-08 12:00:00","SRS-176",1
"false","LS Skill",,"jmartine@example.com","false","0Hn2X000000cXK5SAM","Lightning Scheduler User","jmartine.b9vaob2ookfg.l7zo5ducu2zg@summer20-sd.sdo","Turbine Basic Usage","false","0052X00000AcWbYQAV","https://sdhaese-20200728-demo--c.documentforce.com/profilephoto/7292X000000glyH/T","Turbine_Basic_Usage","en_US","Janet Martinez","0052X00000AcWbYQAV","0C52X000000TTTsSAO","0Hv2X000000YEdYSAW","2016-02-08 12:00:00","SRS-177",8
"false","LS Skill",,"jmartine@example.com","false","0Hn2X000000cXK5SAM","Lightning Scheduler User","jmartine.b9vaob2ookfg.l7zo5ducu2zg@summer20-sd.sdo","Turbine Advanced Usage","false","0052X00000AcWbYQAV","https://sdhaese-20200728-demo--c.documentforce.com/profilephoto/7292X000000glyH/T","Turbine_Advanced_Usage","en_US","Janet Martinez","0052X00000AcWbYQAV","0C52X000000TTTtSAO","0Hv2X000000YEdZSAW","2016-02-08 12:00:00","SRS-178",4
"false","LS Skill",,"lhartman@example.com","false","0Hn2X000000cXKASA2","Lightning Scheduler User","lhartman.ulvyvnxhbvey.qh0ggpolb61b@summer20-sd.sdo","Saftey Training","false","0052X00000AcWbZQAV","https://sdhaese-20200728-demo--c.documentforce.com/profilephoto/7292X000000glyI/T","Saftey_Training","en_US","Lisa Hartman","0052X00000AcWbZQAV","0C52X000000TTTrSAO","0Hv2X000000YEdaSAG","2016-02-08 12:00:00","SRS-179",1
"false","LS Skill",,"lhartman@example.com","false","0Hn2X000000cXKASA2","Lightning Scheduler User","lhartman.ulvyvnxhbvey.qh0ggpolb61b@summer20-sd.sdo","Turbine Basic Usage","false","0052X00000AcWbZQAV","https://sdhaese-20200728-demo--c.documentforce.com/profilephoto/7292X000000glyI/T","Turbine_Basic_Usage","en_US","Lisa Hartman","0052X00000AcWbZQAV","0C52X000000TTTsSAO","0Hv2X000000YEdbSAG","2016-02-08 12:00:00","SRS-180",3
"false","LS Skill",,"lhartman@example.com","false","0Hn2X000000cXKASA2","Lightning Scheduler User","lhartman.ulvyvnxhbvey.qh0ggpolb61b@summer20-sd.sdo","Turbine Advanced Usage","false","0052X00000AcWbZQAV","https://sdhaese-20200728-demo--c.documentforce.com/profilephoto/7292X000000glyI/T","Turbine_Advanced_Usage","en_US","Lisa Hartman","0052X00000AcWbZQAV","0C52X000000TTTtSAO","0Hv2X000000YEdcSAG","2016-02-08 12:00:00","SRS-181",7
"false","LS Skill",,"cruiz@example.com","false","0Hn2X000000cXK0SAM","Lightning Scheduler User","cruiz.mrsttdjzuwoc.5dlq8lhnoyu0@summer20-sd.sdo","Saftey Training","false","0052X00000AcWbaQAF","https://sdhaese-20200728-demo--c.documentforce.com/profilephoto/7292X000000glyJ/T","Saftey_Training","en_US","Connie Ruiz","0052X00000AcWbaQAF","0C52X000000TTTrSAO","0Hv2X000000YEddSAG","2016-02-08 12:00:00","SRS-182",1
"false","LS Skill",,"cruiz@example.com","false","0Hn2X000000cXK0SAM","Lightning Scheduler User","cruiz.mrsttdjzuwoc.5dlq8lhnoyu0@summer20-sd.sdo","Turbine Basic Usage","false","0052X00000AcWbaQAF","https://sdhaese-20200728-demo--c.documentforce.com/profilephoto/7292X000000glyJ/T","Turbine_Basic_Usage","en_US","Connie Ruiz","0052X00000AcWbaQAF","0C52X000000TTTsSAO","0Hv2X000000YEdeSAG","2016-02-08 12:00:00","SRS-183",1
"false","LS Skill",,"cruiz@example.com","false","0Hn2X000000cXK0SAM","Lightning Scheduler User","cruiz.mrsttdjzuwoc.5dlq8lhnoyu0@summer20-sd.sdo","Turbine Advanced Usage","false","0052X00000AcWbaQAF","https://sdhaese-20200728-demo--c.documentforce.com/profilephoto/7292X000000glyJ/T","Turbine_Advanced_Usage","en_US","Connie Ruiz","0052X00000AcWbaQAF","0C52X000000TTTtSAO","0Hv2X000000YEdfSAG","2016-02-08 12:00:00","SRS-184",1
"false","LS Skill",,"mmayo@example.com","false","0Hn2X000000cXJxSAM","Lightning Scheduler User","mmayo.bmycdiailc3w.h0vrux3pkheg@summer20-sd.sdo","Saftey Training","false","0052X00000AcWbbQAF","https://sdhaese-20200728-demo--c.documentforce.com/profilephoto/7292X000000glyK/T","Saftey_Training","en_US","Mark Mayo","0052X00000AcWbbQAF","0C52X000000TTTrSAO","0Hv2X000000YEdgSAG","2016-02-08 12:00:00","SRS-185",1
"false","LS Skill",,"mmayo@example.com","false","0Hn2X000000cXJxSAM","Lightning Scheduler User","mmayo.bmycdiailc3w.h0vrux3pkheg@summer20-sd.sdo","Turbine Basic Usage","false","0052X00000AcWbbQAF","https://sdhaese-20200728-demo--c.documentforce.com/profilephoto/7292X000000glyK/T","Turbine_Basic_Usage","en_US","Mark Mayo","0052X00000AcWbbQAF","0C52X000000TTTsSAO","0Hv2X000000YEdhSAG","2016-02-08 12:00:00","SRS-186",1
"false","LS Skill",,"mmayo@example.com","false","0Hn2X000000cXJxSAM","Lightning Scheduler User","mmayo.bmycdiailc3w.h0vrux3pkheg@summer20-sd.sdo","Turbine Advanced Usage","false","0052X00000AcWbbQAF","https://sdhaese-20200728-demo--c.documentforce.com/profilephoto/7292X000000glyK/T","Turbine_Advanced_Usage","en_US","Mark Mayo","0052X00000AcWbbQAF","0C52X000000TTTtSAO","0Hv2X000000YEdiSAG","2016-02-08 12:00:00","SRS-187",1
"false","LS Skill",,"tle@example.com","false","0Hn2X000000cXJzSAM","Lightning Scheduler User","tle.pxe9qgogv94c.mymed20xebzu@summer20-sd.sdo","Saftey Training","false","0052X00000AcWbcQAF","https://sdhaese-20200728-demo--c.documentforce.com/profilephoto/7292X000000glyL/T","Saftey_Training","en_US","Tina Le","0052X00000AcWbcQAF","0C52X000000TTTrSAO","0Hv2X000000YEdjSAG","2016-02-08 12:00:00","SRS-188",1
"false","LS Skill",,"tle@example.com","false","0Hn2X000000cXJzSAM","Lightning Scheduler User","tle.pxe9qgogv94c.mymed20xebzu@summer20-sd.sdo","Turbine Basic Usage","false","0052X00000AcWbcQAF","https://sdhaese-20200728-demo--c.documentforce.com/profilephoto/7292X000000glyL/T","Turbine_Basic_Usage","en_US","Tina Le","0052X00000AcWbcQAF","0C52X000000TTTsSAO","0Hv2X000000YEdkSAG","2016-02-08 12:00:00","SRS-189",9
"false","LS Skill",,"tle@example.com","false","0Hn2X000000cXJzSAM","Lightning Scheduler User","tle.pxe9qgogv94c.mymed20xebzu@summer20-sd.sdo","Turbine Advanced Usage","false","0052X00000AcWbcQAF","https://sdhaese-20200728-demo--c.documentforce.com/profilephoto/7292X000000glyL/T","Turbine_Advanced_Usage","en_US","Tina Le","0052X00000AcWbcQAF","0C52X000000TTTtSAO","0Hv2X000000YEdlSAG","2016-02-08 12:00:00","SRS-190",7
"false","LS Skill",,"colson@example.com","false","0Hn2X000000cXK1SAM","Lightning Scheduler User","colson.t3axcg3okv1m.wdgb9ewxbw1z@summer20-sd.sdo","Saftey Training","false","0052X00000AcWbdQAF","https://sdhaese-20200728-demo--c.documentforce.com/profilephoto/7292X000000glyM/T","Saftey_Training","en_US","Carrie Olson","0052X00000AcWbdQAF","0C52X000000TTTrSAO","0Hv2X000000YEdmSAG","2016-02-08 12:00:00","SRS-191",1
"false","LS Skill",,"colson@example.com","false","0Hn2X000000cXK1SAM","Lightning Scheduler User","colson.t3axcg3okv1m.wdgb9ewxbw1z@summer20-sd.sdo","Turbine Basic Usage","false","0052X00000AcWbdQAF","https://sdhaese-20200728-demo--c.documentforce.com/profilephoto/7292X000000glyM/T","Turbine_Basic_Usage","en_US","Carrie Olson","0052X00000AcWbdQAF","0C52X000000TTTsSAO","0Hv2X000000YEdnSAG","2016-02-08 12:00:00","SRS-192",6
"false","LS Skill",,"colson@example.com","false","0Hn2X000000cXK1SAM","Lightning Scheduler User","colson.t3axcg3okv1m.wdgb9ewxbw1z@summer20-sd.sdo","Turbine Advanced Usage","false","0052X00000AcWbdQAF","https://sdhaese-20200728-demo--c.documentforce.com/profilephoto/7292X000000glyM/T","Turbine_Advanced_Usage","en_US","Carrie Olson","0052X00000AcWbdQAF","0C52X000000TTTtSAO","0Hv2X000000YEdoSAG","2016-02-08 12:00:00","SRS-193",7
"false","LS Skill",,"colson@example.com","false","0Hn2X000000cXK1SAM","Lightning Scheduler User","colson.t3axcg3okv1m.wdgb9ewxbw1z@summer20-sd.sdo","Turbine Performance","false","0052X00000AcWbdQAF","https://sdhaese-20200728-demo--c.documentforce.com/profilephoto/7292X000000glyM/T","Turbine_Performance","en_US","Carrie Olson","0052X00000AcWbdQAF","0C52X000000TTTuSAO","0Hv2X000000YEdpSAG","2016-02-08 12:00:00","SRS-194",1
"false","LS Skill",,"rperez@example.com","false","0Hn2X000000cXJySAM","Lightning Scheduler User","rperez.ecx2tvfxbg6k.mitonfrqyn54@summer20-sd.sdo","Saftey Training","false","0052X00000AcWbeQAF","https://sdhaese-20200728-demo--c.documentforce.com/profilephoto/7292X000000glyN/T","Saftey_Training","en_US","Russell Perez","0052X00000AcWbeQAF","0C52X000000TTTrSAO","0Hv2X000000YEdqSAG","2016-02-08 12:00:00","SRS-195",1
"false","LS Skill",,"rperez@example.com","false","0Hn2X000000cXJySAM","Lightning Scheduler User","rperez.ecx2tvfxbg6k.mitonfrqyn54@summer20-sd.sdo","Turbine Basic Usage","false","0052X00000AcWbeQAF","https://sdhaese-20200728-demo--c.documentforce.com/profilephoto/7292X000000glyN/T","Turbine_Basic_Usage","en_US","Russell Perez","0052X00000AcWbeQAF","0C52X000000TTTsSAO","0Hv2X000000YEdrSAG","2016-02-08 12:00:00","SRS-196",2
"false","LS Skill",,"rperez@example.com","false","0Hn2X000000cXJySAM","Lightning Scheduler User","rperez.ecx2tvfxbg6k.mitonfrqyn54@summer20-sd.sdo","Turbine Advanced Usage","false","0052X00000AcWbeQAF","https://sdhaese-20200728-demo--c.documentforce.com/profilephoto/7292X000000glyN/T","Turbine_Advanced_Usage","en_US","Russell Perez","0052X00000AcWbeQAF","0C52X000000TTTtSAO","0Hv2X000000YEdsSAG","2016-02-08 12:00:00","SRS-197",4
"false","LS Skill",,"rperez@example.com","false","0Hn2X000000cXJySAM","Lightning Scheduler User","rperez.ecx2tvfxbg6k.mitonfrqyn54@summer20-sd.sdo","Turbine Performance","false","0052X00000AcWbeQAF","https://sdhaese-20200728-demo--c.documentforce.com/profilephoto/7292X000000glyN/T","Turbine_Performance","en_US","Russell Perez","0052X00000AcWbeQAF","0C52X000000TTTuSAO","0Hv2X000000YEdtSAG","2016-02-08 12:00:00","SRS-198",1
"false","LS Skill",,"agonzale@example.com","false","0Hn2X000000cXJwSAM","Lightning Scheduler User","agonzale.zysykqqnmut6.exiejicw5f23@summer20-sd.sdo","Saftey Training","false","0052X00000AcWbfQAF","https://sdhaese-20200728-demo--c.documentforce.com/profilephoto/7292X000000glyO/T","Saftey_Training","en_US","Anita Gonzalez","0052X00000AcWbfQAF","0C52X000000TTTrSAO","0Hv2X000000YEduSAG","2016-02-08 12:00:00","SRS-199",1
"false","LS Skill",,"agonzale@example.com","false","0Hn2X000000cXJwSAM","Lightning Scheduler User","agonzale.zysykqqnmut6.exiejicw5f23@summer20-sd.sdo","Turbine Basic Usage","false","0052X00000AcWbfQAF","https://sdhaese-20200728-demo--c.documentforce.com/profilephoto/7292X000000glyO/T","Turbine_Basic_Usage","en_US","Anita Gonzalez","0052X00000AcWbfQAF","0C52X000000TTTsSAO","0Hv2X000000YEdvSAG","2016-02-08 12:00:00","SRS-200",4
"false","LS Skill",,"agonzale@example.com","false","0Hn2X000000cXJwSAM","Lightning Scheduler User","agonzale.zysykqqnmut6.exiejicw5f23@summer20-sd.sdo","Turbine Advanced Usage","false","0052X00000AcWbfQAF","https://sdhaese-20200728-demo--c.documentforce.com/profilephoto/7292X000000glyO/T","Turbine_Advanced_Usage","en_US","Anita Gonzalez","0052X00000AcWbfQAF","0C52X000000TTTtSAO","0Hv2X000000YEdwSAG","2016-02-08 12:00:00","SRS-201",9
"false","LS Skill",,"agonzale@example.com","false","0Hn2X000000cXJwSAM","Lightning Scheduler User","agonzale.zysykqqnmut6.exiejicw5f23@summer20-sd.sdo","Turbine Performance","false","0052X00000AcWbfQAF","https://sdhaese-20200728-demo--c.documentforce.com/profilephoto/7292X000000glyO/T","Turbine_Performance","en_US","Anita Gonzalez","0052X00000AcWbfQAF","0C52X000000TTTuSAO","0Hv2X000000YEdxSAG","2016-02-08 12:00:00","SRS-202",1
"false","LS Skill",,"zgarcia@example.com","false","0Hn2X000000cXK9SAM","Lightning Scheduler User","zgarcia.lhgs5u9z5xnu.1vywg6zgthmj@summer20-sd.sdo","Saftey Training","false","0052X00000AcWbgQAF","https://sdhaese-20200728-demo--c.documentforce.com/profilephoto/7292X000000glyP/T","Saftey_Training","en_US","Zachary Garcia","0052X00000AcWbgQAF","0C52X000000TTTrSAO","0Hv2X000000YEdySAG","2016-02-08 12:00:00","SRS-203",1
"false","LS Skill",,"zgarcia@example.com","false","0Hn2X000000cXK9SAM","Lightning Scheduler User","zgarcia.lhgs5u9z5xnu.1vywg6zgthmj@summer20-sd.sdo","Turbine Basic Usage","false","0052X00000AcWbgQAF","https://sdhaese-20200728-demo--c.documentforce.com/profilephoto/7292X000000glyP/T","Turbine_Basic_Usage","en_US","Zachary Garcia","0052X00000AcWbgQAF","0C52X000000TTTsSAO","0Hv2X000000YEdzSAG","2016-02-08 12:00:00","SRS-204",1
"false","LS Skill",,"zgarcia@example.com","false","0Hn2X000000cXK9SAM","Lightning Scheduler User","zgarcia.lhgs5u9z5xnu.1vywg6zgthmj@summer20-sd.sdo","Turbine Advanced Usage","false","0052X00000AcWbgQAF","https://sdhaese-20200728-demo--c.documentforce.com/profilephoto/7292X000000glyP/T","Turbine_Advanced_Usage","en_US","Zachary Garcia","0052X00000AcWbgQAF","0C52X000000TTTtSAO","0Hv2X000000YEe0SAG","2016-02-08 12:00:00","SRS-205",5
"false","LS Skill",,"zgarcia@example.com","false","0Hn2X000000cXK9SAM","Lightning Scheduler User","zgarcia.lhgs5u9z5xnu.1vywg6zgthmj@summer20-sd.sdo","Turbine Performance","false","0052X00000AcWbgQAF","https://sdhaese-20200728-demo--c.documentforce.com/profilephoto/7292X000000glyP/T","Turbine_Performance","en_US","Zachary Garcia","0052X00000AcWbgQAF","0C52X000000TTTuSAO","0Hv2X000000YEe1SAG","2016-02-08 12:00:00","SRS-206",1
"false","LS Skill",,"kdorsey@example.com","false","0Hn2X000000cXK8SAM","Lightning Scheduler User","kdorsey.ugf7l3mfjncw.p5azhbmu3941@summer20-sd.sdo","Saftey Training","false","0052X00000AcWbhQAF","https://sdhaese-20200728-demo--c.documentforce.com/profilephoto/7292X000000glyQ/T","Saftey_Training","en_US","Keith Dorsey","0052X00000AcWbhQAF","0C52X000000TTTrSAO","0Hv2X000000YEe2SAG","2016-02-08 12:00:00","SRS-207",1
"false","LS Skill",,"kdorsey@example.com","false","0Hn2X000000cXK8SAM","Lightning Scheduler User","kdorsey.ugf7l3mfjncw.p5azhbmu3941@summer20-sd.sdo","Turbine Basic Usage","false","0052X00000AcWbhQAF","https://sdhaese-20200728-demo--c.documentforce.com/profilephoto/7292X000000glyQ/T","Turbine_Basic_Usage","en_US","Keith Dorsey","0052X00000AcWbhQAF","0C52X000000TTTsSAO","0Hv2X000000YEe3SAG","2016-02-08 12:00:00","SRS-208",1
"false","LS Skill",,"kdorsey@example.com","false","0Hn2X000000cXK8SAM","Lightning Scheduler User","kdorsey.ugf7l3mfjncw.p5azhbmu3941@summer20-sd.sdo","Turbine Advanced Usage","false","0052X00000AcWbhQAF","https://sdhaese-20200728-demo--c.documentforce.com/profilephoto/7292X000000glyQ/T","Turbine_Advanced_Usage","en_US","Keith Dorsey","0052X00000AcWbhQAF","0C52X000000TTTtSAO","0Hv2X000000YEe4SAG","2016-02-08 12:00:00","SRS-209",6
"false","LS Skill",,"jharring@example.com","false","0Hn2X000000cXK6SAM","Lightning Scheduler User","jharring.cevzuyetmmr9.utw11fmbtbjl@summer20-sd.sdo","Saftey Training","false","0052X00000AcWbiQAF","https://sdhaese-20200728-demo--c.documentforce.com/profilephoto/7292X000000glyR/T","Saftey_Training","en_US","James Harrington","0052X00000AcWbiQAF","0C52X000000TTTrSAO","0Hv2X000000YEe5SAG","2016-02-08 12:00:00","SRS-210",1
"false","LS Skill",,"jharring@example.com","false","0Hn2X000000cXK6SAM","Lightning Scheduler User","jharring.cevzuyetmmr9.utw11fmbtbjl@summer20-sd.sdo","Turbine Basic Usage","false","0052X00000AcWbiQAF","https://sdhaese-20200728-demo--c.documentforce.com/profilephoto/7292X000000glyR/T","Turbine_Basic_Usage","en_US","James Harrington","0052X00000AcWbiQAF","0C52X000000TTTsSAO","0Hv2X000000YEe6SAG","2016-02-08 12:00:00","SRS-211",1
"false","LS Skill",,"jharring@example.com","false","0Hn2X000000cXK6SAM","Lightning Scheduler User","jharring.cevzuyetmmr9.utw11fmbtbjl@summer20-sd.sdo","Turbine Advanced Usage","false","0052X00000AcWbiQAF","https://sdhaese-20200728-demo--c.documentforce.com/profilephoto/7292X000000glyR/T","Turbine_Advanced_Usage","en_US","James Harrington","0052X00000AcWbiQAF","0C52X000000TTTtSAO","0Hv2X000000YEe7SAG","2016-02-08 12:00:00","SRS-212",6
"false","LS Skill",,"cruiz@example.com","false","0Hn2X000000cXK0SAM","Lightning Scheduler User","cruiz.mrsttdjzuwoc.5dlq8lhnoyu0@summer20-sd.sdo","Hydraulic Failures","false","0052X00000AcWbaQAF","https://sdhaese-20200728-demo--c.documentforce.com/profilephoto/7292X000000glyJ/T","Hydraulic_Failures","en_US","Connie Ruiz","0052X00000AcWbaQAF","0C52X000000TTTySAO","0Hv2X000000YEe8SAG","2019-07-01 12:00:00","SRS-213",4
"false","LS Skill",,"cruiz@example.com","false","0Hn2X000000cXK0SAM","Lightning Scheduler User","cruiz.mrsttdjzuwoc.5dlq8lhnoyu0@summer20-sd.sdo","Mechanical Failures","false","0052X00000AcWbaQAF","https://sdhaese-20200728-demo--c.documentforce.com/profilephoto/7292X000000glyJ/T","Mechanical_Failures","en_US","Connie Ruiz","0052X00000AcWbaQAF","0C52X000000TTTxSAO","0Hv2X000000YEe9SAG","2019-07-01 12:00:00","SRS-214",1
"false","LS Skill",,"cruiz@example.com","false","0Hn2X000000cXK0SAM","Lightning Scheduler User","cruiz.mrsttdjzuwoc.5dlq8lhnoyu0@summer20-sd.sdo","New Product Release Training","false","0052X00000AcWbaQAF","https://sdhaese-20200728-demo--c.documentforce.com/profilephoto/7292X000000glyJ/T","New_Product_Release_Training","en_US","Connie Ruiz","0052X00000AcWbaQAF","0C52X000000TTTzSAO","0Hv2X000000YEeASAW","2019-07-01 12:00:00","SRS-215",7
"false","LS Skill",,"cruiz@example.com","false","0Hn2X000000cXK0SAM","Lightning Scheduler User","cruiz.mrsttdjzuwoc.5dlq8lhnoyu0@summer20-sd.sdo","Electrical Failures","false","0052X00000AcWbaQAF","https://sdhaese-20200728-demo--c.documentforce.com/profilephoto/7292X000000glyJ/T","Electrical_Failures","en_US","Connie Ruiz","0052X00000AcWbaQAF","0C52X000000TTTwSAO","0Hv2X000000YEeBSAW","2019-07-01 12:00:00","SRS-216",5
"false","LS Skill",,"cruiz@example.com","false","0Hn2X000000cXK0SAM","Lightning Scheduler User","cruiz.mrsttdjzuwoc.5dlq8lhnoyu0@summer20-sd.sdo","Turbine Maintenance","false","0052X00000AcWbaQAF","https://sdhaese-20200728-demo--c.documentforce.com/profilephoto/7292X000000glyJ/T","Turbine_Maintenance","en_US","Connie Ruiz","0052X00000AcWbaQAF","0C52X000000TTTvSAO","0Hv2X000000YEeCSAW","2019-07-01 12:00:00","SRS-217",4
"false","LS Skill",,"cruiz@example.com","false","0Hn2X000000cXK0SAM","Lightning Scheduler User","cruiz.mrsttdjzuwoc.5dlq8lhnoyu0@summer20-sd.sdo","Turbine Performance","false","0052X00000AcWbaQAF","https://sdhaese-20200728-demo--c.documentforce.com/profilephoto/7292X000000glyJ/T","Turbine_Performance","en_US","Connie Ruiz","0052X00000AcWbaQAF","0C52X000000TTTuSAO","0Hv2X000000YEeDSAW","2019-07-01 12:00:00","SRS-218",3
"false","LS Skill",,"agonzale@example.com","false","0Hn2X000000cXJwSAM","Lightning Scheduler User","agonzale.zysykqqnmut6.exiejicw5f23@summer20-sd.sdo","New Product Release Training","false","0052X00000AcWbfQAF","https://sdhaese-20200728-demo--c.documentforce.com/profilephoto/7292X000000glyO/T","New_Product_Release_Training","en_US","Anita Gonzalez","0052X00000AcWbfQAF","0C52X000000TTTzSAO","0Hv2X000000YEeESAW","2019-07-01 12:00:00","SRS-222",1
"false","LS Skill",,"agonzale@example.com","false","0Hn2X000000cXJwSAM","Lightning Scheduler User","agonzale.zysykqqnmut6.exiejicw5f23@summer20-sd.sdo","Electrical Failures","false","0052X00000AcWbfQAF","https://sdhaese-20200728-demo--c.documentforce.com/profilephoto/7292X000000glyO/T","Electrical_Failures","en_US","Anita Gonzalez","0052X00000AcWbfQAF","0C52X000000TTTwSAO","0Hv2X000000YEeFSAW","2019-07-01 12:00:00","SRS-223",1
"false","LS Skill",,"agonzale@example.com","false","0Hn2X000000cXJwSAM","Lightning Scheduler User","agonzale.zysykqqnmut6.exiejicw5f23@summer20-sd.sdo","Hydraulic Failures","false","0052X00000AcWbfQAF","https://sdhaese-20200728-demo--c.documentforce.com/profilephoto/7292X000000glyO/T","Hydraulic_Failures","en_US","Anita Gonzalez","0052X00000AcWbfQAF","0C52X000000TTTySAO","0Hv2X000000YEeGSAW","2019-07-01 12:00:00","SRS-224",1
"false","LS Skill",,"agonzale@example.com","false","0Hn2X000000cXJwSAM","Lightning Scheduler User","agonzale.zysykqqnmut6.exiejicw5f23@summer20-sd.sdo","Turbine Maintenance","false","0052X00000AcWbfQAF","https://sdhaese-20200728-demo--c.documentforce.com/profilephoto/7292X000000glyO/T","Turbine_Maintenance","en_US","Anita Gonzalez","0052X00000AcWbfQAF","0C52X000000TTTvSAO","0Hv2X000000YEeHSAW","2019-07-01 12:00:00","SRS-225",1
"false","LS Skill",,"rperez@example.com","false","0Hn2X000000cXJySAM","Lightning Scheduler User","rperez.ecx2tvfxbg6k.mitonfrqyn54@summer20-sd.sdo","New Product Release Training","false","0052X00000AcWbeQAF","https://sdhaese-20200728-demo--c.documentforce.com/profilephoto/7292X000000glyN/T","New_Product_Release_Training","en_US","Russell Perez","0052X00000AcWbeQAF","0C52X000000TTTzSAO","0Hv2X000000YEeISAW","2019-07-01 12:00:00","SRS-226",1
"false","LS Skill",,"rperez@example.com","false","0Hn2X000000cXJySAM","Lightning Scheduler User","rperez.ecx2tvfxbg6k.mitonfrqyn54@summer20-sd.sdo","Electrical Failures","false","0052X00000AcWbeQAF","https://sdhaese-20200728-demo--c.documentforce.com/profilephoto/7292X000000glyN/T","Electrical_Failures","en_US","Russell Perez","0052X00000AcWbeQAF","0C52X000000TTTwSAO","0Hv2X000000YEeJSAW","2019-07-01 12:00:00","SRS-227",2
"false","LS Skill",,"rperez@example.com","false","0Hn2X000000cXJySAM","Lightning Scheduler User","rperez.ecx2tvfxbg6k.mitonfrqyn54@summer20-sd.sdo","Mechanical Failures","false","0052X00000AcWbeQAF","https://sdhaese-20200728-demo--c.documentforce.com/profilephoto/7292X000000glyN/T","Mechanical_Failures","en_US","Russell Perez","0052X00000AcWbeQAF","0C52X000000TTTxSAO","0Hv2X000000YEeKSAW","2019-07-01 12:00:00","SRS-228",5
"false","LS Skill",,"rperez@example.com","false","0Hn2X000000cXJySAM","Lightning Scheduler User","rperez.ecx2tvfxbg6k.mitonfrqyn54@summer20-sd.sdo","Hydraulic Failures","false","0052X00000AcWbeQAF","https://sdhaese-20200728-demo--c.documentforce.com/profilephoto/7292X000000glyN/T","Hydraulic_Failures","en_US","Russell Perez","0052X00000AcWbeQAF","0C52X000000TTTySAO","0Hv2X000000YEeLSAW","2019-07-01 12:00:00","SRS-229",3
"false","LS Skill",,"tle@example.com","false","0Hn2X000000cXJzSAM","Lightning Scheduler User","tle.pxe9qgogv94c.mymed20xebzu@summer20-sd.sdo","Electrical Failures","false","0052X00000AcWbcQAF","https://sdhaese-20200728-demo--c.documentforce.com/profilephoto/7292X000000glyL/T","Electrical_Failures","en_US","Tina Le","0052X00000AcWbcQAF","0C52X000000TTTwSAO","0Hv2X000000YEeMSAW","2019-07-01 12:00:00","SRS-230",1
"false","LS Skill",,"tle@example.com","false","0Hn2X000000cXJzSAM","Lightning Scheduler User","tle.pxe9qgogv94c.mymed20xebzu@summer20-sd.sdo","Hydraulic Failures","false","0052X00000AcWbcQAF","https://sdhaese-20200728-demo--c.documentforce.com/profilephoto/7292X000000glyL/T","Hydraulic_Failures","en_US","Tina Le","0052X00000AcWbcQAF","0C52X000000TTTySAO","0Hv2X000000YEeNSAW","2019-07-01 12:00:00","SRS-231",1
"false","LS Skill",,"tle@example.com","false","0Hn2X000000cXJzSAM","Lightning Scheduler User","tle.pxe9qgogv94c.mymed20xebzu@summer20-sd.sdo","Mechanical Failures","false","0052X00000AcWbcQAF","https://sdhaese-20200728-demo--c.documentforce.com/profilephoto/7292X000000glyL/T","Mechanical_Failures","en_US","Tina Le","0052X00000AcWbcQAF","0C52X000000TTTxSAO","0Hv2X000000YEeOSAW","2019-07-01 12:00:00","SRS-232",1
"false","LS Skill",,"tle@example.com","false","0Hn2X000000cXJzSAM","Lightning Scheduler User","tle.pxe9qgogv94c.mymed20xebzu@summer20-sd.sdo","New Product Release Training","false","0052X00000AcWbcQAF","https://sdhaese-20200728-demo--c.documentforce.com/profilephoto/7292X000000glyL/T","New_Product_Release_Training","en_US","Tina Le","0052X00000AcWbcQAF","0C52X000000TTTzSAO","0Hv2X000000YEePSAW","2019-07-01 12:00:00","SRS-233",1
"false","LS Skill",,"tle@example.com","false","0Hn2X000000cXJzSAM","Lightning Scheduler User","tle.pxe9qgogv94c.mymed20xebzu@summer20-sd.sdo","Turbine Performance","false","0052X00000AcWbcQAF","https://sdhaese-20200728-demo--c.documentforce.com/profilephoto/7292X000000glyL/T","Turbine_Performance","en_US","Tina Le","0052X00000AcWbcQAF","0C52X000000TTTuSAO","0Hv2X000000YEeQSAW","2019-07-01 12:00:00","SRS-234",1
"false","LS Skill",,"tle@example.com","false","0Hn2X000000cXJzSAM","Lightning Scheduler User","tle.pxe9qgogv94c.mymed20xebzu@summer20-sd.sdo","Turbine Maintenance","false","0052X00000AcWbcQAF","https://sdhaese-20200728-demo--c.documentforce.com/profilephoto/7292X000000glyL/T","Turbine_Maintenance","en_US","Tina Le","0052X00000AcWbcQAF","0C52X000000TTTvSAO","0Hv2X000000YEeRSAW","2019-07-01 12:00:00","SRS-235",1
"false","LS Skill",,"mmayo@example.com","false","0Hn2X000000cXJxSAM","Lightning Scheduler User","mmayo.bmycdiailc3w.h0vrux3pkheg@summer20-sd.sdo","New Product Release Training","false","0052X00000AcWbbQAF","https://sdhaese-20200728-demo--c.documentforce.com/profilephoto/7292X000000glyK/T","New_Product_Release_Training","en_US","Mark Mayo","0052X00000AcWbbQAF","0C52X000000TTTzSAO","0Hv2X000000YEeSSAW","2019-07-01 12:00:00","SRS-236",1
"false","LS Skill",,"mmayo@example.com","false","0Hn2X000000cXJxSAM","Lightning Scheduler User","mmayo.bmycdiailc3w.h0vrux3pkheg@summer20-sd.sdo","Turbine Performance","false","0052X00000AcWbbQAF","https://sdhaese-20200728-demo--c.documentforce.com/profilephoto/7292X000000glyK/T","Turbine_Performance","en_US","Mark Mayo","0052X00000AcWbbQAF","0C52X000000TTTuSAO","0Hv2X000000YEeTSAW","2019-07-01 12:00:00","SRS-237",1
"false","LS Skill",,"mmayo@example.com","false","0Hn2X000000cXJxSAM","Lightning Scheduler User","mmayo.bmycdiailc3w.h0vrux3pkheg@summer20-sd.sdo","Turbine Maintenance","false","0052X00000AcWbbQAF","https://sdhaese-20200728-demo--c.documentforce.com/profilephoto/7292X000000glyK/T","Turbine_Maintenance","en_US","Mark Mayo","0052X00000AcWbbQAF","0C52X000000TTTvSAO","0Hv2X000000YEeUSAW","2019-07-01 12:00:00","SRS-238",1
"false","FSL Skill",,"andy@example.com","false","0Hn2X000000cXJjSAM","Field Service Lightning User","ajames.ric4supwvrzg.xvpkustsnfzu@summer20-sd.sdo","Break-Fix","false","0052X00000AcWfDQAV","https://sdhaese-20200728-demo--c.documentforce.com/profilephoto/7292X000000glzh/T","Break_Fix","en_US","Andy James","0052X00000AcWfDQAV","0C52X000000TTU6SAO","0Hv2X000000YEeVSAW","2017-03-03 16:46:00","SRS-131",1
"false","FSL Skill",,"andy@example.com","false","0Hn2X000000cXJjSAM","Field Service Lightning User","ajames.ric4supwvrzg.xvpkustsnfzu@summer20-sd.sdo","Field Connect","false","0052X00000AcWfDQAV","https://sdhaese-20200728-demo--c.documentforce.com/profilephoto/7292X000000glzh/T","Field_Connect","en_US","Andy James","0052X00000AcWfDQAV","0C52X000000TTU7SAO","0Hv2X000000YEeWSAW","2016-11-19 09:08:00","SRS-132",7
"false","FSL Skill",,"andy@example.com","false","0Hn2X000000cXJjSAM","Field Service Lightning User","ajames.ric4supwvrzg.xvpkustsnfzu@summer20-sd.sdo","Field Upgrade","false","0052X00000AcWfDQAV","https://sdhaese-20200728-demo--c.documentforce.com/profilephoto/7292X000000glzh/T","Field_Upgrade","en_US","Andy James","0052X00000AcWfDQAV","0C52X000000TTU8SAO","0Hv2X000000YEeXSAW","2016-11-19 09:08:00","SRS-133",8
"false","FSL Skill",,"andy@example.com","false","0Hn2X000000cXJjSAM","Field Service Lightning User","ajames.ric4supwvrzg.xvpkustsnfzu@summer20-sd.sdo","Installation","false","0052X00000AcWfDQAV","https://sdhaese-20200728-demo--c.documentforce.com/profilephoto/7292X000000glzh/T","Installation","en_US","Andy James","0052X00000AcWfDQAV","0C52X000000TTU9SAO","0Hv2X000000YEeYSAW","2019-03-19 10:31:00","SRS-134",1
"false","FSL Skill",,"calbanese@example.com","false","0Hn2X000000cXJnSAM","Field Service Lightning User","lsmith.x5fzy5qfinkn.qwfn1agwfk37@summer20-sd.sdo","Break-Fix","false","0052X00000AcWfIQAV","https://sdhaese-20200728-demo--c.documentforce.com/profilephoto/7292X000000glzm/T","Break_Fix","en_US","Lamar Smith","0052X00000AcWfIQAV","0C52X000000TTU6SAO","0Hv2X000000YEeZSAW","2017-03-03 16:47:00","SRS-135",1
"false","FSL Skill",,"calbanese@example.com","false","0Hn2X000000cXJnSAM","Field Service Lightning User","lsmith.x5fzy5qfinkn.qwfn1agwfk37@summer20-sd.sdo","Field Connect","false","0052X00000AcWfIQAV","https://sdhaese-20200728-demo--c.documentforce.com/profilephoto/7292X000000glzm/T","Field_Connect","en_US","Lamar Smith","0052X00000AcWfIQAV","0C52X000000TTU7SAO","0Hv2X000000YEeaSAG","2016-11-19 09:08:00","SRS-136",8
"false","FSL Skill",,"calbanese@example.com","false","0Hn2X000000cXJnSAM","Field Service Lightning User","lsmith.x5fzy5qfinkn.qwfn1agwfk37@summer20-sd.sdo","Field Upgrade","false","0052X00000AcWfIQAV","https://sdhaese-20200728-demo--c.documentforce.com/profilephoto/7292X000000glzm/T","Field_Upgrade","en_US","Lamar Smith","0052X00000AcWfIQAV","0C52X000000TTU8SAO","0Hv2X000000YEebSAG","2016-11-19 09:08:00","SRS-137",2
"false","FSL Skill",,"calbanese@example.com","false","0Hn2X000000cXJnSAM","Field Service Lightning User","lsmith.x5fzy5qfinkn.qwfn1agwfk37@summer20-sd.sdo","Installation","false","0052X00000AcWfIQAV","https://sdhaese-20200728-demo--c.documentforce.com/profilephoto/7292X000000glzm/T","Installation","en_US","Lamar Smith","0052X00000AcWfIQAV","0C52X000000TTU9SAO","0Hv2X000000YEecSAG","2019-03-19 10:32:00","SRS-138",1
"false","FSL Skill",,"mary@example.com","false","0Hn2X000000cXJpSAM","Field Service Lightning User","madams.ud4zdgivzlsz.ycfb3qhpksa3@summer20-sd.sdo","Break-Fix","false","0052X00000AcWfJQAV","https://sdhaese-20200728-demo--c.documentforce.com/profilephoto/7292X000000glzn/T","Break_Fix","en_US","Mary Adams","0052X00000AcWfJQAV","0C52X000000TTU6SAO","0Hv2X000000YEedSAG","2017-03-03 16:47:00","SRS-139",1
"false","FSL Skill",,"mary@example.com","false","0Hn2X000000cXJpSAM","Field Service Lightning User","madams.ud4zdgivzlsz.ycfb3qhpksa3@summer20-sd.sdo","Field Connect","false","0052X00000AcWfJQAV","https://sdhaese-20200728-demo--c.documentforce.com/profilephoto/7292X000000glzn/T","Field_Connect","en_US","Mary Adams","0052X00000AcWfJQAV","0C52X000000TTU7SAO","0Hv2X000000YEeeSAG","2016-11-19 09:08:00","SRS-140",3
"false","FSL Skill",,"mary@example.com","false","0Hn2X000000cXJpSAM","Field Service Lightning User","madams.ud4zdgivzlsz.ycfb3qhpksa3@summer20-sd.sdo","Field Upgrade","false","0052X00000AcWfJQAV","https://sdhaese-20200728-demo--c.documentforce.com/profilephoto/7292X000000glzn/T","Field_Upgrade","en_US","Mary Adams","0052X00000AcWfJQAV","0C52X000000TTU8SAO","0Hv2X000000YEefSAG","2016-11-19 09:08:00","SRS-141",7
"false","FSL Skill",,"mary@example.com","false","0Hn2X000000cXJpSAM","Field Service Lightning User","madams.ud4zdgivzlsz.ycfb3qhpksa3@summer20-sd.sdo","Installation","false","0052X00000AcWfJQAV","https://sdhaese-20200728-demo--c.documentforce.com/profilephoto/7292X000000glzn/T","Installation","en_US","Mary Adams","0052X00000AcWfJQAV","0C52X000000TTU9SAO","0Hv2X000000YEegSAG","2019-03-19 10:33:00","SRS-142",1
"false","FSL Skill",,"pam@example.com","false","0Hn2X000000cXJrSAM","Field Service Lightning User","plawison.0nwem4skv0nl.3k0ck5fkxkzl@summer20-sd.sdo","Break-Fix","false","0052X00000AcWfLQAV","https://sdhaese-20200728-demo--c.documentforce.com/profilephoto/7292X000000glzp/T","Break_Fix","en_US","Pam Lawison","0052X00000AcWfLQAV","0C52X000000TTU6SAO","0Hv2X000000YEehSAG","2017-03-03 16:48:00","SRS-143",1
"false","FSL Skill",,"pam@example.com","false","0Hn2X000000cXJrSAM","Field Service Lightning User","plawison.0nwem4skv0nl.3k0ck5fkxkzl@summer20-sd.sdo","Field Connect","false","0052X00000AcWfLQAV","https://sdhaese-20200728-demo--c.documentforce.com/profilephoto/7292X000000glzp/T","Field_Connect","en_US","Pam Lawison","0052X00000AcWfLQAV","0C52X000000TTU7SAO","0Hv2X000000YEeiSAG","2016-11-19 09:08:00","SRS-144",3
"false","FSL Skill",,"pam@example.com","false","0Hn2X000000cXJrSAM","Field Service Lightning User","plawison.0nwem4skv0nl.3k0ck5fkxkzl@summer20-sd.sdo","Field Upgrade","false","0052X00000AcWfLQAV","https://sdhaese-20200728-demo--c.documentforce.com/profilephoto/7292X000000glzp/T","Field_Upgrade","en_US","Pam Lawison","0052X00000AcWfLQAV","0C52X000000TTU8SAO","0Hv2X000000YEejSAG","2016-11-19 09:08:00","SRS-145",6
"false","FSL Skill",,"pam@example.com","false","0Hn2X000000cXJrSAM","Field Service Lightning User","plawison.0nwem4skv0nl.3k0ck5fkxkzl@summer20-sd.sdo","Installation","false","0052X00000AcWfLQAV","https://sdhaese-20200728-demo--c.documentforce.com/profilephoto/7292X000000glzp/T","Installation","en_US","Pam Lawison","0052X00000AcWfLQAV","0C52X000000TTU9SAO","0Hv2X000000YEekSAG","2019-03-19 10:33:00","SRS-146",1
"false","FSL Skill",,"martino@example.com","false","0Hn2X000000cXJoSAM","Field Service Lightning User","mcastanon.esazdwfzrwqk.dbihbcnaeeqk@summer20-sd.sdo","Break-Fix","false","0052X00000AcWfNQAV","https://sdhaese-20200728-demo--c.documentforce.com/profilephoto/7292X000000glzr/T","Break_Fix","en_US","Martino Castanon","0052X00000AcWfNQAV","0C52X000000TTU6SAO","0Hv2X000000YEelSAG","2017-03-03 16:47:00","SRS-147",1
"false","FSL Skill",,"martino@example.com","false","0Hn2X000000cXJoSAM","Field Service Lightning User","mcastanon.esazdwfzrwqk.dbihbcnaeeqk@summer20-sd.sdo","Field Connect","false","0052X00000AcWfNQAV","https://sdhaese-20200728-demo--c.documentforce.com/profilephoto/7292X000000glzr/T","Field_Connect","en_US","Martino Castanon","0052X00000AcWfNQAV","0C52X000000TTU7SAO","0Hv2X000000YEemSAG","2016-11-19 09:08:00","SRS-148",8
"false","FSL Skill",,"martino@example.com","false","0Hn2X000000cXJoSAM","Field Service Lightning User","mcastanon.esazdwfzrwqk.dbihbcnaeeqk@summer20-sd.sdo","Field Upgrade","false","0052X00000AcWfNQAV","https://sdhaese-20200728-demo--c.documentforce.com/profilephoto/7292X000000glzr/T","Field_Upgrade","en_US","Martino Castanon","0052X00000AcWfNQAV","0C52X000000TTU8SAO","0Hv2X000000YEenSAG","2016-11-19 09:08:00","SRS-149",6
"false","FSL Skill",,"martino@example.com","false","0Hn2X000000cXJoSAM","Field Service Lightning User","mcastanon.esazdwfzrwqk.dbihbcnaeeqk@summer20-sd.sdo","Installation","false","0052X00000AcWfNQAV","https://sdhaese-20200728-demo--c.documentforce.com/profilephoto/7292X000000glzr/T","Installation","en_US","Martino Castanon","0052X00000AcWfNQAV","0C52X000000TTU9SAO","0Hv2X000000YEeoSAG","2019-03-19 10:34:00","SRS-150",1
"false","FSL Skill",,"jim@example.com","false","0Hn2X000000cXJmSAM","Field Service Lightning User","jmatthews.w5pyuqsbozvs.a61r6sbxxtgg@summer20-sd.sdo","Break-Fix","false","0052X00000AcWfGQAV","https://sdhaese-20200728-demo--c.documentforce.com/profilephoto/7292X000000glzk/T","Break_Fix","en_US","Jim Matthews","0052X00000AcWfGQAV","0C52X000000TTU6SAO","0Hv2X000000YEepSAG","2017-03-03 16:47:00","SRS-151",1
"false","FSL Skill",,"jim@example.com","false","0Hn2X000000cXJmSAM","Field Service Lightning User","jmatthews.w5pyuqsbozvs.a61r6sbxxtgg@summer20-sd.sdo","Field Connect","false","0052X00000AcWfGQAV","https://sdhaese-20200728-demo--c.documentforce.com/profilephoto/7292X000000glzk/T","Field_Connect","en_US","Jim Matthews","0052X00000AcWfGQAV","0C52X000000TTU7SAO","0Hv2X000000YEeqSAG","2016-11-19 09:08:00","SRS-152",7
"false","FSL Skill",,"jim@example.com","false","0Hn2X000000cXJmSAM","Field Service Lightning User","jmatthews.w5pyuqsbozvs.a61r6sbxxtgg@summer20-sd.sdo","Field Upgrade","false","0052X00000AcWfGQAV","https://sdhaese-20200728-demo--c.documentforce.com/profilephoto/7292X000000glzk/T","Field_Upgrade","en_US","Jim Matthews","0052X00000AcWfGQAV","0C52X000000TTU8SAO","0Hv2X000000YEerSAG","2016-11-19 09:08:00","SRS-153",2
"false","FSL Skill",,"jim@example.com","false","0Hn2X000000cXJmSAM","Field Service Lightning User","jmatthews.w5pyuqsbozvs.a61r6sbxxtgg@summer20-sd.sdo","Installation","false","0052X00000AcWfGQAV","https://sdhaese-20200728-demo--c.documentforce.com/profilephoto/7292X000000glzk/T","Installation","en_US","Jim Matthews","0052X00000AcWfGQAV","0C52X000000TTU9SAO","0Hv2X000000YEesSAG","2019-03-19 10:34:00","SRS-154",1
"false","FSL Skill",,"janice@example.com","false","0Hn2X000000cXJvSAM","Field Service Lightning User","jgonzales.zzl55mfkopfe.egcdjrfh0dkh@summer20-sd.sdo","Break-Fix","false","0052X00000AcWf4QAF","https://sdhaese-20200728-demo--c.documentforce.com/profilephoto/7292X000000glzY/T","Break_Fix","en_US","Janice Gonzales","0052X00000AcWf4QAF","0C52X000000TTU6SAO","0Hv2X000000YEetSAG","2017-03-03 16:47:00","SRS-155",1
"false","FSL Skill",,"janice@example.com","false","0Hn2X000000cXJvSAM","Field Service Lightning User","jgonzales.zzl55mfkopfe.egcdjrfh0dkh@summer20-sd.sdo","Field Connect","false","0052X00000AcWf4QAF","https://sdhaese-20200728-demo--c.documentforce.com/profilephoto/7292X000000glzY/T","Field_Connect","en_US","Janice Gonzales","0052X00000AcWf4QAF","0C52X000000TTU7SAO","0Hv2X000000YEeuSAG","2016-11-19 08:44:00","SRS-156",9
"false","FSL Skill",,"janice@example.com","false","0Hn2X000000cXJvSAM","Field Service Lightning User","jgonzales.zzl55mfkopfe.egcdjrfh0dkh@summer20-sd.sdo","Field Upgrade","false","0052X00000AcWf4QAF","https://sdhaese-20200728-demo--c.documentforce.com/profilephoto/7292X000000glzY/T","Field_Upgrade","en_US","Janice Gonzales","0052X00000AcWf4QAF","0C52X000000TTU8SAO","0Hv2X000000YEevSAG","2016-11-19 08:44:00","SRS-157",7
"false","FSL Skill",,"janice@example.com","false","0Hn2X000000cXJvSAM","Field Service Lightning User","jgonzales.zzl55mfkopfe.egcdjrfh0dkh@summer20-sd.sdo","Installation","false","0052X00000AcWf4QAF","https://sdhaese-20200728-demo--c.documentforce.com/profilephoto/7292X000000glzY/T","Installation","en_US","Janice Gonzales","0052X00000AcWf4QAF","0C52X000000TTU9SAO","0Hv2X000000YEewSAG","2019-03-19 10:34:00","SRS-158",1
"false","FSL Skill",,"james@example.com","false","0Hn2X000000cXJkSAM","Field Service Lightning User","james.clifton.rn02fiqpyqkf.yoa7vwhqfhdh@summer20-sd.sdo","Break-Fix","false","0052X00000AcWfEQAV","https://sdhaese-20200728-demo--c.documentforce.com/profilephoto/7292X000000glzi/T","Break_Fix","en_US","James Clifton","0052X00000AcWfEQAV","0C52X000000TTU6SAO","0Hv2X000000YEexSAG","2017-03-03 16:47:00","SRS-159",1
"false","FSL Skill",,"james@example.com","false","0Hn2X000000cXJkSAM","Field Service Lightning User","james.clifton.rn02fiqpyqkf.yoa7vwhqfhdh@summer20-sd.sdo","Field Connect","false","0052X00000AcWfEQAV","https://sdhaese-20200728-demo--c.documentforce.com/profilephoto/7292X000000glzi/T","Field_Connect","en_US","James Clifton","0052X00000AcWfEQAV","0C52X000000TTU7SAO","0Hv2X000000YEeySAG","2016-11-19 09:08:00","SRS-160",4
"false","FSL Skill",,"james@example.com","false","0Hn2X000000cXJkSAM","Field Service Lightning User","james.clifton.rn02fiqpyqkf.yoa7vwhqfhdh@summer20-sd.sdo","Field Upgrade","false","0052X00000AcWfEQAV","https://sdhaese-20200728-demo--c.documentforce.com/profilephoto/7292X000000glzi/T","Field_Upgrade","en_US","James Clifton","0052X00000AcWfEQAV","0C52X000000TTU8SAO","0Hv2X000000YEezSAG","2016-11-19 09:08:00","SRS-161",7
"false","FSL Skill",,"james@example.com","false","0Hn2X000000cXJkSAM","Field Service Lightning User","james.clifton.rn02fiqpyqkf.yoa7vwhqfhdh@summer20-sd.sdo","Installation","false","0052X00000AcWfEQAV","https://sdhaese-20200728-demo--c.documentforce.com/profilephoto/7292X000000glzi/T","Installation","en_US","James Clifton","0052X00000AcWfEQAV","0C52X000000TTU9SAO","0Hv2X000000YEf0SAG","2019-03-19 10:35:00","SRS-162",1
"false","FSL Skill",,"xavier.acme@example.com","false","0Hn2X000000cXJXSA2","Field Service Lightning User","xacme.5bcjxzejn6jg.fnbfyu2cajac@summer20-sd.sdo","Break-Fix","false","0052X00000AcWbMQAV","https://sdhaese-20200728-demo--c.documentforce.com/profilephoto/7292X000000glyA/T","Break_Fix","en_US","Xavier Acme","0052X00000AcWbMQAV","0C52X000000TTU6SAO","0Hv2X000000YEf1SAG","2017-08-12 15:05:00","SRS-101",1
"false","FSL Skill",,"xavier.acme@example.com","false","0Hn2X000000cXJXSA2","Field Service Lightning User","xacme.5bcjxzejn6jg.fnbfyu2cajac@summer20-sd.sdo","Field Connect","false","0052X00000AcWbMQAV","https://sdhaese-20200728-demo--c.documentforce.com/profilephoto/7292X000000glyA/T","Field_Connect","en_US","Xavier Acme","0052X00000AcWbMQAV","0C52X000000TTU7SAO","0Hv2X000000YEf2SAG","2017-08-12 15:05:00","SRS-102",1
"false","FSL Skill",,"xavier.acme@example.com","false","0Hn2X000000cXJXSA2","Field Service Lightning User","xacme.5bcjxzejn6jg.fnbfyu2cajac@summer20-sd.sdo","Field Upgrade","false","0052X00000AcWbMQAV","https://sdhaese-20200728-demo--c.documentforce.com/profilephoto/7292X000000glyA/T","Field_Upgrade","en_US","Xavier Acme","0052X00000AcWbMQAV","0C52X000000TTU8SAO","0Hv2X000000YEf3SAG","2017-08-12 15:05:00","SRS-103",1
"false","FSL Skill",,"zach.acme@example.com","false","0Hn2X000000cXJZSA2","Field Service Lightning User","zacme.sbcwndsyi8l0.4xsdxkrtomxb@summer20-sd.sdo","Break-Fix","false","0052X00000AcWbOQAV","https://sdhaese-20200728-demo--c.documentforce.com/profilephoto/7292X000000glyC/T","Break_Fix","en_US","Zach Acme","0052X00000AcWbOQAV","0C52X000000TTU6SAO","0Hv2X000000YEf4SAG","2017-08-12 15:06:00","SRS-104",1
"false","FSL Skill",,"zach.acme@example.com","false","0Hn2X000000cXJZSA2","Field Service Lightning User","zacme.sbcwndsyi8l0.4xsdxkrtomxb@summer20-sd.sdo","Field Connect","false","0052X00000AcWbOQAV","https://sdhaese-20200728-demo--c.documentforce.com/profilephoto/7292X000000glyC/T","Field_Connect","en_US","Zach Acme","0052X00000AcWbOQAV","0C52X000000TTU7SAO","0Hv2X000000YEf5SAG","2017-08-12 15:06:00","SRS-105",1
"false","FSL Skill",,"zach.acme@example.com","false","0Hn2X000000cXJZSA2","Field Service Lightning User","zacme.sbcwndsyi8l0.4xsdxkrtomxb@summer20-sd.sdo","Field Upgrade","false","0052X00000AcWbOQAV","https://sdhaese-20200728-demo--c.documentforce.com/profilephoto/7292X000000glyC/T","Field_Upgrade","en_US","Zach Acme","0052X00000AcWbOQAV","0C52X000000TTU8SAO","0Hv2X000000YEf6SAG","2017-08-12 15:06:00","SRS-106",1
"false","FSL Skill",,"yvette.acme@example.com","false","0Hn2X000000cXJYSA2","Field Service Lightning User","yacme.oze9gpstgais.q6hrsonkeajz@summer20-sd.sdo","Break-Fix","false","0052X00000AcWbNQAV","https://sdhaese-20200728-demo--c.documentforce.com/profilephoto/7292X000000glyB/T","Break_Fix","en_US","Yvette Acme","0052X00000AcWbNQAV","0C52X000000TTU6SAO","0Hv2X000000YEf7SAG","2017-08-12 15:06:00","SRS-107",1
"false","FSL Skill",,"yvette.acme@example.com","false","0Hn2X000000cXJYSA2","Field Service Lightning User","yacme.oze9gpstgais.q6hrsonkeajz@summer20-sd.sdo","Field Connect","false","0052X00000AcWbNQAV","https://sdhaese-20200728-demo--c.documentforce.com/profilephoto/7292X000000glyB/T","Field_Connect","en_US","Yvette Acme","0052X00000AcWbNQAV","0C52X000000TTU7SAO","0Hv2X000000YEf8SAG","2017-08-12 15:06:00","SRS-108",1
"false","FSL Skill",,"yvette.acme@example.com","false","0Hn2X000000cXJYSA2","Field Service Lightning User","yacme.oze9gpstgais.q6hrsonkeajz@summer20-sd.sdo","Field Upgrade","false","0052X00000AcWbNQAV","https://sdhaese-20200728-demo--c.documentforce.com/profilephoto/7292X000000glyB/T","Field_Upgrade","en_US","Yvette Acme","0052X00000AcWbNQAV","0C52X000000TTU8SAO","0Hv2X000000YEf9SAG","2017-08-12 15:06:00","SRS-109",1
"false","FSL Skill",,"louise@example.com","false","0Hn2X000000cXJfSAM","Field Service Lightning User","lmartin.dbn8dlntwgyg.kdxjufnirunn@summer20-sd.sdo","Break-Fix","false","0052X00000AcWf5QAF","https://sdhaese-20200728-demo--c.documentforce.com/profilephoto/7292X000000glzZ/T","Break_Fix","en_US","Louise Martin","0052X00000AcWf5QAF","0C52X000000TTU6SAO","0Hv2X000000YEfASAW","2017-03-03 16:47:00","SRS-110",1
"false","FSL Skill",,"louise@example.com","false","0Hn2X000000cXJfSAM","Field Service Lightning User","lmartin.dbn8dlntwgyg.kdxjufnirunn@summer20-sd.sdo","Field Connect","false","0052X00000AcWf5QAF","https://sdhaese-20200728-demo--c.documentforce.com/profilephoto/7292X000000glzZ/T","Field_Connect","en_US","Louise Martin","0052X00000AcWf5QAF","0C52X000000TTU7SAO","0Hv2X000000YEfBSAW","2016-11-19 08:44:00","SRS-111",6
"false","FSL Skill",,"louise@example.com","false","0Hn2X000000cXJfSAM","Field Service Lightning User","lmartin.dbn8dlntwgyg.kdxjufnirunn@summer20-sd.sdo","Field Upgrade","false","0052X00000AcWf5QAF","https://sdhaese-20200728-demo--c.documentforce.com/profilephoto/7292X000000glzZ/T","Field_Upgrade","en_US","Louise Martin","0052X00000AcWf5QAF","0C52X000000TTU8SAO","0Hv2X000000YEfCSAW","2016-11-19 08:44:00","SRS-112",7
"false","FSL Skill",,"louise@example.com","false","0Hn2X000000cXJfSAM","Field Service Lightning User","lmartin.dbn8dlntwgyg.kdxjufnirunn@summer20-sd.sdo","Installation","false","0052X00000AcWf5QAF","https://sdhaese-20200728-demo--c.documentforce.com/profilephoto/7292X000000glzZ/T","Installation","en_US","Louise Martin","0052X00000AcWf5QAF","0C52X000000TTU9SAO","0Hv2X000000YEfDSAW","2017-03-08 19:13:00","SRS-113",1
"false","FSL Skill",,"alexander@example.com","false","0Hn2X000000cXJbSAM","Field Service Lightning User","araneri.9kbstb8d1vbh.cgg2gn66guqs@summer20-sd.sdo","Break-Fix","false","0052X00000AcWfCQAV","https://sdhaese-20200728-demo--c.documentforce.com/profilephoto/7292X000000glzg/T","Break_Fix","en_US","Alexander Raneri","0052X00000AcWfCQAV","0C52X000000TTU6SAO","0Hv2X000000YEfESAW","2017-03-03 16:46:00","SRS-114",1
"false","FSL Skill",,"alexander@example.com","false","0Hn2X000000cXJbSAM","Field Service Lightning User","araneri.9kbstb8d1vbh.cgg2gn66guqs@summer20-sd.sdo","Field Connect","false","0052X00000AcWfCQAV","https://sdhaese-20200728-demo--c.documentforce.com/profilephoto/7292X000000glzg/T","Field_Connect","en_US","Alexander Raneri","0052X00000AcWfCQAV","0C52X000000TTU7SAO","0Hv2X000000YEfFSAW","2016-11-19 08:44:00","SRS-115",3
"false","FSL Skill",,"alexander@example.com","false","0Hn2X000000cXJbSAM","Field Service Lightning User","araneri.9kbstb8d1vbh.cgg2gn66guqs@summer20-sd.sdo","Field Upgrade","false","0052X00000AcWfCQAV","https://sdhaese-20200728-demo--c.documentforce.com/profilephoto/7292X000000glzg/T","Field_Upgrade","en_US","Alexander Raneri","0052X00000AcWfCQAV","0C52X000000TTU8SAO","0Hv2X000000YEfGSAW","2016-11-19 08:44:00","SRS-116",7
"false","FSL Skill",,"alexander@example.com","false","0Hn2X000000cXJbSAM","Field Service Lightning User","araneri.9kbstb8d1vbh.cgg2gn66guqs@summer20-sd.sdo","Installation","false","0052X00000AcWfCQAV","https://sdhaese-20200728-demo--c.documentforce.com/profilephoto/7292X000000glzg/T","Installation","en_US","Alexander Raneri","0052X00000AcWfCQAV","0C52X000000TTU9SAO","0Hv2X000000YEfHSAW","2017-03-08 19:13:00","SRS-117",1
"false","FSL Skill",,"jane@example.com","false","0Hn2X000000cXJeSAM","Field Service Lightning User","jaustin.lmoenp9rdius.bdhhet6tx1sm@summer20-sd.sdo","Break-Fix","false","0052X00000AcWf8QAF","https://sdhaese-20200728-demo--c.documentforce.com/profilephoto/7292X000000glzc/T","Break_Fix","en_US","Jane Austin","0052X00000AcWf8QAF","0C52X000000TTU6SAO","0Hv2X000000YEfISAW","2017-03-03 16:47:00","SRS-118",1
"false","FSL Skill",,"jane@example.com","false","0Hn2X000000cXJeSAM","Field Service Lightning User","jaustin.lmoenp9rdius.bdhhet6tx1sm@summer20-sd.sdo","Field Connect","false","0052X00000AcWf8QAF","https://sdhaese-20200728-demo--c.documentforce.com/profilephoto/7292X000000glzc/T","Field_Connect","en_US","Jane Austin","0052X00000AcWf8QAF","0C52X000000TTU7SAO","0Hv2X000000YEfJSAW","2016-11-19 08:44:00","SRS-119",1
"false","FSL Skill",,"jane@example.com","false","0Hn2X000000cXJeSAM","Field Service Lightning User","jaustin.lmoenp9rdius.bdhhet6tx1sm@summer20-sd.sdo","Field Upgrade","false","0052X00000AcWf8QAF","https://sdhaese-20200728-demo--c.documentforce.com/profilephoto/7292X000000glzc/T","Field_Upgrade","en_US","Jane Austin","0052X00000AcWf8QAF","0C52X000000TTU8SAO","0Hv2X000000YEfKSAW","2016-11-19 08:44:00","SRS-120",5
"false","FSL Skill",,"jane@example.com","false","0Hn2X000000cXJeSAM","Field Service Lightning User","jaustin.lmoenp9rdius.bdhhet6tx1sm@summer20-sd.sdo","Installation","false","0052X00000AcWf8QAF","https://sdhaese-20200728-demo--c.documentforce.com/profilephoto/7292X000000glzc/T","Installation","en_US","Jane Austin","0052X00000AcWf8QAF","0C52X000000TTU9SAO","0Hv2X000000YEfLSAW","2017-03-08 19:13:00","SRS-121",1
"false","FSL Skill",,"ralph@example.com","false","0Hn2X000000cXJhSAM","Field Service Lightning User","rclark.wb8wmuppcmjy.4g8fglbhrqpy@summer20-sd.sdo","Break-Fix","false","0052X00000AcWf6QAF","https://sdhaese-20200728-demo--c.documentforce.com/profilephoto/7292X000000glza/T","Break_Fix","en_US","Ralph Clark","0052X00000AcWf6QAF","0C52X000000TTU6SAO","0Hv2X000000YEfMSAW","2017-03-03 16:48:00","SRS-122",1
"false","FSL Skill",,"ralph@example.com","false","0Hn2X000000cXJhSAM","Field Service Lightning User","rclark.wb8wmuppcmjy.4g8fglbhrqpy@summer20-sd.sdo","Field Connect","false","0052X00000AcWf6QAF","https://sdhaese-20200728-demo--c.documentforce.com/profilephoto/7292X000000glza/T","Field_Connect","en_US","Ralph Clark","0052X00000AcWf6QAF","0C52X000000TTU7SAO","0Hv2X000000YEfNSAW","2016-11-19 08:44:00","SRS-123",2
"false","FSL Skill",,"ralph@example.com","false","0Hn2X000000cXJhSAM","Field Service Lightning User","rclark.wb8wmuppcmjy.4g8fglbhrqpy@summer20-sd.sdo","Field Upgrade","false","0052X00000AcWf6QAF","https://sdhaese-20200728-demo--c.documentforce.com/profilephoto/7292X000000glza/T","Field_Upgrade","en_US","Ralph Clark","0052X00000AcWf6QAF","0C52X000000TTU8SAO","0Hv2X000000YEfOSAW","2016-11-19 08:44:00","SRS-124",4
"false","FSL Skill",,"ralph@example.com","false","0Hn2X000000cXJhSAM","Field Service Lightning User","rclark.wb8wmuppcmjy.4g8fglbhrqpy@summer20-sd.sdo","Installation","false","0052X00000AcWf6QAF","https://sdhaese-20200728-demo--c.documentforce.com/profilephoto/7292X000000glza/T","Installation","en_US","Ralph Clark","0052X00000AcWf6QAF","0C52X000000TTU9SAO","0Hv2X000000YEfPSAW","2017-03-08 19:13:00","SRS-125",1
"false","FSL Skill",,"sdhaese@salesforce.com","false","0Hn2X000000cXJaSAM","Field Service Lightning User","areed@summer20-sd.sdo","Break-Fix","false","0052X00000AcWf7QAF","https://sdhaese-20200728-demo--c.documentforce.com/profilephoto/7292X000000glzb/T","Break_Fix","en_US","Alan Reed","0052X00000AcWf7QAF","0C52X000000TTU6SAO","0Hv2X000000YEfQSAW","2017-03-03 16:46:00","SRS-126",1
"false","FSL Skill",,"sdhaese@salesforce.com","false","0Hn2X000000cXJaSAM","Field Service Lightning User","areed@summer20-sd.sdo","Field Connect","false","0052X00000AcWf7QAF","https://sdhaese-20200728-demo--c.documentforce.com/profilephoto/7292X000000glzb/T","Field_Connect","en_US","Alan Reed","0052X00000AcWf7QAF","0C52X000000TTU7SAO","0Hv2X000000YEfRSAW","2016-11-19 08:44:00","SRS-127",4
"false","FSL Skill",,"sdhaese@salesforce.com","false","0Hn2X000000cXJaSAM","Field Service Lightning User","areed@summer20-sd.sdo","Field Upgrade","false","0052X00000AcWf7QAF","https://sdhaese-20200728-demo--c.documentforce.com/profilephoto/7292X000000glzb/T","Field_Upgrade","en_US","Alan Reed","0052X00000AcWf7QAF","0C52X000000TTU8SAO","0Hv2X000000YEfSSAW","2016-11-19 08:44:00","SRS-128",9
"false","FSL Skill",,"sdhaese@salesforce.com","false","0Hn2X000000cXJaSAM","Field Service Lightning User","areed@summer20-sd.sdo","Installation","false","0052X00000AcWf7QAF","https://sdhaese-20200728-demo--c.documentforce.com/profilephoto/7292X000000glzb/T","Installation","en_US","Alan Reed","0052X00000AcWf7QAF","0C52X000000TTU9SAO","0Hv2X000000YEfTSAW","2017-03-08 19:14:00","SRS-129",1
"false","FSL Skill",,,"false","0Hn2X000000cXJuSAM","Field Service Lightning User",,"Installation","false",,,"Installation","en_US",,,"0C52X000000TTU9SAO","0Hv2X000000YEfUSAW","2018-02-22 14:01:00","SRS-130",1
"false","FSL Skill",,"acme.dispatcher@example.com","true","0Hn2X000000cXJiSAM","Field Service Lightning User","adispatcher.xemwwl1fo7f6.9ryq6ewejtwx@summer20-sd.sdo","Break-Fix","false","0052X00000AcWbLQAV","https://sdhaese-20200728-demo--c.documentforce.com/profilephoto/7292X000000gly9/T","Break_Fix","en_US","Acme Dispatcher","0052X00000AcWbLQAV","0C52X000000TTU6SAO","0Hv2X000000YEfVSAW","2017-03-03 16:46:00","SRS-41",1
"false","FSL Skill",,"acme.dispatcher@example.com","true","0Hn2X000000cXJiSAM","Field Service Lightning User","adispatcher.xemwwl1fo7f6.9ryq6ewejtwx@summer20-sd.sdo","Field Connect","false","0052X00000AcWbLQAV","https://sdhaese-20200728-demo--c.documentforce.com/profilephoto/7292X000000gly9/T","Field_Connect","en_US","Acme Dispatcher","0052X00000AcWbLQAV","0C52X000000TTU7SAO","0Hv2X000000YEfWSAW","2016-11-19 09:08:00","SRS-42",8
"false","FSL Skill",,"acme.dispatcher@example.com","true","0Hn2X000000cXJiSAM","Field Service Lightning User","adispatcher.xemwwl1fo7f6.9ryq6ewejtwx@summer20-sd.sdo","Field Upgrade","false","0052X00000AcWbLQAV","https://sdhaese-20200728-demo--c.documentforce.com/profilephoto/7292X000000gly9/T","Field_Upgrade","en_US","Acme Dispatcher","0052X00000AcWbLQAV","0C52X000000TTU8SAO","0Hv2X000000YEfXSAW","2016-11-19 09:08:00","SRS-43",1
"false","FSL Skill",,"gloria@example.com","false","0Hn2X000000cXJcSAM","Field Service Lightning User","gbarnes.ia8mwmert8cl.zgovalc3bhpe@summer20-sd.sdo","Break-Fix","false","0052X00000AcWf9QAF","https://sdhaese-20200728-demo--c.documentforce.com/profilephoto/7292X000000glzd/T","Break_Fix","en_US","Gloria Barnes","0052X00000AcWf9QAF","0C52X000000TTU6SAO","0Hv2X000000YEfYSAW","2017-03-03 16:46:00","SRS-53",1
"false","FSL Skill",,"gloria@example.com","false","0Hn2X000000cXJcSAM","Field Service Lightning User","gbarnes.ia8mwmert8cl.zgovalc3bhpe@summer20-sd.sdo","Field Connect","false","0052X00000AcWf9QAF","https://sdhaese-20200728-demo--c.documentforce.com/profilephoto/7292X000000glzd/T","Field_Connect","en_US","Gloria Barnes","0052X00000AcWf9QAF","0C52X000000TTU7SAO","0Hv2X000000YEfZSAW","2016-11-19 08:44:00","SRS-54",1
"false","FSL Skill",,"gloria@example.com","false","0Hn2X000000cXJcSAM","Field Service Lightning User","gbarnes.ia8mwmert8cl.zgovalc3bhpe@summer20-sd.sdo","Field Upgrade","false","0052X00000AcWf9QAF","https://sdhaese-20200728-demo--c.documentforce.com/profilephoto/7292X000000glzd/T","Field_Upgrade","en_US","Gloria Barnes","0052X00000AcWf9QAF","0C52X000000TTU8SAO","0Hv2X000000YEfaSAG","2016-11-19 08:44:00","SRS-55",6
"false","FSL Skill",,"harry@example.com","false","0Hn2X000000cXJdSAM","Field Service Lightning User","hlong.hqfhv5v1y42y.b6k7b4zwic9w@summer20-sd.sdo","Break-Fix","false","0052X00000AcWfAQAV","https://sdhaese-20200728-demo--c.documentforce.com/profilephoto/7292X000000glze/T","Break_Fix","en_US","Harry Long","0052X00000AcWfAQAV","0C52X000000TTU6SAO","0Hv2X000000YEfbSAG","2017-03-03 16:46:00","SRS-56",1
"false","FSL Skill",,"harry@example.com","false","0Hn2X000000cXJdSAM","Field Service Lightning User","hlong.hqfhv5v1y42y.b6k7b4zwic9w@summer20-sd.sdo","Field Connect","false","0052X00000AcWfAQAV","https://sdhaese-20200728-demo--c.documentforce.com/profilephoto/7292X000000glze/T","Field_Connect","en_US","Harry Long","0052X00000AcWfAQAV","0C52X000000TTU7SAO","0Hv2X000000YEfcSAG","2016-11-19 08:44:00","SRS-57",1
"false","FSL Skill",,"harry@example.com","false","0Hn2X000000cXJdSAM","Field Service Lightning User","hlong.hqfhv5v1y42y.b6k7b4zwic9w@summer20-sd.sdo","Field Upgrade","false","0052X00000AcWfAQAV","https://sdhaese-20200728-demo--c.documentforce.com/profilephoto/7292X000000glze/T","Field_Upgrade","en_US","Harry Long","0052X00000AcWfAQAV","0C52X000000TTU8SAO","0Hv2X000000YEfdSAG","2016-11-19 08:44:00","SRS-58",6
"false","FSL Skill",,"janet@example.com","false","0Hn2X000000cXJlSAM","Field Service Lightning User","jjones.bguc2dzrc4jf.jgzmrjxztvcu@summer20-sd.sdo","Break-Fix","false","0052X00000AcWfFQAV","https://sdhaese-20200728-demo--c.documentforce.com/profilephoto/7292X000000glzj/T","Break_Fix","en_US","Janet Jones","0052X00000AcWfFQAV","0C52X000000TTU6SAO","0Hv2X000000YEfeSAG","2017-03-03 16:47:00","SRS-65",1
"false","FSL Skill",,"janet@example.com","false","0Hn2X000000cXJlSAM","Field Service Lightning User","jjones.bguc2dzrc4jf.jgzmrjxztvcu@summer20-sd.sdo","Field Connect","false","0052X00000AcWfFQAV","https://sdhaese-20200728-demo--c.documentforce.com/profilephoto/7292X000000glzj/T","Field_Connect","en_US","Janet Jones","0052X00000AcWfFQAV","0C52X000000TTU7SAO","0Hv2X000000YEffSAG","2016-11-19 09:08:00","SRS-66",2
"false","FSL Skill",,"janet@example.com","false","0Hn2X000000cXJlSAM","Field Service Lightning User","jjones.bguc2dzrc4jf.jgzmrjxztvcu@summer20-sd.sdo","Field Upgrade","false","0052X00000AcWfFQAV","https://sdhaese-20200728-demo--c.documentforce.com/profilephoto/7292X000000glzj/T","Field_Upgrade","en_US","Janet Jones","0052X00000AcWfFQAV","0C52X000000TTU8SAO","0Hv2X000000YEfgSAG","2016-11-19 09:08:00","SRS-67",2
"false","FSL Skill",,"melissa@example.com","false","0Hn2X000000cXJqSAM","Field Service Lightning User","mwood.fnyz6gf3zfmp.dwllsqauhrix@summer20-sd.sdo","Break-Fix","false","0052X00000AcWfKQAV","https://sdhaese-20200728-demo--c.documentforce.com/profilephoto/7292X000000glzo/T","Break_Fix","en_US","Melissa Wood","0052X00000AcWfKQAV","0C52X000000TTU6SAO","0Hv2X000000YEfhSAG","2017-03-03 16:48:00","SRS-89",1
"false","FSL Skill",,"melissa@example.com","false","0Hn2X000000cXJqSAM","Field Service Lightning User","mwood.fnyz6gf3zfmp.dwllsqauhrix@summer20-sd.sdo","Field Connect","false","0052X00000AcWfKQAV","https://sdhaese-20200728-demo--c.documentforce.com/profilephoto/7292X000000glzo/T","Field_Connect","en_US","Melissa Wood","0052X00000AcWfKQAV","0C52X000000TTU7SAO","0Hv2X000000YEfiSAG","2016-11-19 09:08:00","SRS-90",8
"false","FSL Skill",,"matthew@example.com","false","0Hn2X000000cXJgSAM","Field Service Lightning User","mparker.9l8oeoib8xer.tp3gioocijgm@summer20-sd.sdo","Break-Fix","false","0052X00000AcWfBQAV","https://sdhaese-20200728-demo--c.documentforce.com/profilephoto/7292X000000glzf/T","Break_Fix","en_US","Matthew Parker","0052X00000AcWfBQAV","0C52X000000TTU6SAO","0Hv2X000000YEfjSAG","2017-03-03 16:48:00","SRS-86",1
"false","FSL Skill",,"matthew@example.com","false","0Hn2X000000cXJgSAM","Field Service Lightning User","mparker.9l8oeoib8xer.tp3gioocijgm@summer20-sd.sdo","Field Connect","false","0052X00000AcWfBQAV","https://sdhaese-20200728-demo--c.documentforce.com/profilephoto/7292X000000glzf/T","Field_Connect","en_US","Matthew Parker","0052X00000AcWfBQAV","0C52X000000TTU7SAO","0Hv2X000000YEfkSAG","2016-11-19 08:44:00","SRS-87",8
"false","FSL Skill",,"matthew@example.com","false","0Hn2X000000cXJgSAM","Field Service Lightning User","mparker.9l8oeoib8xer.tp3gioocijgm@summer20-sd.sdo","Field Upgrade","false","0052X00000AcWfBQAV","https://sdhaese-20200728-demo--c.documentforce.com/profilephoto/7292X000000glzf/T","Field_Upgrade","en_US","Matthew Parker","0052X00000AcWfBQAV","0C52X000000TTU8SAO","0Hv2X000000YEflSAG","2016-11-19 08:44:00","SRS-88",5
"false","FSL Skill",,"melissa@example.com","false","0Hn2X000000cXJqSAM","Field Service Lightning User","mwood.fnyz6gf3zfmp.dwllsqauhrix@summer20-sd.sdo","Field Upgrade","false","0052X00000AcWfKQAV","https://sdhaese-20200728-demo--c.documentforce.com/profilephoto/7292X000000glzo/T","Field_Upgrade","en_US","Melissa Wood","0052X00000AcWfKQAV","0C52X000000TTU8SAO","0Hv2X000000YEfmSAG","2016-11-19 09:08:00","SRS-91",4
"false","FSL Skill",,"paul@example.com","false","0Hn2X000000cXJsSAM","Field Service Lightning User","pmorrison.uktxnke4gyfy.ffg7sh3fmbtl@summer20-sd.sdo","Break-Fix","false","0052X00000AcWfMQAV","https://sdhaese-20200728-demo--c.documentforce.com/profilephoto/7292X000000glzq/T","Break_Fix","en_US","Paul Morrison","0052X00000AcWfMQAV","0C52X000000TTU6SAO","0Hv2X000000YEfnSAG","2017-03-03 16:48:00","SRS-95",1
"false","FSL Skill",,"paul@example.com","false","0Hn2X000000cXJsSAM","Field Service Lightning User","pmorrison.uktxnke4gyfy.ffg7sh3fmbtl@summer20-sd.sdo","Field Connect","false","0052X00000AcWfMQAV","https://sdhaese-20200728-demo--c.documentforce.com/profilephoto/7292X000000glzq/T","Field_Connect","en_US","Paul Morrison","0052X00000AcWfMQAV","0C52X000000TTU7SAO","0Hv2X000000YEfoSAG","2016-11-19 09:08:00","SRS-96",1
"false","FSL Skill",,"paul@example.com","false","0Hn2X000000cXJsSAM","Field Service Lightning User","pmorrison.uktxnke4gyfy.ffg7sh3fmbtl@summer20-sd.sdo","Field Upgrade","false","0052X00000AcWfMQAV","https://sdhaese-20200728-demo--c.documentforce.com/profilephoto/7292X000000glzq/T","Field_Upgrade","en_US","Paul Morrison","0052X00000AcWfMQAV","0C52X000000TTU8SAO","0Hv2X000000YEfpSAG","2016-11-19 09:08:00","SRS-97",5
"false",,,"sdhaese@salesforce.com","false","0Hn2X000000cXKBSA2",,"sdhaese@summer20-sd.sdo","Billing and Accounts","false","0052X00000AO0g8QAD","https://sdhaese-20200728-demo--c.documentforce.com/profilephoto/7292X000000glxO/T","Billing_and_Accounts","en_US","Siegbert D'Haese","0052X00000AO0g8QAD","0C52X000000TTU4SAO","0Hv2X000000YEfqSAG","2020-01-31 11:17:00","SRS-239",1
"false",,,"sdhaese@salesforce.com","false","0Hn2X000000cXKBSA2",,"sdhaese@summer20-sd.sdo","Customer Service","false","0052X00000AO0g8QAD","https://sdhaese-20200728-demo--c.documentforce.com/profilephoto/7292X000000glxO/T","Generalist_Agents","en_US","Siegbert D'Haese","0052X00000AO0g8QAD","0C52X000000TTU0SAO","0Hv2X000000YEfrSAG","2020-01-31 11:17:00","SRS-240",1
"false",,,"sdhaese@salesforce.com","false","0Hn2X000000cXKBSA2",,"sdhaese@summer20-sd.sdo","English","false","0052X00000AO0g8QAD","https://sdhaese-20200728-demo--c.documentforce.com/profilephoto/7292X000000glxO/T","English","en_US","Siegbert D'Haese","0052X00000AO0g8QAD","0C52X000000TTU1SAO","0Hv2X000000YEfsSAG","2020-01-31 11:17:00","SRS-241",1
"false",,,"sdhaese@salesforce.com","false","0Hn2X000000cXKBSA2",,"sdhaese@summer20-sd.sdo","French","false","0052X00000AO0g8QAD","https://sdhaese-20200728-demo--c.documentforce.com/profilephoto/7292X000000glxO/T","French","en_US","Siegbert D'Haese","0052X00000AO0g8QAD","0C52X000000TTUESA4","0Hv2X000000YEftSAG","2020-01-31 11:17:00","SRS-242",1
"false",,,"sdhaese@salesforce.com","false","0Hn2X000000cXKBSA2",,"sdhaese@summer20-sd.sdo","Social Customer Service","false","0052X00000AO0g8QAD","https://sdhaese-20200728-demo--c.documentforce.com/profilephoto/7292X000000glxO/T","Social_Customer_Service","en_US","Siegbert D'Haese","0052X00000AO0g8QAD","0C52X000000TTUFSA4","0Hv2X000000YEfuSAG","2020-01-31 11:17:00","SRS-243",1
"false","LS Skill",,"sdhaese@salesforce.com","false","0Hn2X000000cXKBSA2",,"sdhaese@summer20-sd.sdo","Turbine Maintenance","false","0052X00000AO0g8QAD","https://sdhaese-20200728-demo--c.documentforce.com/profilephoto/7292X000000glxO/T","Turbine_Maintenance","en_US","Siegbert D'Haese","0052X00000AO0g8QAD","0C52X000000TTTvSAO","0Hv2X000000YEfvSAG","2020-01-31 11:17:00","SRS-244",1
"false",,,"tservice@example.com","false","0Hn2X000000cXKCSA2",,"tservice.aly0ti5okcxf.0vegobufki6m@summer20-sd.sdo","Customer Service","false","0052X00000AcWatQAF","https://sdhaese-20200728-demo--c.documentforce.com/profilephoto/7292X000000gly0/T","Generalist_Agents","en_US","Tim Service","0052X00000AcWatQAF","0C52X000000TTU0SAO","0Hv2X000000YEfwSAG","2020-01-31 12:27:00","SRS-245",1
"false",,,"tservice@example.com","false","0Hn2X000000cXKCSA2",,"tservice.aly0ti5okcxf.0vegobufki6m@summer20-sd.sdo","English","false","0052X00000AcWatQAF","https://sdhaese-20200728-demo--c.documentforce.com/profilephoto/7292X000000gly0/T","English","en_US","Tim Service","0052X00000AcWatQAF","0C52X000000TTU1SAO","0Hv2X000000YEfxSAG","2020-01-31 12:27:00","SRS-246",1