"Skill_IsDeleted","IsDeleted","Skill_Description","WorkType_Name","Skill_DeveloperName","Skill_Language","SkillId","Id","RelatedRecordId","SkillNumber","Skill_MasterLabel","SkillLevel"
"false","false","LS Skill","Maintenance Training (In a Center)","Turbine_Maintenance","en_US","0C52X000000TTTvSAO","0Hx2X000000cjPZSAY","08q2X000000cU8GQAU","SREQ-411","Turbine Maintenance",0
"false","false","LS Skill","Maintenance Training (Virtual)","Turbine_Maintenance","en_US","0C52X000000TTTvSAO","0Hx2X000000cjPaSAI","08q2X000000cU8NQAU","SREQ-412","Turbine Maintenance",0
"false","false","LS Skill","Safety Training (In a Center)","Saftey_Training","en_US","0C52X000000TTTrSAO","0Hx2X000000cjPbSAI","08q2X000000cU8FQAU","SREQ-413","Saftey Training",0
"false","false","LS Skill","Safety Training (Virtual)","Saftey_Training","en_US","0C52X000000TTTrSAO","0Hx2X000000cjPcSAI","08q2X000000cU8LQAU","SREQ-414","Saftey Training",0
"false","false","LS Skill","Troubleshooting Turbines (In a Center)","Turbine_Maintenance","en_US","0C52X000000TTTvSAO","0Hx2X000000cjPdSAI","08q2X000000cU8IQAU","SREQ-415","Turbine Maintenance",0
"false","false","LS Skill","Troubleshooting Turbines (In a Center)","Mechanical_Failures","en_US","0C52X000000TTTxSAO","0Hx2X000000cjPeSAI","08q2X000000cU8IQAU","SREQ-416","Mechanical Failures",0
"false","false","LS Skill","Troubleshooting Turbines (In a Center)","Hydraulic_Failures","en_US","0C52X000000TTTySAO","0Hx2X000000cjPfSAI","08q2X000000cU8IQAU","SREQ-417","Hydraulic Failures",0
"false","false","LS Skill","Troubleshooting Turbines (In a Center)","Electrical_Failures","en_US","0C52X000000TTTwSAO","0Hx2X000000cjPgSAI","08q2X000000cU8IQAU","SREQ-418","Electrical Failures",0
"false","false","LS Skill","Troubleshooting Turbines (Virtual)","Turbine_Maintenance","en_US","0C52X000000TTTvSAO","0Hx2X000000cjPhSAI","08q2X000000cU8MQAU","SREQ-419","Turbine Maintenance",0
"false","false","LS Skill","Troubleshooting Turbines (Virtual)","Mechanical_Failures","en_US","0C52X000000TTTxSAO","0Hx2X000000cjPiSAI","08q2X000000cU8MQAU","SREQ-420","Mechanical Failures",0
"false","false","LS Skill","Troubleshooting Turbines (Virtual)","Hydraulic_Failures","en_US","0C52X000000TTTySAO","0Hx2X000000cjPjSAI","08q2X000000cU8MQAU","SREQ-421","Hydraulic Failures",0
"false","false","LS Skill","Troubleshooting Turbines (Virtual)","Electrical_Failures","en_US","0C52X000000TTTwSAO","0Hx2X000000cjPkSAI","08q2X000000cU8MQAU","SREQ-422","Electrical Failures",0
"false","false","LS Skill","Turbine and Wind Energy Basics (In a Center)","Turbine_Basic_Usage","en_US","0C52X000000TTTsSAO","0Hx2X000000cjPlSAI","08q2X000000cU8JQAU","SREQ-423","Turbine Basic Usage",0
"false","false","LS Skill","Turbine and Wind Energy Basics (In a Center)","Turbine_Advanced_Usage","en_US","0C52X000000TTTtSAO","0Hx2X000000cjPmSAI","08q2X000000cU8JQAU","SREQ-424","Turbine Advanced Usage",0
"false","false","LS Skill","Turbine and Wind Energy Basics (Virtual)","Turbine_Basic_Usage","en_US","0C52X000000TTTsSAO","0Hx2X000000cjPnSAI","08q2X000000cU8OQAU","SREQ-425","Turbine Basic Usage",0
"false","false","LS Skill","Turbine and Wind Energy Basics (Virtual)","Turbine_Advanced_Usage","en_US","0C52X000000TTTtSAO","0Hx2X000000cjPoSAI","08q2X000000cU8OQAU","SREQ-426","Turbine Advanced Usage",0
"false","false","LS Skill","Turbine Performance (In a Center)","Turbine_Performance","en_US","0C52X000000TTTuSAO","0Hx2X000000cjPpSAI","08q2X000000cU8KQAU","SREQ-427","Turbine Performance",0
"false","false","LS Skill","Turbine Performance (Virtual)","Turbine_Performance","en_US","0C52X000000TTTuSAO","0Hx2X000000cjPqSAI","08q2X000000cU8PQAU","SREQ-428","Turbine Performance",0
"false","false","LS Skill","New Product Training (In a Center)","New_Product_Release_Training","en_US","0C52X000000TTTzSAO","0Hx2X000000cjPrSAI","08q2X000000cU8HQAU","SREQ-429","New Product Release Training",0
"false","false","LS Skill","New Product Training (Virtual)","New_Product_Release_Training","en_US","0C52X000000TTTzSAO","0Hx2X000000cjPsSAI","08q2X000000cU8QQAU","SREQ-430","New Product Release Training",0
"false","false","FSL Skill",,"Break_Fix","en_US","0C52X000000TTU6SAO","0Hx2X000000cjPtSAI","0WO2X000000w8wNWAQ","SREQ-128","Break-Fix",1
"false","false","FSL Skill",,"Break_Fix","en_US","0C52X000000TTU6SAO","0Hx2X000000cjPuSAI","0WO2X000000w8wTWAQ","SREQ-130","Break-Fix",1
"false","false","FSL Skill",,"Break_Fix","en_US","0C52X000000TTU6SAO","0Hx2X000000cjPvSAI","0WO2X000000w8wUWAQ","SREQ-131","Break-Fix",1
"false","false","FSL Skill",,"Break_Fix","en_US","0C52X000000TTU6SAO","0Hx2X000000cjPwSAI","0WO2X000000w8wtWAA","SREQ-136","Break-Fix",1
"false","false","FSL Skill",,"Break_Fix","en_US","0C52X000000TTU6SAO","0Hx2X000000cjPxSAI","0WO2X000000w8wxWAA","SREQ-137","Break-Fix",1
"false","false","FSL Skill",,"Break_Fix","en_US","0C52X000000TTU6SAO","0Hx2X000000cjPySAI","0WO2X000000w8wzWAA","SREQ-138","Break-Fix",1
"false","false","FSL Skill",,"Break_Fix","en_US","0C52X000000TTU6SAO","0Hx2X000000cjPzSAI","0WO2X000000w8x2WAA","SREQ-139","Break-Fix",1
"false","false","FSL Skill",,"Break_Fix","en_US","0C52X000000TTU6SAO","0Hx2X000000cjQ0SAI","0WO2X000000w8xAWAQ","SREQ-143","Break-Fix",1
"false","false","FSL Skill",,"Break_Fix","en_US","0C52X000000TTU6SAO","0Hx2X000000cjQ1SAI","0WO2X000000w8xFWAQ","SREQ-147","Break-Fix",1
"false","false","FSL Skill",,"Break_Fix","en_US","0C52X000000TTU6SAO","0Hx2X000000cjQ2SAI","0WO2X000000w8xGWAQ","SREQ-148","Break-Fix",1
"false","false","FSL Skill",,"Break_Fix","en_US","0C52X000000TTU6SAO","0Hx2X000000cjQ3SAI","0WO2X000000w8xLWAQ","SREQ-149","Break-Fix",1
"false","false","FSL Skill",,"Break_Fix","en_US","0C52X000000TTU6SAO","0Hx2X000000cjQ4SAI","0WO2X000000w8xWWAQ","SREQ-150","Break-Fix",1
"false","false","FSL Skill",,"Break_Fix","en_US","0C52X000000TTU6SAO","0Hx2X000000cjQ5SAI","0WO2X000000w8y7WAA","SREQ-156","Break-Fix",1
"false","false","FSL Skill",,"Break_Fix","en_US","0C52X000000TTU6SAO","0Hx2X000000cjQ6SAI","0WO2X000000w8y9WAA","SREQ-157","Break-Fix",1
"false","false","FSL Skill",,"Break_Fix","en_US","0C52X000000TTU6SAO","0Hx2X000000cjQ7SAI","0WO2X000000w8yHWAQ","SREQ-159","Break-Fix",1
"false","false","FSL Skill",,"Break_Fix","en_US","0C52X000000TTU6SAO","0Hx2X000000cjQ8SAI","0WO2X000000w8yUWAQ","SREQ-167","Break-Fix",1
"false","false","FSL Skill",,"Break_Fix","en_US","0C52X000000TTU6SAO","0Hx2X000000cjQ9SAI","0WO2X000000w8yYWAQ","SREQ-168","Break-Fix",1
"false","false","FSL Skill",,"Break_Fix","en_US","0C52X000000TTU6SAO","0Hx2X000000cjQASAY","0WO2X000000w8yZWAQ","SREQ-169","Break-Fix",1
"false","false","FSL Skill",,"Break_Fix","en_US","0C52X000000TTU6SAO","0Hx2X000000cjQBSAY","0WO2X000000w8ygWAA","SREQ-170","Break-Fix",1
"false","false","FSL Skill",,"Break_Fix","en_US","0C52X000000TTU6SAO","0Hx2X000000cjQCSAY","0WO2X000000w8yoWAA","SREQ-172","Break-Fix",1
"false","false","FSL Skill",,"Break_Fix","en_US","0C52X000000TTU6SAO","0Hx2X000000cjQDSAY","0WO2X000000w8ypWAA","SREQ-173","Break-Fix",1
"false","false","FSL Skill",,"Break_Fix","en_US","0C52X000000TTU6SAO","0Hx2X000000cjQESAY","0WO2X000000w8yyWAA","SREQ-174","Break-Fix",1
"false","false","FSL Skill",,"Break_Fix","en_US","0C52X000000TTU6SAO","0Hx2X000000cjQFSAY","0WO2X000000w8zNWAQ","SREQ-181","Break-Fix",1
"false","false","FSL Skill",,"Break_Fix","en_US","0C52X000000TTU6SAO","0Hx2X000000cjQGSAY","0WO2X000000w8zPWAQ","SREQ-182","Break-Fix",1
"false","false","FSL Skill",,"Break_Fix","en_US","0C52X000000TTU6SAO","0Hx2X000000cjQHSAY","0WO2X000000w8zSWAQ","SREQ-183","Break-Fix",1
"false","false","FSL Skill",,"Break_Fix","en_US","0C52X000000TTU6SAO","0Hx2X000000cjQISAY","0WO2X000000w90AWAQ","SREQ-195","Break-Fix",1
"false","false","FSL Skill",,"Break_Fix","en_US","0C52X000000TTU6SAO","0Hx2X000000cjQJSAY","0WO2X000000w8zYWAQ","SREQ-184","Break-Fix",1
"false","false","FSL Skill",,"Break_Fix","en_US","0C52X000000TTU6SAO","0Hx2X000000cjQKSAY","0WO2X000000w8znWAA","SREQ-185","Break-Fix",1
"false","false","FSL Skill",,"Break_Fix","en_US","0C52X000000TTU6SAO","0Hx2X000000cjQLSAY","0WO2X000000w90zWAA","SREQ-215","Break-Fix",1
"false","false","FSL Skill",,"Break_Fix","en_US","0C52X000000TTU6SAO","0Hx2X000000cjQMSAY","0WO2X000000w913WAA","SREQ-216","Break-Fix",1
"false","false","FSL Skill",,"Break_Fix","en_US","0C52X000000TTU6SAO","0Hx2X000000cjQNSAY","0WO2X000000w90EWAQ","SREQ-196","Break-Fix",1
"false","false","FSL Skill",,"Break_Fix","en_US","0C52X000000TTU6SAO","0Hx2X000000cjQOSAY","0WO2X000000w90FWAQ","SREQ-197","Break-Fix",1
"false","false","FSL Skill",,"Break_Fix","en_US","0C52X000000TTU6SAO","0Hx2X000000cjQPSAY","0WO2X000000w90RWAQ","SREQ-203","Break-Fix",1
"false","false","FSL Skill",,"Break_Fix","en_US","0C52X000000TTU6SAO","0Hx2X000000cjQQSAY","0WO2X000000w90VWAQ","SREQ-205","Break-Fix",1
"false","false","FSL Skill",,"Break_Fix","en_US","0C52X000000TTU6SAO","0Hx2X000000cjQRSAY","0WO2X000000w90OWAQ","SREQ-201","Break-Fix",1
"false","false","FSL Skill",,"Break_Fix","en_US","0C52X000000TTU6SAO","0Hx2X000000cjQSSAY","0WO2X000000w90PWAQ","SREQ-202","Break-Fix",1
"false","false","FSL Skill",,"Break_Fix","en_US","0C52X000000TTU6SAO","0Hx2X000000cjQTSAY","0WO2X000000w90kWAA","SREQ-208","Break-Fix",1
"false","false","FSL Skill",,"Break_Fix","en_US","0C52X000000TTU6SAO","0Hx2X000000cjQUSAY","0WO2X000000w90lWAA","SREQ-210","Break-Fix",1
"false","false","FSL Skill",,"Break_Fix","en_US","0C52X000000TTU6SAO","0Hx2X000000cjQVSAY","0WO2X000000w90mWAA","SREQ-211","Break-Fix",1
"false","false","FSL Skill",,"Break_Fix","en_US","0C52X000000TTU6SAO","0Hx2X000000cjQWSAY","0WO2X000000w90tWAA","SREQ-212","Break-Fix",1
"false","false","FSL Skill",,"Break_Fix","en_US","0C52X000000TTU6SAO","0Hx2X000000cjQXSAY","0WO2X000000w918WAA","SREQ-220","Break-Fix",1
"false","false","FSL Skill",,"Break_Fix","en_US","0C52X000000TTU6SAO","0Hx2X000000cjQYSAY","0WO2X000000w914WAA","SREQ-217","Break-Fix",1
"false","false","FSL Skill",,"Break_Fix","en_US","0C52X000000TTU6SAO","0Hx2X000000cjQZSAY","0WO2X000000w915WAA","SREQ-218","Break-Fix",1
"false","false","FSL Skill",,"Break_Fix","en_US","0C52X000000TTU6SAO","0Hx2X000000cjQaSAI","0WO2X000000w916WAA","SREQ-219","Break-Fix",1
"false","false","FSL Skill",,"Break_Fix","en_US","0C52X000000TTU6SAO","0Hx2X000000cjQbSAI","0WO2X000000w91GWAQ","SREQ-222","Break-Fix",1
"false","false","FSL Skill",,"Break_Fix","en_US","0C52X000000TTU6SAO","0Hx2X000000cjQcSAI","0WO2X000000w92hWAA","SREQ-235","Break-Fix",1
"false","false","FSL Skill",,"Break_Fix","en_US","0C52X000000TTU6SAO","0Hx2X000000cjQdSAI","0WO2X000000w92xWAA","SREQ-238","Break-Fix",1
"false","false","FSL Skill",,"Break_Fix","en_US","0C52X000000TTU6SAO","0Hx2X000000cjQeSAI","0WO2X000000w92UWAQ","SREQ-234","Break-Fix",1
"false","false","FSL Skill",,"Break_Fix","en_US","0C52X000000TTU6SAO","0Hx2X000000cjQfSAI","0WO2X000000w92jWAA","SREQ-236","Break-Fix",1
"false","false","FSL Skill",,"Break_Fix","en_US","0C52X000000TTU6SAO","0Hx2X000000cjQgSAI","0WO2X000000w92nWAA","SREQ-237","Break-Fix",1
"false","false","FSL Skill",,"Break_Fix","en_US","0C52X000000TTU6SAO","0Hx2X000000cjQhSAI","0WO2X000000w93DWAQ","SREQ-241","Break-Fix",1
"false","false","FSL Skill",,"Break_Fix","en_US","0C52X000000TTU6SAO","0Hx2X000000cjQiSAI","0WO2X000000w93MWAQ","SREQ-244","Break-Fix",1
"false","false","FSL Skill",,"Break_Fix","en_US","0C52X000000TTU6SAO","0Hx2X000000cjQjSAI","0WO2X000000w93RWAQ","SREQ-246","Break-Fix",1
"false","false","FSL Skill",,"Break_Fix","en_US","0C52X000000TTU6SAO","0Hx2X000000cjQkSAI","0WO2X000000w93cWAA","SREQ-249","Break-Fix",1
"false","false","FSL Skill",,"Break_Fix","en_US","0C52X000000TTU6SAO","0Hx2X000000cjQlSAI","0WO2X000000w93oWAA","SREQ-254","Break-Fix",1
"false","false","FSL Skill",,"Break_Fix","en_US","0C52X000000TTU6SAO","0Hx2X000000cjQmSAI","0WO2X000000w93eWAA","SREQ-253","Break-Fix",1
"false","false","FSL Skill",,"Break_Fix","en_US","0C52X000000TTU6SAO","0Hx2X000000cjQnSAI","0WO2X000000w93pWAA","SREQ-255","Break-Fix",1
"false","false","FSL Skill",,"Break_Fix","en_US","0C52X000000TTU6SAO","0Hx2X000000cjQoSAI","0WO2X000000w93yWAA","SREQ-256","Break-Fix",1
"false","false","FSL Skill",,"Break_Fix","en_US","0C52X000000TTU6SAO","0Hx2X000000cjQpSAI","0WO2X000000w944WAA","SREQ-258","Break-Fix",1
"false","false","FSL Skill",,"Break_Fix","en_US","0C52X000000TTU6SAO","0Hx2X000000cjQqSAI","0WO2X000000w94AWAQ","SREQ-259","Break-Fix",1
"false","false","FSL Skill",,"Break_Fix","en_US","0C52X000000TTU6SAO","0Hx2X000000cjQrSAI","0WO2X000000w94WWAQ","SREQ-263","Break-Fix",1
"false","false","FSL Skill",,"Break_Fix","en_US","0C52X000000TTU6SAO","0Hx2X000000cjQsSAI","0WO2X000000w94oWAA","SREQ-266","Break-Fix",1
"false","false","FSL Skill",,"Break_Fix","en_US","0C52X000000TTU6SAO","0Hx2X000000cjQtSAI","0WO2X000000w94yWAA","SREQ-269","Break-Fix",1
"false","false","FSL Skill",,"Break_Fix","en_US","0C52X000000TTU6SAO","0Hx2X000000cjQuSAI","0WO2X000000w952WAA","SREQ-270","Break-Fix",1
"false","false","FSL Skill",,"Break_Fix","en_US","0C52X000000TTU6SAO","0Hx2X000000cjQvSAI","0WO2X000000w954WAA","SREQ-271","Break-Fix",1
"false","false","FSL Skill",,"Break_Fix","en_US","0C52X000000TTU6SAO","0Hx2X000000cjQwSAI","0WO2X000000w95AWAQ","SREQ-273","Break-Fix",1
"false","false","FSL Skill",,"Break_Fix","en_US","0C52X000000TTU6SAO","0Hx2X000000cjQxSAI","0WO2X000000w95CWAQ","SREQ-274","Break-Fix",1
"false","false","FSL Skill",,"Break_Fix","en_US","0C52X000000TTU6SAO","0Hx2X000000cjQySAI","0WO2X000000w95FWAQ","SREQ-275","Break-Fix",1
"false","false","FSL Skill",,"Break_Fix","en_US","0C52X000000TTU6SAO","0Hx2X000000cjQzSAI","0WO2X000000w95OWAQ","SREQ-276","Break-Fix",1
"false","false","FSL Skill",,"Break_Fix","en_US","0C52X000000TTU6SAO","0Hx2X000000cjR0SAI","0WO2X000000w95RWAQ","SREQ-277","Break-Fix",1
"false","false","FSL Skill",,"Break_Fix","en_US","0C52X000000TTU6SAO","0Hx2X000000cjR1SAI","0WO2X000000w95TWAQ","SREQ-279","Break-Fix",1
"false","false","FSL Skill",,"Break_Fix","en_US","0C52X000000TTU6SAO","0Hx2X000000cjR2SAI","0WO2X000000w95XWAQ","SREQ-280","Break-Fix",1
"false","false","FSL Skill",,"Break_Fix","en_US","0C52X000000TTU6SAO","0Hx2X000000cjR3SAI","0WO2X000000w95gWAA","SREQ-281","Break-Fix",1
"false","false","FSL Skill",,"Break_Fix","en_US","0C52X000000TTU6SAO","0Hx2X000000cjR4SAI","0WO2X000000w95xWAA","SREQ-283","Break-Fix",1
"false","false","FSL Skill",,"Break_Fix","en_US","0C52X000000TTU6SAO","0Hx2X000000cjR5SAI","0WO2X000000w960WAA","SREQ-284","Break-Fix",1
"false","false","FSL Skill",,"Break_Fix","en_US","0C52X000000TTU6SAO","0Hx2X000000cjR6SAI","0WO2X000000w966WAA","SREQ-285","Break-Fix",1
"false","false","FSL Skill",,"Break_Fix","en_US","0C52X000000TTU6SAO","0Hx2X000000cjR7SAI","0WO2X000000w96AWAQ","SREQ-287","Break-Fix",1
"false","false","FSL Skill",,"Break_Fix","en_US","0C52X000000TTU6SAO","0Hx2X000000cjR8SAI","0WO2X000000w96CWAQ","SREQ-288","Break-Fix",1
"false","false","FSL Skill",,"Break_Fix","en_US","0C52X000000TTU6SAO","0Hx2X000000cjR9SAI","0WO2X000000w96GWAQ","SREQ-289","Break-Fix",1
"false","false","FSL Skill",,"Break_Fix","en_US","0C52X000000TTU6SAO","0Hx2X000000cjRASAY","0WO2X000000w96HWAQ","SREQ-292","Break-Fix",1
"false","false","FSL Skill",,"Break_Fix","en_US","0C52X000000TTU6SAO","0Hx2X000000cjRBSAY","0WO2X000000w96KWAQ","SREQ-295","Break-Fix",1
"false","false","FSL Skill",,"Break_Fix","en_US","0C52X000000TTU6SAO","0Hx2X000000cjRCSAY","0WO2X000000w96NWAQ","SREQ-296","Break-Fix",1
"false","false","FSL Skill",,"Break_Fix","en_US","0C52X000000TTU6SAO","0Hx2X000000cjRDSAY","0WO2X000000w96OWAQ","SREQ-297","Break-Fix",1
"false","false","FSL Skill",,"Break_Fix","en_US","0C52X000000TTU6SAO","0Hx2X000000cjRESAY","0WO2X000000w96VWAQ","SREQ-299","Break-Fix",1
"false","false","FSL Skill",,"Break_Fix","en_US","0C52X000000TTU6SAO","0Hx2X000000cjRFSAY","0WO2X000000w96WWAQ","SREQ-300","Break-Fix",1
"false","false","FSL Skill",,"Break_Fix","en_US","0C52X000000TTU6SAO","0Hx2X000000cjRGSAY","0WO2X000000w96lWAA","SREQ-304","Break-Fix",1
"false","false","FSL Skill",,"Break_Fix","en_US","0C52X000000TTU6SAO","0Hx2X000000cjRHSAY","0WO2X000000w96uWAA","SREQ-314","Break-Fix",1
"false","false","FSL Skill","Multi-Day Installation","Installation","en_US","0C52X000000TTU9SAO","0Hx2X000000cjRISAY","08q2X000000cU7uQAE","SREQ-315","Installation",1
"false","false","FSL Skill",,"Installation","en_US","0C52X000000TTU9SAO","0Hx2X000000cjRJSAY","0WO2X000000w96vWAA","SREQ-316","Installation",1
"false","false","FSL Skill",,"Installation","en_US","0C52X000000TTU9SAO","0Hx2X000000cjRKSAY","0WO2X000000w96wWAA","SREQ-317","Installation",1
"false","false","FSL Skill",,"Installation","en_US","0C52X000000TTU9SAO","0Hx2X000000cjRLSAY","0WO2X000000w96xWAA","SREQ-318","Installation",1
"false","false","FSL Skill",,"Installation","en_US","0C52X000000TTU9SAO","0Hx2X000000cjRMSAY","0WO2X000000w96yWAA","SREQ-319","Installation",1
"false","false","FSL Skill",,"Installation","en_US","0C52X000000TTU9SAO","0Hx2X000000cjRNSAY","0WO2X000000w96zWAA","SREQ-320","Installation",1
"false","false","FSL Skill",,"Installation","en_US","0C52X000000TTU9SAO","0Hx2X000000cjROSAY","0WO2X000000w970WAA","SREQ-321","Installation",1
"false","false","FSL Skill",,"Installation","en_US","0C52X000000TTU9SAO","0Hx2X000000cjRPSAY","0WO2X000000w971WAA","SREQ-322","Installation",1
"false","false","FSL Skill",,"Installation","en_US","0C52X000000TTU9SAO","0Hx2X000000cjRQSAY","0WO2X000000w972WAA","SREQ-323","Installation",1
"false","false","FSL Skill",,"Installation","en_US","0C52X000000TTU9SAO","0Hx2X000000cjRRSAY","0WO2X000000w973WAA","SREQ-324","Installation",1
"false","false","FSL Skill",,"Installation","en_US","0C52X000000TTU9SAO","0Hx2X000000cjRSSAY","0WO2X000000w974WAA","SREQ-325","Installation",1
"false","false","FSL Skill",,"Break_Fix","en_US","0C52X000000TTU6SAO","0Hx2X000000cjRTSAY","0WO2X000000w975WAA","SREQ-326","Break-Fix",1
"false","false","FSL Skill",,"Break_Fix","en_US","0C52X000000TTU6SAO","0Hx2X000000cjRUSAY","0WO2X000000w976WAA","SREQ-327","Break-Fix",1
"false","false","FSL Skill",,"Break_Fix","en_US","0C52X000000TTU6SAO","0Hx2X000000cjRVSAY","0WO2X000000w977WAA","SREQ-328","Break-Fix",1
"false","false","FSL Skill",,"Break_Fix","en_US","0C52X000000TTU6SAO","0Hx2X000000cjRWSAY","0WO2X000000w978WAA","SREQ-329","Break-Fix",1
"false","false","FSL Skill",,"Break_Fix","en_US","0C52X000000TTU6SAO","0Hx2X000000cjRXSAY","0WO2X000000w979WAA","SREQ-330","Break-Fix",1
"false","false","FSL Skill",,"Break_Fix","en_US","0C52X000000TTU6SAO","0Hx2X000000cjRYSAY","0WO2X000000w97AWAQ","SREQ-331","Break-Fix",1
"false","false","FSL Skill",,"Break_Fix","en_US","0C52X000000TTU6SAO","0Hx2X000000cjRZSAY","0WO2X000000w97BWAQ","SREQ-332","Break-Fix",1
"false","false","FSL Skill",,"Break_Fix","en_US","0C52X000000TTU6SAO","0Hx2X000000cjRaSAI","0WO2X000000w97CWAQ","SREQ-333","Break-Fix",1
"false","false","FSL Skill",,"Break_Fix","en_US","0C52X000000TTU6SAO","0Hx2X000000cjRbSAI","0WO2X000000w97DWAQ","SREQ-334","Break-Fix",1
"false","false","FSL Skill",,"Break_Fix","en_US","0C52X000000TTU6SAO","0Hx2X000000cjRcSAI","0WO2X000000w97EWAQ","SREQ-335","Break-Fix",1
"false","false","FSL Skill",,"Break_Fix","en_US","0C52X000000TTU6SAO","0Hx2X000000cjRdSAI","0WO2X000000w97HWAQ","SREQ-336","Break-Fix",1
"false","false","FSL Skill",,"Break_Fix","en_US","0C52X000000TTU6SAO","0Hx2X000000cjReSAI","0WO2X000000w97IWAQ","SREQ-337","Break-Fix",1
"false","false","FSL Skill",,"Break_Fix","en_US","0C52X000000TTU6SAO","0Hx2X000000cjRfSAI","0WO2X000000w97JWAQ","SREQ-338","Break-Fix",1
"false","false","FSL Skill",,"Break_Fix","en_US","0C52X000000TTU6SAO","0Hx2X000000cjRgSAI","0WO2X000000w97KWAQ","SREQ-339","Break-Fix",1
"false","false","FSL Skill",,"Break_Fix","en_US","0C52X000000TTU6SAO","0Hx2X000000cjRhSAI","0WO2X000000w97LWAQ","SREQ-340","Break-Fix",1
"false","false","FSL Skill",,"Break_Fix","en_US","0C52X000000TTU6SAO","0Hx2X000000cjRiSAI","0WO2X000000w97MWAQ","SREQ-341","Break-Fix",1
"false","false","FSL Skill",,"Break_Fix","en_US","0C52X000000TTU6SAO","0Hx2X000000cjRjSAI","0WO2X000000w97NWAQ","SREQ-342","Break-Fix",1
"false","false","FSL Skill",,"Break_Fix","en_US","0C52X000000TTU6SAO","0Hx2X000000cjRkSAI","0WO2X000000w97OWAQ","SREQ-343","Break-Fix",1
"false","false","FSL Skill",,"Break_Fix","en_US","0C52X000000TTU6SAO","0Hx2X000000cjRlSAI","0WO2X000000w97PWAQ","SREQ-344","Break-Fix",1
"false","false","FSL Skill",,"Break_Fix","en_US","0C52X000000TTU6SAO","0Hx2X000000cjRmSAI","0WO2X000000w97QWAQ","SREQ-345","Break-Fix",1
"false","false","FSL Skill",,"Break_Fix","en_US","0C52X000000TTU6SAO","0Hx2X000000cjRnSAI","0WO2X000000w97RWAQ","SREQ-346","Break-Fix",1
"false","false","FSL Skill",,"Break_Fix","en_US","0C52X000000TTU6SAO","0Hx2X000000cjRoSAI","0WO2X000000w97SWAQ","SREQ-347","Break-Fix",1
"false","false","FSL Skill",,"Break_Fix","en_US","0C52X000000TTU6SAO","0Hx2X000000cjRpSAI","0WO2X000000w97TWAQ","SREQ-348","Break-Fix",1
"false","false","FSL Skill",,"Break_Fix","en_US","0C52X000000TTU6SAO","0Hx2X000000cjRqSAI","0WO2X000000w97UWAQ","SREQ-349","Break-Fix",1
"false","false","FSL Skill",,"Break_Fix","en_US","0C52X000000TTU6SAO","0Hx2X000000cjRrSAI","0WO2X000000w97VWAQ","SREQ-350","Break-Fix",1
"false","false","FSL Skill",,"Break_Fix","en_US","0C52X000000TTU6SAO","0Hx2X000000cjRsSAI","0WO2X000000w97WWAQ","SREQ-351","Break-Fix",1
"false","false","FSL Skill",,"Break_Fix","en_US","0C52X000000TTU6SAO","0Hx2X000000cjRtSAI","0WO2X000000w97XWAQ","SREQ-352","Break-Fix",1
"false","false","FSL Skill",,"Break_Fix","en_US","0C52X000000TTU6SAO","0Hx2X000000cjRuSAI","0WO2X000000w97YWAQ","SREQ-353","Break-Fix",1
"false","false","FSL Skill",,"Break_Fix","en_US","0C52X000000TTU6SAO","0Hx2X000000cjRvSAI","0WO2X000000w97ZWAQ","SREQ-354","Break-Fix",1
"false","false","FSL Skill",,"Break_Fix","en_US","0C52X000000TTU6SAO","0Hx2X000000cjRwSAI","0WO2X000000w97aWAA","SREQ-355","Break-Fix",1
"false","false","FSL Skill",,"Break_Fix","en_US","0C52X000000TTU6SAO","0Hx2X000000cjRxSAI","0WO2X000000w97bWAA","SREQ-356","Break-Fix",1
"false","false","FSL Skill",,"Break_Fix","en_US","0C52X000000TTU6SAO","0Hx2X000000cjRySAI","0WO2X000000w97cWAA","SREQ-357","Break-Fix",1
"false","false","FSL Skill",,"Break_Fix","en_US","0C52X000000TTU6SAO","0Hx2X000000cjRzSAI","0WO2X000000w97dWAA","SREQ-358","Break-Fix",1
"false","false","FSL Skill",,"Break_Fix","en_US","0C52X000000TTU6SAO","0Hx2X000000cjS0SAI","0WO2X000000w97eWAA","SREQ-359","Break-Fix",1
"false","false","FSL Skill",,"Break_Fix","en_US","0C52X000000TTU6SAO","0Hx2X000000cjS1SAI","0WO2X000000w97fWAA","SREQ-360","Break-Fix",1
"false","false","FSL Skill",,"Break_Fix","en_US","0C52X000000TTU6SAO","0Hx2X000000cjS2SAI","0WO2X000000w97gWAA","SREQ-361","Break-Fix",1
"false","false","FSL Skill",,"Break_Fix","en_US","0C52X000000TTU6SAO","0Hx2X000000cjS3SAI","0WO2X000000w97hWAA","SREQ-362","Break-Fix",1
"false","false","FSL Skill",,"Break_Fix","en_US","0C52X000000TTU6SAO","0Hx2X000000cjS4SAI","0WO2X000000w97iWAA","SREQ-363","Break-Fix",1
"false","false","FSL Skill",,"Break_Fix","en_US","0C52X000000TTU6SAO","0Hx2X000000cjS5SAI","0WO2X000000w97jWAA","SREQ-364","Break-Fix",1
"false","false","FSL Skill",,"Break_Fix","en_US","0C52X000000TTU6SAO","0Hx2X000000cjS6SAI","0WO2X000000w97kWAA","SREQ-365","Break-Fix",1
"false","false","FSL Skill",,"Break_Fix","en_US","0C52X000000TTU6SAO","0Hx2X000000cjS7SAI","0WO2X000000w97lWAA","SREQ-366","Break-Fix",1
"false","false","FSL Skill",,"Break_Fix","en_US","0C52X000000TTU6SAO","0Hx2X000000cjS8SAI","0WO2X000000w97mWAA","SREQ-367","Break-Fix",1
"false","false","FSL Skill",,"Break_Fix","en_US","0C52X000000TTU6SAO","0Hx2X000000cjS9SAI","0WO2X000000w97nWAA","SREQ-368","Break-Fix",1
"false","false","FSL Skill",,"Break_Fix","en_US","0C52X000000TTU6SAO","0Hx2X000000cjSASAY","0WO2X000000w97oWAA","SREQ-369","Break-Fix",1
"false","false","FSL Skill",,"Break_Fix","en_US","0C52X000000TTU6SAO","0Hx2X000000cjSBSAY","0WO2X000000w97pWAA","SREQ-370","Break-Fix",1
"false","false","FSL Skill",,"Break_Fix","en_US","0C52X000000TTU6SAO","0Hx2X000000cjSCSAY","0WO2X000000w97qWAA","SREQ-371","Break-Fix",1
"false","false","FSL Skill",,"Break_Fix","en_US","0C52X000000TTU6SAO","0Hx2X000000cjSDSAY","0WO2X000000w97rWAA","SREQ-372","Break-Fix",1
"false","false","FSL Skill",,"Break_Fix","en_US","0C52X000000TTU6SAO","0Hx2X000000cjSESAY","0WO2X000000w97sWAA","SREQ-373","Break-Fix",1
"false","false","FSL Skill",,"Break_Fix","en_US","0C52X000000TTU6SAO","0Hx2X000000cjSFSAY","0WO2X000000w97tWAA","SREQ-374","Break-Fix",1
"false","false","FSL Skill",,"Break_Fix","en_US","0C52X000000TTU6SAO","0Hx2X000000cjSGSAY","0WO2X000000w97uWAA","SREQ-375","Break-Fix",1
"false","false","FSL Skill",,"Break_Fix","en_US","0C52X000000TTU6SAO","0Hx2X000000cjSHSAY","0WO2X000000w97vWAA","SREQ-376","Break-Fix",1
"false","false","FSL Skill",,"Break_Fix","en_US","0C52X000000TTU6SAO","0Hx2X000000cjSISAY","0WO2X000000w97wWAA","SREQ-377","Break-Fix",1
"false","false","FSL Skill",,"Break_Fix","en_US","0C52X000000TTU6SAO","0Hx2X000000cjSJSAY","0WO2X000000w97xWAA","SREQ-378","Break-Fix",1
"false","false","FSL Skill",,"Break_Fix","en_US","0C52X000000TTU6SAO","0Hx2X000000cjSKSAY","0WO2X000000w97yWAA","SREQ-379","Break-Fix",1
"false","false","FSL Skill",,"Break_Fix","en_US","0C52X000000TTU6SAO","0Hx2X000000cjSLSAY","0WO2X000000w97zWAA","SREQ-380","Break-Fix",1
"false","false","FSL Skill",,"Break_Fix","en_US","0C52X000000TTU6SAO","0Hx2X000000cjSMSAY","0WO2X000000w980WAA","SREQ-381","Break-Fix",1
"false","false","FSL Skill",,"Break_Fix","en_US","0C52X000000TTU6SAO","0Hx2X000000cjSNSAY","0WO2X000000w981WAA","SREQ-382","Break-Fix",1
"false","false","FSL Skill",,"Break_Fix","en_US","0C52X000000TTU6SAO","0Hx2X000000cjSOSAY","0WO2X000000w982WAA","SREQ-383","Break-Fix",1
"false","false","FSL Skill",,"Break_Fix","en_US","0C52X000000TTU6SAO","0Hx2X000000cjSPSAY","0WO2X000000w983WAA","SREQ-384","Break-Fix",1
"false","false","FSL Skill",,"Break_Fix","en_US","0C52X000000TTU6SAO","0Hx2X000000cjSQSAY","0WO2X000000w984WAA","SREQ-385","Break-Fix",1
"false","false","FSL Skill","Battery Replacement (no added Products)","Break_Fix","en_US","0C52X000000TTU6SAO","0Hx2X000000cjSRSAY","08q2X000000cU7tQAE","SREQ-386","Break-Fix",1
"false","false","FSL Skill","Installation","Installation","en_US","0C52X000000TTU9SAO","0Hx2X000000cjSSSAY","08q2X000000cU8AQAU","SREQ-392","Installation",1
"false","false","FSL Skill","Crew Installation","Installation","en_US","0C52X000000TTU9SAO","0Hx2X000000cjSTSAY","08q2X000000cU8DQAU","SREQ-394","Installation",0
"false","false","FSL Skill","Battery Replacement (Self-Service)","Break_Fix","en_US","0C52X000000TTU6SAO","0Hx2X000000cjSUSAY","08q2X000000cU8CQAU","SREQ-396","Break-Fix",0
"false","false","FSL Skill","Break-Fix","Break_Fix","en_US","0C52X000000TTU6SAO","0Hx2X000000cjSVSAY","08q2X000000cU86QAE","SREQ-01","Break-Fix",1
"false","false","FSL Skill",,"Break_Fix","en_US","0C52X000000TTU6SAO","0Hx2X000000cjSWSAY","0WO2X000000w99AWAQ","SREQ-02","Break-Fix",1
"false","false","FSL Skill",,"Break_Fix","en_US","0C52X000000TTU6SAO","0Hx2X000000cjSXSAY","0WO2X000000w99JWAQ","SREQ-03","Break-Fix",1
"false","false","FSL Skill",,"Break_Fix","en_US","0C52X000000TTU6SAO","0Hx2X000000cjSYSAY","0WO2X000000w99RWAQ","SREQ-04","Break-Fix",1
"false","false","FSL Skill",,"Break_Fix","en_US","0C52X000000TTU6SAO","0Hx2X000000cjSZSAY","0WO2X000000w99jWAA","SREQ-05","Break-Fix",1
"false","false","FSL Skill",,"Break_Fix","en_US","0C52X000000TTU6SAO","0Hx2X000000cjSaSAI","0WO2X000000w9AYWAY","SREQ-06","Break-Fix",1
"false","false","FSL Skill",,"Break_Fix","en_US","0C52X000000TTU6SAO","0Hx2X000000cjSbSAI","0WO2X000000w9AyWAI","SREQ-07","Break-Fix",1
"false","false","FSL Skill",,"Break_Fix","en_US","0C52X000000TTU6SAO","0Hx2X000000cjScSAI","0WO2X000000w9BYWAY","SREQ-10","Break-Fix",1
"false","false","FSL Skill",,"Break_Fix","en_US","0C52X000000TTU6SAO","0Hx2X000000cjSdSAI","0WO2X000000w9CCWAY","SREQ-11","Break-Fix",1
"false","false","FSL Skill",,"Break_Fix","en_US","0C52X000000TTU6SAO","0Hx2X000000cjSeSAI","0WO2X000000w9CUWAY","SREQ-12","Break-Fix",1
"false","false","FSL Skill",,"Break_Fix","en_US","0C52X000000TTU6SAO","0Hx2X000000cjSfSAI","0WO2X000000w9CkWAI","SREQ-13","Break-Fix",1
"false","false","FSL Skill",,"Break_Fix","en_US","0C52X000000TTU6SAO","0Hx2X000000cjSgSAI","0WO2X000000w9CqWAI","SREQ-14","Break-Fix",1
"false","false","FSL Skill",,"Break_Fix","en_US","0C52X000000TTU6SAO","0Hx2X000000cjShSAI","0WO2X000000w9D2WAI","SREQ-15","Break-Fix",1
"false","false","FSL Skill",,"Break_Fix","en_US","0C52X000000TTU6SAO","0Hx2X000000cjSiSAI","0WO2X000000w9DCWAY","SREQ-17","Break-Fix",1
"false","false","FSL Skill","Battery Replacement","Break_Fix","en_US","0C52X000000TTU6SAO","0Hx2X000000cjSjSAI","08q2X000000cU7sQAE","SREQ-18","Break-Fix",1
"false","false","FSL Skill",,"Break_Fix","en_US","0C52X000000TTU6SAO","0Hx2X000000cjSkSAI","0WO2X000000w9DGWAY","SREQ-117","Break-Fix",1
"false","false","FSL Skill",,"Break_Fix","en_US","0C52X000000TTU6SAO","0Hx2X000000cjSlSAI","0WO2X000000w9DJWAY","SREQ-118","Break-Fix",1
"false","false","FSL Skill",,"Break_Fix","en_US","0C52X000000TTU6SAO","0Hx2X000000cjSmSAI","0WO2X000000w9DQWAY","SREQ-119","Break-Fix",1
"false","false","FSL Skill",,"Break_Fix","en_US","0C52X000000TTU6SAO","0Hx2X000000cjSnSAI","0WO2X000000w9DWWAY","SREQ-120","Break-Fix",1
"false","false","FSL Skill","Field Quality","Field_Quality","en_US","0C52X000000TTUDSA4","0Hx2X000000cjSoSAI","08q2X000000cU8EQAU","SREQ-402","Field Quality",0
"false","false","FSL Skill",,"Field_Quality","en_US","0C52X000000TTUDSA4","0Hx2X000000cjSpSAI","0WO2X000000w9DsWAI","SREQ-403","Field Quality",0
"false","false","FSL Skill",,"Break_Fix","en_US","0C52X000000TTU6SAO","0Hx2X000000cjSqSAI","0WO2X000000w9DtWAI","SREQ-436","Break-Fix",1
"false","false","FSL Skill",,"Break_Fix","en_US","0C52X000000TTU6SAO","0Hx2X000000cjSrSAI","1WL2X000000YKfQWAW","SREQ-431","Break-Fix",1
"false","false","FSL Skill",,"Break_Fix","en_US","0C52X000000TTU6SAO","0Hx2X000000cjSsSAI","1WL2X000000YKfRWAW","SREQ-432","Break-Fix",1
"false","false","FSL Skill",,"Break_Fix","en_US","0C52X000000TTU6SAO","0Hx2X000000cjStSAI","1WL2X000000YKfSWAW","SREQ-433","Break-Fix",1
"false","false","FSL Skill",,"Break_Fix","en_US","0C52X000000TTU6SAO","0Hx2X000000cjSuSAI","1WL2X000000YKfTWAW","SREQ-434","Break-Fix",1
"false","false","FSL Skill",,"Break_Fix","en_US","0C52X000000TTU6SAO","0Hx2X000000cjSvSAI","1WL2X000000YKfPWAW","SREQ-435","Break-Fix",1
"false","false",,,"Generalist_Agents","en_US","0C52X000000TTU0SAO","0Hx2X000000cjSwSAI","0JR2X000002Q2iTWAS","SREQ-439","Customer Service",0
"false","false",,,"Social_Customer_Service","en_US","0C52X000000TTUFSA4","0Hx2X000000cjSxSAI","0JR2X000002Q2iSWAS","SREQ-440","Social Customer Service",0
"false","false",,,"Billing_and_Accounts","en_US","0C52X000000TTU4SAO","0Hx2X000000cjSySAI","0JR2X000002Q2iRWAS","SREQ-441","Billing and Accounts",0
"false","false",,,"Generalist_Agents","en_US","0C52X000000TTU0SAO","0Hx2X000000cjSzSAI","0JR2X000002Q2iRWAS","SREQ-442","Customer Service",0
"false","false",,,"Generalist_Agents","en_US","0C52X000000TTU0SAO","0Hx2X000000cjT0SAI","0JR2X000002Q2iQWAS","SREQ-443","Customer Service",0
"false","false","LS Skill",,"Turbine_Maintenance","en_US","0C52X000000TTTvSAO","0Hx2X000000cjT1SAI","0JR2X000002Q2iQWAS","SREQ-444","Turbine Maintenance",0
"false","false","FSL Skill",,"Break_Fix","en_US","0C52X000000TTU6SAO","0Hx2X000000cll9SAA","0WO2X000000wG7PWAU","SREQ-447","Break-Fix",1
"false","false","FSL Skill",,"Break_Fix","en_US","0C52X000000TTU6SAO","0Hx2X000000clv6SAA","0WO2X000000wGn1WAE","SREQ-448","Break-Fix",1
"false","false","FSL Skill",,"Break_Fix","en_US","0C52X000000TTU6SAO","0Hx2X000000clxgSAA","0WO2X000000wGnTWAU","SREQ-449","Break-Fix",1
"false","false","FSL Skill",,"Break_Fix","en_US","0C52X000000TTU6SAO","0Hx7R000000sXtRSAU","0WO7R000001gtduWAA","SREQ-450","Break-Fix",1