"PRODUCT_BUSINESS_LINE","PRODUCT_KEY","PRODUCT_TYPE","PRODUCT_FAMILY","ImageURL","PRODUCT_ID","PRODUCT_NAME","product_key_old"
"Business Insurance","ID_GRP1A","Motor","Car Insurance","IDO_PolicyTypes/Auto.png","PID-0074","Business Insurance",221
"Business Insurance","ID_GRP1A","Motor","Car Insurance","IDO_PolicyTypes/Auto.png","PID-0078","Business Insurance",225
"Business Insurance","ID_GRP1A","Motor","Car Insurance","IDO_PolicyTypes/Auto.png","PID-0085","Business Insurance",233
"Business Insurance","ID_GRP1A","Motor","Car Insurance","IDO_PolicyTypes/Auto.png","PID-0091","Business Insurance",4
"Business Insurance","ID_GRP1A","Motor","Car Insurance","IDO_PolicyTypes/Auto.png","PID-0101","Business Insurance",421
"Business Insurance","ID_GRP1A","Motor","Car Insurance","IDO_PolicyTypes/Auto.png","PID-0129","Business Insurance",6
"Business Insurance","ID_GRP1A","Motor","Car Insurance","IDO_PolicyTypes/Auto.png","PID-0213","Business Insurance",842
"Business Insurance","ID_GRP1A","Motor","Car Insurance","IDO_PolicyTypes/Auto.png","PID-0216","Business Insurance",845
"Investments","ID_GRP1A","Annuities","Annuities","IDO_PolicyTypes/Auto.png","PID-0044","Annuities",168
"Investments","ID_GRP1A","Annuities","Annuities","IDO_PolicyTypes/Auto.png","PID-0046","Annuities",173
"Investments","ID_GRP1A","Annuities","Annuities","IDO_PolicyTypes/Auto.png","PID-0048","Annuities",175
"Investments","ID_GRP1A","Annuities","Annuities","IDO_PolicyTypes/Auto.png","PID-0050","Annuities",182
"Investments","ID_GRP1A","Annuities","Annuities","IDO_PolicyTypes/Auto.png","PID-0052","Annuities",186
"Investments","ID_GRP1A","Annuities","Annuities","IDO_PolicyTypes/Auto.png","PID-0054","Annuities",188
"Investments","ID_GRP1A","Annuities","Annuities","IDO_PolicyTypes/Auto.png","PID-0132","Annuities",62
"Investments","ID_GRP1A","Annuities","Annuities","IDO_PolicyTypes/Auto.png","PID-0137","Annuities",658
"Investments","ID_GRP1A","Annuities","Annuities","IDO_PolicyTypes/Auto.png","PID-0141","Annuities",661
"Investments","ID_GRP1A","Annuities","Annuities","IDO_PolicyTypes/Auto.png","PID-0143","Annuities",663
"Investments","ID_GRP1A","Annuities","Annuities","IDO_PolicyTypes/Auto.png","PID-0147","Annuities",671
"Business Insurance","ID_GRP1A","Mobile Plant & Equipment","Small Business","IDO_PolicyTypes/Specialty.png","PID-0149","Downtime",673
"Business Insurance","ID_GRP1A","Mobile Plant & Equipment","Small Business","IDO_PolicyTypes/Specialty.png","PID-0155","Downtime",689
"Business Insurance","ID_GRP1A","Mobile Plant & Equipment","Small Business","IDO_PolicyTypes/Specialty.png","PID-0158","Downtime",691
"Business Insurance","ID_GRP1A","Mobile Plant & Equipment","Small Business","IDO_PolicyTypes/Specialty.png","PID-0160","Downtime",693
"Business Insurance","ID_GRP1A","Mobile Plant & Equipment","Small Business","IDO_PolicyTypes/Specialty.png","PID-0172","Downtime",760
"Business Insurance","ID_GRP1A","Mobile Plant & Equipment","Small Business","IDO_PolicyTypes/Specialty.png","PID-0174","Downtime",762
"Business Insurance","ID_GRP1A","Mobile Plant & Equipment","Small Business","IDO_PolicyTypes/Specialty.png","PID-0175","Downtime",763
"Business Insurance","ID_GRP1A","Mobile Plant & Equipment","Small Business","IDO_PolicyTypes/Specialty.png","PID-0177","Downtime",765
"Business Insurance","ID_GRP1A","Mobile Plant & Equipment","Small Business","IDO_PolicyTypes/Specialty.png","PID-0181","Downtime",769
"Business Insurance","ID_GRP1A","Mobile Plant & Equipment","Small Business","IDO_PolicyTypes/Specialty.png","PID-0184","Downtime",771
"Business Insurance","ID_GRP1A","Mobile Plant & Equipment","Small Business","IDO_PolicyTypes/Specialty.png","PID-0186","Downtime",773
"Business Insurance","ID_GRP1A","Mobile Plant & Equipment","Small Business","IDO_PolicyTypes/Specialty.png","PID-0188","Downtime",775
"Business Insurance","ID_GRP1A","Mobile Plant & Equipment","Small Business","IDO_PolicyTypes/Specialty.png","PID-0190","Downtime",777
"Business Insurance","ID_GRP1A","Mobile Plant & Equipment","Small Business","IDO_PolicyTypes/Specialty.png","PID-0193","Downtime",784
"Business Insurance","ID_GRP1A","Mobile Plant & Equipment","Small Business","IDO_PolicyTypes/Specialty.png","PID-0200","Downtime",812
"Business Insurance","ID_GRP1A","Mobile Plant & Equipment","Small Business","IDO_PolicyTypes/Specialty.png","PID-0203","Downtime",815
"Business Insurance","ID_GRP1A","Mobile Plant & Equipment","Small Business","IDO_PolicyTypes/Specialty.png","PID-0221","Downtime",85
"Business Insurance","ID_GRP1A","Mobile Plant & Equipment","Small Business","IDO_PolicyTypes/Specialty.png","PID-0298","Downtime",928
"Business Insurance","ID_GRP1A","Mobile Plant & Equipment","Small Business","IDO_PolicyTypes/Specialty.png","PID-0303","Downtime",934
"Business Insurance","ID_GRP1B","Construction","Commercial Property","IDO_PolicyTypes/LTC.png","PID-0079","Construction",226
"Business Insurance","ID_GRP1B","Construction","Commercial Property","IDO_PolicyTypes/LTC.png","PID-0080","Construction",227
"Business Insurance","ID_GRP1B","Construction","Commercial Property","IDO_PolicyTypes/LTC.png","PID-0081","Construction",228
"Business Insurance","ID_GRP1B","Construction","Commercial Property","IDO_PolicyTypes/LTC.png","PID-0083","Construction",231
"Business Insurance","ID_GRP1B","Construction","Commercial Property","IDO_PolicyTypes/LTC.png","PID-0086","Construction",235
"Business Insurance","ID_GRP1B","Construction","Commercial Property","IDO_PolicyTypes/LTC.png","PID-0120","Construction",47
"Business Insurance","ID_GRP1B","Construction","Commercial Property","IDO_PolicyTypes/LTC.png","PID-0139","Construction",66
"Business Insurance","ID_GRP1B","Construction","Commercial Property","IDO_PolicyTypes/LTC.png","PID-0145","Construction",67
"Business Insurance","ID_GRP1B","Construction","Commercial Property","IDO_PolicyTypes/LTC.png","PID-0152","Construction",68
"Business Insurance","ID_GRP1B","Construction","Commercial Property","IDO_PolicyTypes/LTC.png","PID-0171","Construction",76
"Business Insurance","ID_GRP1B","Construction","Commercial Property","IDO_PolicyTypes/LTC.png","PID-0182","Construction",77
"Business Insurance","ID_GRP1B","Construction","Commercial Property","IDO_PolicyTypes/LTC.png","PID-0209","Construction",83
"Business Insurance","ID_GRP1B","Construction","Commercial Property","IDO_PolicyTypes/LTC.png","PID-0045","Construction",172
"Business Insurance","ID_GRP1B","Construction","Commercial Property","IDO_PolicyTypes/LTC.png","PID-0047","Construction",174
"Business Insurance","ID_GRP1B","Construction","Commercial Property","IDO_PolicyTypes/LTC.png","PID-0049","Construction",178
"Business Insurance","ID_GRP1B","Construction","Commercial Property","IDO_PolicyTypes/LTC.png","PID-0051","Construction",184
"Business Insurance","ID_GRP1B","Construction","Commercial Property","IDO_PolicyTypes/LTC.png","PID-0053","Construction",187
"Business Insurance","ID_GRP1B","Construction","Commercial Property","IDO_PolicyTypes/LTC.png","PID-0063","Construction",205
"Business Insurance","ID_GRP1B","Construction","Commercial Property","IDO_PolicyTypes/LTC.png","PID-0136","Construction",657
"Business Insurance","ID_GRP1B","Construction","Commercial Property","IDO_PolicyTypes/LTC.png","PID-0138","Construction",659
"Business Insurance","ID_GRP1B","Construction","Commercial Property","IDO_PolicyTypes/LTC.png","PID-0142","Construction",662
"Business Insurance","ID_GRP1B","Construction","Commercial Property","IDO_PolicyTypes/LTC.png","PID-0146","Construction",670
"Business Insurance","ID_GRP1B","Construction","Commercial Property","IDO_PolicyTypes/LTC.png","PID-0148","Construction",672
"Business Insurance","ID_GRP1B","Construction","Commercial Property","IDO_PolicyTypes/LTC.png","PID-0154","Construction",688
"Business Insurance","ID_GRP1B","Construction","Commercial Property","IDO_PolicyTypes/LTC.png","PID-0157","Construction",690
"Business Insurance","ID_GRP1B","Construction","Commercial Property","IDO_PolicyTypes/LTC.png","PID-0159","Construction",692
"Business Insurance","ID_GRP1B","Construction","Commercial Property","IDO_PolicyTypes/LTC.png","PID-0170","Construction",753
"Business Insurance","ID_GRP1B","Construction","Commercial Property","IDO_PolicyTypes/LTC.png","PID-0173","Construction",761
"Business Insurance","ID_GRP1B","Construction","Commercial Property","IDO_PolicyTypes/LTC.png","PID-0176","Construction",764
"Business Insurance","ID_GRP1B","Construction","Commercial Property","IDO_PolicyTypes/LTC.png","PID-0180","Construction",768
"Business Insurance","ID_GRP1B","Construction","Commercial Property","IDO_PolicyTypes/LTC.png","PID-0183","Construction",770
"Business Insurance","ID_GRP1B","Construction","Commercial Property","IDO_PolicyTypes/LTC.png","PID-0185","Construction",772
"Business Insurance","ID_GRP1B","Construction","Commercial Property","IDO_PolicyTypes/LTC.png","PID-0187","Construction",774
"Business Insurance","ID_GRP1B","Construction","Commercial Property","IDO_PolicyTypes/LTC.png","PID-0189","Construction",776
"Business Insurance","ID_GRP1B","Construction","Commercial Property","IDO_PolicyTypes/LTC.png","PID-0191","Construction",778
"Business Insurance","ID_GRP1B","Construction","Commercial Property","IDO_PolicyTypes/LTC.png","PID-0198","Construction",807
"Business Insurance","ID_GRP1B","Construction","Commercial Property","IDO_PolicyTypes/LTC.png","PID-0202","Construction",814
"Business Insurance","ID_GRP1B","Construction","Commercial Property","IDO_PolicyTypes/LTC.png","PID-0204","Construction",816
"Business Insurance","ID_GRP1B","Construction","Commercial Property","IDO_PolicyTypes/LTC.png","PID-0232","Construction",86
"Business Insurance","ID_GRP1B","Construction","Commercial Property","IDO_PolicyTypes/LTC.png","PID-0302","Construction",933
"Investments","ID_GRP1C","Annuities","Annuities","IDO_PolicyTypes/Auto.png","PID-0218","Annuities",847
"Business Insurance","ID_GRP1C","Accident & Health","Small Business","IDO_PolicyTypes/Condo.png","PID-0214","Farm Insurance",843
"Business Insurance","ID_GRP1C","Accident & Health","Small Business","IDO_PolicyTypes/Condo.png","PID-0215","Farm Insurance",844
"Business Insurance","ID_GRP1C","Accident & Health","Small Business","IDO_PolicyTypes/Condo.png","PID-0089","Hire Fleet",36
"Business Insurance","ID_GRP1C","Accident & Health","Small Business","IDO_PolicyTypes/Condo.png","PID-0111","Hire Fleet",44
"Business Insurance","ID_GRP1C","Accident & Health","Small Business","IDO_PolicyTypes/Condo.png","PID-0208","Motor Trades Dealers",821
"Business Insurance","ID_GRP1C","Accident & Health","Small Business","IDO_PolicyTypes/Condo.png","PID-0207","Motor Trades Repairers",820
"Business Insurance","ID_GRP1C","Accident & Health","Small Business","IDO_PolicyTypes/Condo.png","PID-0205","Small Fleet",819
"Business Insurance","ID_GRP1C","Accident & Health","Small Business","IDO_PolicyTypes/Condo.png","PID-0211","Small Fleet",840
"Personal","ID_GRP2A_1","Comprehensive","Car Insurance","IDO_PolicyTypes/Auto.png","PID-0094","Comprehensive",414
"Personal","ID_GRP2A_1","Comprehensive","Car Insurance","IDO_PolicyTypes/Auto.png","PID-0097","Comprehensive",417
"Personal","ID_GRP2A_1","Comprehensive","Car Insurance","IDO_PolicyTypes/Auto.png","PID-0098","Comprehensive",418
"Personal","ID_GRP2A_1","Comprehensive","Car Insurance","IDO_PolicyTypes/Auto.png","PID-0099","Comprehensive",419
"Personal","ID_GRP2A_1","Comprehensive","Car Insurance","IDO_PolicyTypes/Auto.png","PID-0069","Comprehensive",216
"Personal","ID_GRP2A_1","Comprehensive","Car Insurance","IDO_PolicyTypes/Auto.png","PID-0070","Comprehensive",217
"Personal","ID_GRP2A_1","Comprehensive","Car Insurance","IDO_PolicyTypes/Auto.png","PID-0153","Comprehensive",680
"Personal","ID_GRP2A_1","Comprehensive","Car Insurance","IDO_PolicyTypes/Auto.png","PID-0165","Comprehensive",72
"Personal","ID_GRP2A_2","Collision Coverage","Car Insurance","IDO_PolicyTypes/Auto.png","PID-0100","Collision Coverage",420
"Personal","ID_GRP2A_2","Collision Coverage","Car Insurance","IDO_PolicyTypes/Auto.png","PID-0108","Collision Coverage",428
"Personal","ID_GRP2A_2","Collision Coverage","Car Insurance","IDO_PolicyTypes/Auto.png","PID-0109","Collision Coverage",432
"Personal","ID_GRP2A_2","Collision Coverage","Car Insurance","IDO_PolicyTypes/Auto.png","PID-0110","Collision Coverage",434
"Personal","ID_GRP2A_2","Collision Coverage","Car Insurance","IDO_PolicyTypes/Auto.png","PID-0071","Collision Coverage",218
"Personal","ID_GRP2A_2","Collision Coverage","Car Insurance","IDO_PolicyTypes/Auto.png","PID-0072","Collision Coverage",219
"Personal","ID_GRP2A_2","Collision Coverage","Car Insurance","IDO_PolicyTypes/Auto.png","PID-0082","Collision Coverage",230
"Personal","ID_GRP2A_2","Collision Coverage","Car Insurance","IDO_PolicyTypes/Auto.png","PID-0114","Collision Coverage",45
"Personal","ID_GRP2A_2","Collision Coverage","Car Insurance","IDO_PolicyTypes/Auto.png","PID-0134","Collision Coverage",64
"Personal","ID_GRP2A_3","Comprehensive","Car Insurance","IDO_PolicyTypes/Auto.png","PID-0065","Comprehensive",211
"Personal","ID_GRP2A_3","Comprehensive","Car Insurance","IDO_PolicyTypes/Auto.png","PID-0150","Comprehensive",674
"Personal","ID_GRP2A_4","Liability Coverage","Car Insurance","IDO_PolicyTypes/Auto.png","PID-0121","Liability Coverage",5
"Personal","ID_GRP2A_4","Liability Coverage","Car Insurance","IDO_PolicyTypes/Auto.png","PID-0151","Liability Coverage",679
"Personal","ID_GRP2A11","Rental & Breakdown","Car Insurance","IDO_PolicyTypes/Boat.png","PID-0212","Car Rental",841
"Personal","ID_GRP2A11","Rental & Breakdown","Car Insurance","IDO_PolicyTypes/Boat.png","PID-0260","Car Rental",887
"Personal","ID_GRP2A12","Rental & Breakdown","Car Insurance","IDO_PolicyTypes/Boat.png","PID-0219","Car Rental",848
"Personal","ID_GRP2A12","Rental & Breakdown","Car Insurance","IDO_PolicyTypes/Boat.png","PID-0261","Car Rental",888
"Personal","ID_GRP2B","Property","Renters Insurance","IDO_PolicyTypes/Home.png","PID-0210","Renters Insurance",84
"Personal","ID_GRP2B_1","Property","Renters Insurance","IDO_PolicyTypes/Home.png","PID-0075","Renters Insurance",222
"Personal","ID_GRP2B_1","Property","Renters Insurance","IDO_PolicyTypes/Home.png","PID-0076","Renters Insurance",223
"Personal","ID_GRP2B_1","Property","Renters Insurance","IDO_PolicyTypes/Home.png","PID-0077","Renters Insurance",224
"Personal","ID_GRP2B_1","Property","Renters Insurance","IDO_PolicyTypes/Home.png","PID-0084","Renters Insurance",232
"Personal","ID_GRP2B_2","Property","Renters Insurance","IDO_PolicyTypes/Home.png","PID-0156","Renters Insurance",69
"Personal","ID_GRP2B_2","Property","Renters Insurance","IDO_PolicyTypes/Home.png","PID-0162","Renters Insurance",70
"Personal","ID_GRP2B_2","Property","Renters Insurance","IDO_PolicyTypes/Home.png","PID-0166","Renters Insurance",73
"Personal","ID_GRP2B_2","Property","Renters Insurance","IDO_PolicyTypes/Home.png","PID-0167","Renters Insurance",74
"Personal","ID_GRP2B_2","Property","Renters Insurance","IDO_PolicyTypes/Home.png","PID-0168","Renters Insurance",75
"Personal","ID_GRP2C_1","Whole Life","Life","IDO_PolicyTypes/Universal_Life.png","PID-0102","Universal Life",422
"Personal","ID_GRP2C_1","Whole Life","Life","IDO_PolicyTypes/Universal_Life.png","PID-0105","Universal Life",425
"Personal","ID_GRP2C_1","Whole Life","Life","IDO_PolicyTypes/Universal_Life.png","PID-0106","Universal Life",426
"Personal","ID_GRP2C_1","Whole Life","Life","IDO_PolicyTypes/Universal_Life.png","PID-0095","Universal Life",415
"Personal","ID_GRP2C_1","Whole Life","Life","IDO_PolicyTypes/Universal_Life.png","PID-0096","Universal Life",416
"Personal","ID_GRP2C_1","Whole Life","Life","IDO_PolicyTypes/Universal_Life.png","PID-0104","Universal Life",424
"Personal","ID_GRP2C_2","Term Life","Life","IDO_PolicyTypes/Universal_Life.png","PID-0107","Term Life",427
"Personal","ID_GRP2C_2","Term Life","Life","IDO_PolicyTypes/Universal_Life.png","PID-0164","Term Life",71
"Personal","ID_GRP2C_2","Term Life","Life","IDO_PolicyTypes/Universal_Life.png","PID-0217","Term Life",846
"Personal","ID_GRP2C_2","Term Life","Life","IDO_PolicyTypes/Universal_Life.png","PID-0194","Term Life",798
"Personal","ID_GRP2C_2","Term Life","Life","IDO_PolicyTypes/Universal_Life.png","PID-0258","Term Life",885
"Personal","ID_GRP2C_2","Term Life","Life","IDO_PolicyTypes/Universal_Life.png","PID-0034","Term Life",1043
"Personal","ID_GRP2C_3","Universal Life","Life","IDO_PolicyTypes/Universal_Life.png","PID-0073","Whole Life",220
"Personal","ID_GRP2C_3","Universal Life","Life","IDO_PolicyTypes/Universal_Life.png","PID-0103","Whole Life",423
"Personal","ID_GRP2C_3","Universal Life","Life","IDO_PolicyTypes/Universal_Life.png","PID-0296","Whole Life",926
"Personal","ID_GRP2C_4","Boat","Boat Insurance","IDO_PolicyTypes/Boat.png","PID-0066","Boat",213
"Personal","ID_GRP2C_4","Boat","Boat Insurance","IDO_PolicyTypes/Boat.png","PID-0067","Boat",214
"Personal","ID_GRP2C_4","Boat","Boat Insurance","IDO_PolicyTypes/Boat.png","PID-0068","Boat",215
"Personal","ID_GRP2C_4","Boat","Boat Insurance","IDO_PolicyTypes/Boat.png","PID-0299","Boat",929
"Personal","ID_GRP2C_4","Boat","Boat Insurance","IDO_PolicyTypes/Boat.png","PID-0300","Boat",930
"Personal","ID_GRP2C_4","Boat","Boat Insurance","IDO_PolicyTypes/Boat.png","PID-0301","Boat",932
"Personal","ID_GRP2C_4","Boat","Boat Insurance","IDO_PolicyTypes/Boat.png","PID-0088","Boat",237
"Personal","ID_GRP2C_4","Boat","Boat Insurance","IDO_PolicyTypes/Boat.png","PID-0201","Boat",813
"Personal","ID_GRP2C_4","Boat","Boat Insurance","IDO_PolicyTypes/Boat.png","PID-0297","Boat",927
"Personal","ID_GRP2C_4","Boat","Boat Insurance","IDO_PolicyTypes/Boat.png","PID-0093","Boat",413
"Personal","ID_GRP2C_4","Boat","Boat Insurance","IDO_PolicyTypes/Boat.png","PID-0036","Boat",1049
"Personal","ID_GRP2C_4","Boat","Boat Insurance","IDO_PolicyTypes/Boat.png","PID-0001","Boat",1
"Investments","ID_GRP3A_1","Mutual Funds","Mutual Funds","IDO_PolicyTypes/Umbrella.png","PID-0288","Mutual Funds",917
"Investments","ID_GRP3A_1","Mutual Funds","Mutual Funds","IDO_PolicyTypes/Umbrella.png","PID-0289","Mutual Funds",918
"Investments","ID_GRP3A_1","Mutual Funds","Mutual Funds","IDO_PolicyTypes/Umbrella.png","PID-0292","Mutual Funds",921
"Investments","ID_GRP3A_1","Mutual Funds","Mutual Funds","IDO_PolicyTypes/Umbrella.png","PID-0293","Mutual Funds",922
"Investments","ID_GRP3A_2","Mutual Funds","Mutual Funds","IDO_PolicyTypes/Umbrella.png","PID-0220","Mutual Funds",849
"Investments","ID_GRP3A_2","Mutual Funds","Mutual Funds","IDO_PolicyTypes/Umbrella.png","PID-0222","Mutual Funds",850
"Investments","ID_GRP3A_2","Mutual Funds","Mutual Funds","IDO_PolicyTypes/Umbrella.png","PID-0234","Mutual Funds",861
"Investments","ID_GRP3A_3","Mutual Funds","Mutual Funds","IDO_PolicyTypes/Umbrella.png","PID-0235","Mutual Funds",862
"Investments","ID_GRP3A_3","Mutual Funds","Mutual Funds","IDO_PolicyTypes/Umbrella.png","PID-0236","Mutual Funds",863
"Investments","ID_GRP3A_3","Mutual Funds","Mutual Funds","IDO_PolicyTypes/Umbrella.png","PID-0237","Mutual Funds",864
"Investments","ID_GRP3A_3","Mutual Funds","Mutual Funds","IDO_PolicyTypes/Umbrella.png","PID-0238","Mutual Funds",865
"Investments","ID_GRP3A_4","Mutual Funds","Mutual Funds","IDO_PolicyTypes/Umbrella.png","PID-0239","Mutual Funds",866
"Investments","ID_GRP3A_4","Mutual Funds","Mutual Funds","IDO_PolicyTypes/Umbrella.png","PID-0242","Mutual Funds",869
"Investments","ID_GRP3A_4","Mutual Funds","Mutual Funds","IDO_PolicyTypes/Umbrella.png","PID-0243","Mutual Funds",870
"Business Insurance","ID_GRP3B_1","Cyber Insurance","Cyber Insurance","IDO_PolicyTypes/Umbrella.png","PID-0223","Cyber Insurance",851
"Business Insurance","ID_GRP3B_1","Cyber Insurance","Cyber Insurance","IDO_PolicyTypes/Umbrella.png","PID-0224","Cyber Insurance",852
"Business Insurance","ID_GRP3B_1","Cyber Insurance","Cyber Insurance","IDO_PolicyTypes/Umbrella.png","PID-0225","Cyber Insurance",853
"Business Insurance","ID_GRP3B_1","Cyber Insurance","Cyber Insurance","IDO_PolicyTypes/Umbrella.png","PID-0226","Cyber Insurance",854
"Business Insurance","ID_GRP3B_1","Cyber Insurance","Cyber Insurance","IDO_PolicyTypes/Umbrella.png","PID-0227","Cyber Insurance",855
"Business Insurance","ID_GRP3B_1","Cyber Insurance","Cyber Insurance","IDO_PolicyTypes/Umbrella.png","PID-0233","Cyber Insurance",860
"Business Insurance","ID_GRP3B_1","Cyber Insurance","Cyber Insurance","IDO_PolicyTypes/Umbrella.png","PID-0240","Cyber Insurance",867
"Business Insurance","ID_GRP3B_1","Cyber Insurance","Cyber Insurance","IDO_PolicyTypes/Umbrella.png","PID-0241","Cyber Insurance",868
"Business Insurance","ID_GRP3B_1","Cyber Insurance","Cyber Insurance","IDO_PolicyTypes/Umbrella.png","PID-0262","Cyber Insurance",889
"Business Insurance","ID_GRP3B_1","Cyber Insurance","Cyber Insurance","IDO_PolicyTypes/Umbrella.png","PID-0263","Cyber Insurance",890
"Business Insurance","ID_GRP3B_1","Cyber Insurance","Cyber Insurance","IDO_PolicyTypes/Umbrella.png","PID-0268","Cyber Insurance",897
"Business Insurance","ID_GRP3B_1","Cyber Insurance","Cyber Insurance","IDO_PolicyTypes/Umbrella.png","PID-0269","Cyber Insurance",898
"Business Insurance","ID_GRP3B_1","Cyber Insurance","Cyber Insurance","IDO_PolicyTypes/Umbrella.png","PID-0272","Cyber Insurance",901
"Business Insurance","ID_GRP3B_1","Cyber Insurance","Cyber Insurance","IDO_PolicyTypes/Umbrella.png","PID-0273","Cyber Insurance",902
"Business Insurance","ID_GRP3B_1","Cyber Insurance","Cyber Insurance","IDO_PolicyTypes/Umbrella.png","PID-0274","Cyber Insurance",903
"Business Insurance","ID_GRP3B_1","Cyber Insurance","Cyber Insurance","IDO_PolicyTypes/Umbrella.png","PID-0279","Cyber Insurance",908
"Business Insurance","ID_GRP3B_1","Cyber Insurance","Cyber Insurance","IDO_PolicyTypes/Umbrella.png","PID-0280","Cyber Insurance",909
"Business Insurance","ID_GRP3B_1","Cyber Insurance","Cyber Insurance","IDO_PolicyTypes/Umbrella.png","PID-0281","Cyber Insurance",910
"Business Insurance","ID_GRP3B_1","Cyber Insurance","Cyber Insurance","IDO_PolicyTypes/Umbrella.png","PID-0282","Cyber Insurance",911
"Business Insurance","ID_GRP3B_1","Cyber Insurance","Cyber Insurance","IDO_PolicyTypes/Umbrella.png","PID-0283","Cyber Insurance",912
"Business Insurance","ID_GRP3B_1","Cyber Insurance","Cyber Insurance","IDO_PolicyTypes/Umbrella.png","PID-0290","Cyber Insurance",919
"Business Insurance","ID_GRP3B_1","Cyber Insurance","Cyber Insurance","IDO_PolicyTypes/Umbrella.png","PID-0291","Cyber Insurance",920
"Business Insurance","ID_GRP3B_1","Cyber Insurance","Cyber Insurance","IDO_PolicyTypes/Umbrella.png","PID-0294","Cyber Insurance",923
"Business Insurance","ID_GRP3B_1","Cyber Insurance","Cyber Insurance","IDO_PolicyTypes/Umbrella.png","PID-0295","Cyber Insurance",924
"Business Insurance","ID_GRP3B_1","Cyber Insurance","Cyber Insurance","IDO_PolicyTypes/Umbrella.png","PID-0304","Cyber Insurance",935
"Business Insurance","ID_GRP3B_1","Cyber Insurance","Cyber Insurance","IDO_PolicyTypes/Umbrella.png","PID-0309","Cyber Insurance",948
"Business Insurance","ID_GRP3B_1","Cyber Insurance","Cyber Insurance","IDO_PolicyTypes/Umbrella.png","PID-0310","Cyber Insurance",949
"Business Insurance","ID_GRP3B_1","Cyber Insurance","Cyber Insurance","IDO_PolicyTypes/Umbrella.png","PID-0311","Cyber Insurance",950
"Business Insurance","ID_GRP3B_1","Cyber Insurance","Cyber Insurance","IDO_PolicyTypes/Umbrella.png","PID-0318","Cyber Insurance",959
"Business Insurance","ID_GRP3B_1","Cyber Insurance","Cyber Insurance","IDO_PolicyTypes/Umbrella.png","PID-0319","Cyber Insurance",960
"Business Insurance","ID_GRP3B_1","Cyber Insurance","Cyber Insurance","IDO_PolicyTypes/Umbrella.png","PID-0324","Cyber Insurance",965
"Business Insurance","ID_GRP3B_1","Cyber Insurance","Cyber Insurance","IDO_PolicyTypes/Umbrella.png","PID-0325","Cyber Insurance",966
"Business Insurance","ID_GRP3B_1","Cyber Insurance","Cyber Insurance","IDO_PolicyTypes/Umbrella.png","PID-0326","Cyber Insurance",967
"Business Insurance","ID_GRP3B_1","Cyber Insurance","Cyber Insurance","IDO_PolicyTypes/Umbrella.png","PID-0327","Cyber Insurance",968
"Business Insurance","ID_GRP3B_1","Cyber Insurance","Cyber Insurance","IDO_PolicyTypes/Umbrella.png","PID-0328","Cyber Insurance",969
"Business Insurance","ID_GRP3B_1","Cyber Insurance","Cyber Insurance","IDO_PolicyTypes/Umbrella.png","PID-0329","Cyber Insurance",970
"Business Insurance","ID_GRP3B_1","Cyber Insurance","Cyber Insurance","IDO_PolicyTypes/Umbrella.png","PID-0330","Cyber Insurance",971
"Business Insurance","ID_GRP3B_1","Cyber Insurance","Cyber Insurance","IDO_PolicyTypes/Umbrella.png","PID-0331","Cyber Insurance",972
"Business Insurance","ID_GRP3B_1","Cyber Insurance","Cyber Insurance","IDO_PolicyTypes/Umbrella.png","PID-0332","Cyber Insurance",973
"Business Insurance","ID_GRP3B_1","Cyber Insurance","Cyber Insurance","IDO_PolicyTypes/Umbrella.png","PID-0333","Cyber Insurance",974
"Business Insurance","ID_GRP3B_1","Cyber Insurance","Cyber Insurance","IDO_PolicyTypes/Umbrella.png","PID-0334","Cyber Insurance",975
"Business Insurance","ID_GRP3B_1","Cyber Insurance","Cyber Insurance","IDO_PolicyTypes/Umbrella.png","PID-0335","Cyber Insurance",976
"Business Insurance","ID_GRP3B_1","Cyber Insurance","Cyber Insurance","IDO_PolicyTypes/Umbrella.png","PID-0336","Cyber Insurance",979
"Business Insurance","ID_GRP3B_1","Cyber Insurance","Cyber Insurance","IDO_PolicyTypes/Umbrella.png","PID-0337","Cyber Insurance",980
"Business Insurance","ID_GRP3B_1","Cyber Insurance","Cyber Insurance","IDO_PolicyTypes/Umbrella.png","PID-0340","Cyber Insurance",985
"Business Insurance","ID_GRP3B_1","Cyber Insurance","Cyber Insurance","IDO_PolicyTypes/Umbrella.png","PID-0341","Cyber Insurance",986
"Business Insurance","ID_GRP3B_1","Cyber Insurance","Cyber Insurance","IDO_PolicyTypes/Umbrella.png","PID-0342","Cyber Insurance",987
"Business Insurance","ID_GRP3B_1","Cyber Insurance","Cyber Insurance","IDO_PolicyTypes/Umbrella.png","PID-0343","Cyber Insurance",988
"Business Insurance","ID_GRP3B_1","Cyber Insurance","Cyber Insurance","IDO_PolicyTypes/Umbrella.png","PID-0344","Cyber Insurance",991
"Business Insurance","ID_GRP3B_1","Cyber Insurance","Cyber Insurance","IDO_PolicyTypes/Umbrella.png","PID-0345","Cyber Insurance",992
"Business Insurance","ID_GRP3B_1","Cyber Insurance","Cyber Insurance","IDO_PolicyTypes/Umbrella.png","PID-0346","Cyber Insurance",993
"Business Insurance","ID_GRP3B_1","Cyber Insurance","Cyber Insurance","IDO_PolicyTypes/Umbrella.png","PID-0347","Cyber Insurance",994
"Business Insurance","ID_GRP3B_1","Cyber Insurance","Cyber Insurance","IDO_PolicyTypes/Umbrella.png","PID-0348","Cyber Insurance",995
"Business Insurance","ID_GRP3B_1","Cyber Insurance","Cyber Insurance","IDO_PolicyTypes/Umbrella.png","PID-0349","Cyber Insurance",996
"Business Insurance","ID_GRP3B_1","Cyber Insurance","Cyber Insurance","IDO_PolicyTypes/Umbrella.png","PID-0350","Cyber Insurance",997
"Business Insurance","ID_GRP3B_1","Cyber Insurance","Cyber Insurance","IDO_PolicyTypes/Umbrella.png","PID-0351","Cyber Insurance",998
"Business Insurance","ID_GRP3B_1","Cyber Insurance","Cyber Insurance","IDO_PolicyTypes/Umbrella.png","PID-0352","Cyber Insurance",999
"Investments","ID_GRP3B_1","Mutual Funds","Mutual Funds","IDO_PolicyTypes/Umbrella.png","PID-0244","Mutual Funds",871
"Investments","ID_GRP3B_1","Mutual Funds","Mutual Funds","IDO_PolicyTypes/Umbrella.png","PID-0245","Mutual Funds",872
"Investments","ID_GRP3B_1","Mutual Funds","Mutual Funds","IDO_PolicyTypes/Umbrella.png","PID-0246","Mutual Funds",873
"Investments","ID_GRP3B_1","Mutual Funds","Mutual Funds","IDO_PolicyTypes/Umbrella.png","PID-0247","Mutual Funds",874
"Investments","ID_GRP3B_1","Mutual Funds","Mutual Funds","IDO_PolicyTypes/Umbrella.png","PID-0248","Mutual Funds",875
"Business Insurance","ID_GRP3B_2","Cyber Insurance","Cyber Insurance","IDO_PolicyTypes/Umbrella.png","PID-0228","Cyber Insurance",856
"Business Insurance","ID_GRP3B_2","Cyber Insurance","Cyber Insurance","IDO_PolicyTypes/Umbrella.png","PID-0229","Cyber Insurance",857
"Business Insurance","ID_GRP3B_2","Cyber Insurance","Cyber Insurance","IDO_PolicyTypes/Umbrella.png","PID-0230","Cyber Insurance",858
"Business Insurance","ID_GRP3B_2","Cyber Insurance","Cyber Insurance","IDO_PolicyTypes/Umbrella.png","PID-0231","Cyber Insurance",859
"Business Insurance","ID_GRP3B_2","Cyber Insurance","Cyber Insurance","IDO_PolicyTypes/Umbrella.png","PID-0264","Cyber Insurance",891
"Business Insurance","ID_GRP3B_2","Cyber Insurance","Cyber Insurance","IDO_PolicyTypes/Umbrella.png","PID-0265","Cyber Insurance",892
"Business Insurance","ID_GRP3B_2","Cyber Insurance","Cyber Insurance","IDO_PolicyTypes/Umbrella.png","PID-0266","Cyber Insurance",893
"Business Insurance","ID_GRP3B_2","Cyber Insurance","Cyber Insurance","IDO_PolicyTypes/Umbrella.png","PID-0267","Cyber Insurance",894
"Business Insurance","ID_GRP3B_2","Cyber Insurance","Cyber Insurance","IDO_PolicyTypes/Umbrella.png","PID-0275","Cyber Insurance",904
"Business Insurance","ID_GRP3B_2","Cyber Insurance","Cyber Insurance","IDO_PolicyTypes/Umbrella.png","PID-0276","Cyber Insurance",905
"Business Insurance","ID_GRP3B_2","Cyber Insurance","Cyber Insurance","IDO_PolicyTypes/Umbrella.png","PID-0277","Cyber Insurance",906
"Business Insurance","ID_GRP3B_2","Cyber Insurance","Cyber Insurance","IDO_PolicyTypes/Umbrella.png","PID-0278","Cyber Insurance",907
"Business Insurance","ID_GRP3B_2","Cyber Insurance","Cyber Insurance","IDO_PolicyTypes/Umbrella.png","PID-0284","Cyber Insurance",913
"Business Insurance","ID_GRP3B_2","Cyber Insurance","Cyber Insurance","IDO_PolicyTypes/Umbrella.png","PID-0285","Cyber Insurance",914
"Business Insurance","ID_GRP3B_2","Cyber Insurance","Cyber Insurance","IDO_PolicyTypes/Umbrella.png","PID-0286","Cyber Insurance",915
"Business Insurance","ID_GRP3B_2","Cyber Insurance","Cyber Insurance","IDO_PolicyTypes/Umbrella.png","PID-0287","Cyber Insurance",916
"Business Insurance","ID_GRP3B_2","Cyber Insurance","Cyber Insurance","IDO_PolicyTypes/Umbrella.png","PID-0305","Cyber Insurance",936
"Business Insurance","ID_GRP3B_2","Cyber Insurance","Cyber Insurance","IDO_PolicyTypes/Umbrella.png","PID-0306","Cyber Insurance",937
"Business Insurance","ID_GRP3B_2","Cyber Insurance","Cyber Insurance","IDO_PolicyTypes/Umbrella.png","PID-0307","Cyber Insurance",938
"Business Insurance","ID_GRP3B_2","Cyber Insurance","Cyber Insurance","IDO_PolicyTypes/Umbrella.png","PID-0308","Cyber Insurance",947
"Business Insurance","ID_GRP3B_2","Cyber Insurance","Cyber Insurance","IDO_PolicyTypes/Umbrella.png","PID-0320","Cyber Insurance",961
"Business Insurance","ID_GRP3B_2","Cyber Insurance","Cyber Insurance","IDO_PolicyTypes/Umbrella.png","PID-0321","Cyber Insurance",962
"Business Insurance","ID_GRP3B_2","Cyber Insurance","Cyber Insurance","IDO_PolicyTypes/Umbrella.png","PID-0322","Cyber Insurance",963
"Business Insurance","ID_GRP3B_2","Cyber Insurance","Cyber Insurance","IDO_PolicyTypes/Umbrella.png","PID-0323","Cyber Insurance",964
"Investments","ID_GRP3B_2","Mutual Funds","Mutual Funds","IDO_PolicyTypes/Umbrella.png","PID-0249","Mutual Funds",876
"Investments","ID_GRP3B_2","Mutual Funds","Mutual Funds","IDO_PolicyTypes/Umbrella.png","PID-0250","Mutual Funds",877
"Investments","ID_GRP3B_2","Mutual Funds","Mutual Funds","IDO_PolicyTypes/Umbrella.png","PID-0251","Mutual Funds",878
"Investments","ID_GRP3B_2","Mutual Funds","Mutual Funds","IDO_PolicyTypes/Umbrella.png","PID-0252","Mutual Funds",879
"Investments","ID_GRP3B_2","Mutual Funds","Mutual Funds","IDO_PolicyTypes/Umbrella.png","PID-0253","Mutual Funds",880
"Investments","ID_GRP3B_3","Estate Planning","Estate Planning","IDO_PolicyTypes/Umbrella.png","PID-0003","Estate Planning",1000
"Investments","ID_GRP3B_3","Estate Planning","Estate Planning","IDO_PolicyTypes/Umbrella.png","PID-0004","Estate Planning",1003
"Investments","ID_GRP3B_3","Estate Planning","Estate Planning","IDO_PolicyTypes/Umbrella.png","PID-0005","Estate Planning",1004
"Investments","ID_GRP3B_3","Estate Planning","Estate Planning","IDO_PolicyTypes/Umbrella.png","PID-0006","Estate Planning",1005
"Investments","ID_GRP3B_3","Estate Planning","Estate Planning","IDO_PolicyTypes/Umbrella.png","PID-0007","Estate Planning",1006
"Investments","ID_GRP3B_3","Estate Planning","Estate Planning","IDO_PolicyTypes/Umbrella.png","PID-0008","Estate Planning",1007
"Investments","ID_GRP3B_3","Estate Planning","Estate Planning","IDO_PolicyTypes/Umbrella.png","PID-0009","Estate Planning",1008
"Investments","ID_GRP3B_3","Estate Planning","Estate Planning","IDO_PolicyTypes/Umbrella.png","PID-0010","Estate Planning",1011
"Investments","ID_GRP3B_3","Estate Planning","Estate Planning","IDO_PolicyTypes/Umbrella.png","PID-0011","Estate Planning",1012
"Investments","ID_GRP3B_3","Estate Planning","Estate Planning","IDO_PolicyTypes/Umbrella.png","PID-0012","Estate Planning",1019
"Investments","ID_GRP3B_3","Estate Planning","Estate Planning","IDO_PolicyTypes/Umbrella.png","PID-0013","Estate Planning",1020
"Investments","ID_GRP3B_3","Estate Planning","Estate Planning","IDO_PolicyTypes/Umbrella.png","PID-0014","Estate Planning",1023
"Investments","ID_GRP3B_3","Estate Planning","Estate Planning","IDO_PolicyTypes/Umbrella.png","PID-0015","Estate Planning",1024
"Investments","ID_GRP3B_3","Estate Planning","Estate Planning","IDO_PolicyTypes/Umbrella.png","PID-0016","Estate Planning",1025
"Investments","ID_GRP3B_3","Estate Planning","Estate Planning","IDO_PolicyTypes/Umbrella.png","PID-0018","Estate Planning",1027
"Investments","ID_GRP3B_3","Estate Planning","Estate Planning","IDO_PolicyTypes/Umbrella.png","PID-0019","Estate Planning",1028
"Investments","ID_GRP3B_3","Estate Planning","Estate Planning","IDO_PolicyTypes/Umbrella.png","PID-0020","Estate Planning",1029
"Investments","ID_GRP3B_3","Estate Planning","Estate Planning","IDO_PolicyTypes/Umbrella.png","PID-0021","Estate Planning",1030
"Investments","ID_GRP3B_3","Estate Planning","Estate Planning","IDO_PolicyTypes/Umbrella.png","PID-0022","Estate Planning",1031
"Investments","ID_GRP3B_3","Estate Planning","Estate Planning","IDO_PolicyTypes/Umbrella.png","PID-0023","Estate Planning",1032
"Investments","ID_GRP3B_3","Estate Planning","Estate Planning","IDO_PolicyTypes/Umbrella.png","PID-0024","Estate Planning",1033
"Investments","ID_GRP3B_3","Estate Planning","Estate Planning","IDO_PolicyTypes/Umbrella.png","PID-0025","Estate Planning",1034
"Investments","ID_GRP3B_3","Estate Planning","Estate Planning","IDO_PolicyTypes/Umbrella.png","PID-0026","Estate Planning",1035
"Investments","ID_GRP3B_3","Estate Planning","Estate Planning","IDO_PolicyTypes/Umbrella.png","PID-0027","Estate Planning",1036
"Investments","ID_GRP3B_3","Estate Planning","Estate Planning","IDO_PolicyTypes/Umbrella.png","PID-0028","Estate Planning",1037
"Investments","ID_GRP3B_3","Estate Planning","Estate Planning","IDO_PolicyTypes/Umbrella.png","PID-0029","Estate Planning",1038
"Investments","ID_GRP3B_3","Estate Planning","Estate Planning","IDO_PolicyTypes/Umbrella.png","PID-0030","Estate Planning",1039
"Investments","ID_GRP3B_3","Estate Planning","Estate Planning","IDO_PolicyTypes/Umbrella.png","PID-0031","Estate Planning",1040
"Investments","ID_GRP3B_3","Estate Planning","Estate Planning","IDO_PolicyTypes/Umbrella.png","PID-0032","Estate Planning",1041
"Investments","ID_GRP3B_3","Estate Planning","Estate Planning","IDO_PolicyTypes/Umbrella.png","PID-0033","Estate Planning",1042
"Investments","ID_GRP3B_3","Mutual Funds","Mutual Funds","IDO_PolicyTypes/Umbrella.png","PID-0254","Mutual Funds",881
"Investments","ID_GRP3B_3","Mutual Funds","Mutual Funds","IDO_PolicyTypes/Umbrella.png","PID-0255","Mutual Funds",882
"Investments","ID_GRP3B_3","Mutual Funds","Mutual Funds","IDO_PolicyTypes/Umbrella.png","PID-0256","Mutual Funds",883
"Investments","ID_GRP3B_3","Mutual Funds","Mutual Funds","IDO_PolicyTypes/Umbrella.png","PID-0257","Mutual Funds",884