"AccountId","AgeBucket","MailingCountry","Title","MailingCity","Gender","Birthdate","Salutation","MailingState","Name","Department","LeadSource","MailingPostalCode","Id","Last_Processed","Created_Date","Age"
,"18-25","USA",,,"Male","1970-04-26 00:00:00",,"WY","John Mammen",,,,"003B000000FYpKzIAL","2020-05-21 23:25:37","2020-02-23 00:00:00",22
,"18-25","USA",,,"Male","1970-04-26 00:00:00",,"OK","Ankit Gupta",,,,"003B000000FYpL9IAL","2020-05-21 23:25:37","2020-02-23 00:00:00",23
,"18-25","USA",,,"Female","1970-04-26 00:00:00",,"MO","Agata Baker",,,,"003B000000FZQBRIA5","2020-05-21 23:25:37","2020-02-23 00:00:00",21
,"18-25","USA",,,"Male","1970-04-26 00:00:00",,"UT","Eric Crawford",,,,"003B000000FZQBSIA5","2020-05-21 23:25:37","2020-02-23 00:00:00",19
,"18-25","USA",,,"Male","1970-04-26 00:00:00",,"CT","Edwin Johnson",,,,"003B000000FZQBdIAP","2020-05-21 23:25:37","2020-02-23 00:00:00",21
,"18-25","USA",,,"Female","1970-04-26 00:00:00",,"CA","Alisa Warren",,,,"003B000000FZQBYIA5","2020-05-21 23:25:37","2020-02-23 00:00:00",18
,"18-25","USA",,,"Female","1970-04-26 00:00:00",,"CT","Melissa Holmes",,,,"003B000000FZQBTIA5","2020-05-21 23:25:37","2020-02-23 00:00:00",21
,"36-50","USA",,,"Male","1970-04-26 00:00:00",,"DC","Frederick Hill",,,,"003B000000FZQBZIA5","2020-05-21 23:25:37","2020-02-23 00:00:00",47
,"36-50","USA",,,"Male","1970-04-26 00:00:00",,"OK","Jack Owens",,,,"003B000000FZQBWIA5","2020-05-21 23:25:37","2020-02-23 00:00:00",39
,"36-50","USA",,,"Male","1970-04-26 00:00:00",,"MN","Dexter Bailey",,,,"003B000000FZQBcIAP","2020-05-21 23:25:37","2020-02-23 00:00:00",44
,"36-50","USA",,,"Male","1970-04-26 00:00:00",,"FL","Howard Stamos",,,,"003B000000FiEczIAF","2020-05-21 23:25:37","2020-02-23 00:00:00",42
,"36-50","USA",,,"Male","1970-04-26 00:00:00",,"CA","Brad Wright",,,,"003B000000FZQBeIAP","2020-05-21 23:25:37","2020-02-23 00:00:00",49
,"36-50","USA",,,"Male","1970-04-26 00:00:00",,"NC","Albert Hill",,,,"003B000000FZQBaIAP","2020-05-21 23:25:37","2020-02-23 00:00:00",38
,"36-50","USA",,,"Male","1970-04-26 00:00:00",,"DC","Howard Jones",,,,"003B000000FiEd0IAF","2020-05-21 23:25:37","2020-02-23 00:00:00",50
,"36-50","USA",,,"Female","1970-04-26 00:00:00",,"MD","Sophia Crawford",,,,"003B000000FZQBUIA5","2020-05-21 23:25:37","2020-02-23 00:00:00",41
,"36-50","USA",,,"Female","1970-04-26 00:00:00",,"IN","Chelsea Phillips",,,,"003B000000FZQBbIAP","2020-05-21 23:25:37","2020-02-23 00:00:00",36
,"36-50","USA",,,"NA","1970-04-26 00:00:00",,"KY","Navteshwara Kaur",,,,"003B000000FYpL4IAL","2020-05-21 23:25:37","2020-02-23 00:00:00",48
,"36-50","USA",,,"Female","1970-04-26 00:00:00",,"ME","Carole White",,,,"003B000000FiEcxIAF","2020-05-21 23:25:37","2020-02-23 00:00:00",45
,"36-50","USA",,,"Female","1970-04-26 00:00:00",,"TN","Adam Gray",,,,"003B000000FZQBVIA5","2020-05-21 23:25:37","2020-02-23 00:00:00",38
,"36-50","USA",,,"Female","1970-04-26 00:00:00",,"NM","Honey Allen",,,,"003B000000FZQBXIA5","2020-05-21 23:25:37","2020-02-23 00:00:00",40
,"36-50","USA",,,"Male","1970-04-26 00:00:00",,"NH","Pramit Das",,,,"003B000000FBm2AIAT","2020-05-21 23:25:37","2020-02-23 00:00:00",44
,"36-50","USA",,,"Female","1970-04-26 00:00:00",,"AR","Carol White",,,,"003B000000FiEcxIAF","2020-05-21 23:25:37","2020-02-23 00:00:00",36
,"36-50","USA",,,"Male","1970-04-26 00:00:00",,"OK","Albert Sullivan",,,,"003B000000FZQBjIAP","2020-05-21 23:25:37","2020-02-23 00:00:00",40
,"36-50","USA",,,"Female","1988-11-07 00:00:00","Mrs.","NH","Rosalie Hughes",,,,"003B000000H0WCXIA3","2020-05-21 23:25:37","2020-06-20 00:00:00",46
,"26-35","USA",,,"Female","1988-11-30 00:00:00","Mrs.","NE","Theresa Sullivan",,,,"003B000000H0WCYIA3","2020-05-21 23:25:37","2020-06-20 00:00:00",32
,"26-35","USA",,,"Female","1989-11-08 00:00:00","Mrs.","ME","Josephine Alexander",,,,"003B000000H0WCZIA3","2020-05-21 23:25:37","2020-06-20 00:00:00",31
,"26-35","USA",,,"Female","1986-03-17 00:00:00","Mrs.","HI","Lily Hart",,,,"003B000000H0WCaIAN","2020-05-21 23:25:37","2020-06-20 00:00:00",35
,"26-35","USA",,,"Female","1987-09-04 00:00:00","Mrs.","GA","Polly Marsh",,,,"003B000000H0WCbIAN","2020-05-21 23:25:37","2020-06-20 00:00:00",33
,"26-35","USA",,,"Female","1990-10-08 00:00:00","Mrs.","AL","Tommy Lewis",,,,"003B000000H0WCcIAN","2020-05-21 23:25:37","2020-06-20 00:00:00",30
,"26-35","USA",,,"Female","1986-05-29 00:00:00","Mrs.","ME","Louis Vasquez",,,,"003B000000H0WCdIAN","2020-05-21 23:25:37","2020-06-20 00:00:00",34
,"26-35","USA",,,"Female","1986-04-27 00:00:00","Mrs.","VT","Dale Day",,,,"003B000000H0WCeIAN","2020-05-21 23:25:37","2020-06-20 00:00:00",34
,"26-35","USA",,,"Female","1987-07-11 00:00:00","Mrs.","OR","Ophelia Lee",,,,"003B000000H0WCfIAN","2020-05-21 23:25:37","2020-06-20 00:00:00",33
,"26-35","USA",,,"Female","1994-09-20 00:00:00","Mrs.","NY","Victoria Dunn",,,,"003B000000H0WCgIAN","2020-05-21 23:25:37","2020-06-20 00:00:00",26
,"26-35","USA",,,"Female","1994-02-16 00:00:00","Mrs.","IN","Angel Taylor",,,,"003B000000H0WChIAN","2020-05-21 23:25:37","2020-06-20 00:00:00",27
,"18-25","USA",,,"Female","1995-11-12 00:00:00","Mrs.","NV","Eleanor Bennett",,,,"003B000000H0WCiIAN","2020-05-21 23:25:37","2020-06-20 00:00:00",25
,"26-35","USA",,,"Female","1985-12-15 00:00:00","Mrs.","AK","Myrtie Roberson",,,,"003B000000H0WCjIAN","2020-05-21 23:25:37","2020-06-20 00:00:00",35
,"26-35","USA",,,"Female","1994-10-27 00:00:00","Mrs.","DC","Lucy Sharp",,,,"003B000000H0WCkIAN","2020-05-21 23:25:37","2020-06-20 00:00:00",26
,"26-35","USA",,,"Female","1991-05-01 00:00:00","Mrs.","CT","Cornelia Steele",,,,"003B000000H0WClIAN","2020-05-21 23:25:37","2020-06-20 00:00:00",29
,"26-35","USA",,,"Female","1995-01-06 00:00:00","Mrs.","OH","Tillie Bryant",,,,"003B000000H0WCmIAN","2020-05-21 23:25:37","2020-06-20 00:00:00",26
,"26-35","USA",,,"Female","1985-06-04 00:00:00","Mrs.","NH","Oscar Joseph",,,,"003B000000H0WCnIAN","2020-05-21 23:25:37","2020-06-20 00:00:00",35
,"26-35","USA",,,"Female","1991-10-07 00:00:00","Mrs.","WI","Albert Casey",,,,"003B000000H0WCoIAN","2020-05-21 23:25:37","2020-06-20 00:00:00",29
,"26-35","USA",,,"Female","1994-07-19 00:00:00","Mrs.","NY","Lucinda Sharp",,,,"003B000000H0WCpIAN","2020-05-21 23:25:37","2020-06-20 00:00:00",26
,"26-35","USA",,,"Female","1989-10-03 00:00:00","Mrs.","PA","Helena Stone",,,,"003B000000H0WCqIAN","2020-05-21 23:25:37","2020-06-20 00:00:00",31
,"18-25","USA",,,"Female","1996-10-21 00:00:00","Mrs.","OH","Trevor Griffin",,,,"003B000000H0WCrIAN","2020-05-21 23:25:37","2020-06-20 00:00:00",24
,"26-35","USA",,,"Female","1993-10-01 00:00:00","Mrs.","IN","Mattie Foster",,,,"003B000000H0WCsIAN","2020-05-21 23:25:37","2020-06-20 00:00:00",27
,"26-35","USA",,,"Female","1992-06-23 00:00:00","Mrs.","MT","Lester Robinson",,,,"003B000000H0WCtIAN","2020-05-21 23:25:37","2020-06-20 00:00:00",28
,"26-35","USA",,,"Female","1994-07-23 00:00:00","Mrs.","MO","Christine Nunez",,,,"003B000000H0WCuIAN","2020-05-21 23:25:37","2020-06-20 00:00:00",26
,"26-35","USA",,,"Female","1986-10-05 00:00:00","Mrs.","MN","Michael Rice",,,,"003B000000H0WCvIAN","2020-05-21 23:25:37","2020-06-20 00:00:00",34
,"26-35","USA",,,"Female","1992-01-04 00:00:00","Mrs.","KS","Jeffrey Jennings",,,,"003B000000H0WCwIAN","2020-05-21 23:25:37","2020-06-20 00:00:00",29
,"26-35","USA",,,"Female","1989-10-03 00:00:00","Mrs.","GA","Lora Hoffman",,,,"003B000000H0WCxIAN","2020-05-21 23:25:37","2020-06-20 00:00:00",31
,"26-35","USA",,,"Female","1989-09-17 00:00:00","Mrs.","RI","Maud Becker",,,,"003B000000H0WCyIAN","2020-05-21 23:25:37","2020-06-20 00:00:00",31
,"26-35","USA",,,"Female","1992-09-06 00:00:00","Mrs.","MS","Lenora Pittman",,,,"003B000000H0WCzIAN","2020-05-21 23:25:37","2020-06-20 00:00:00",28
,"26-35","USA",,,"Female","1986-05-20 00:00:00","Mrs.","AZ","Margaret Roberson",,,,"003B000000H0WD0IAN","2020-05-21 23:25:37","2020-06-20 00:00:00",34
,"18-25","USA",,,"Female","1996-03-05 00:00:00","Mrs.","GA","Ricardo Haynes",,,,"003B000000H0WD1IAN","2020-05-21 23:25:37","2020-06-20 00:00:00",25
,"26-35","USA",,,"Female","1992-11-03 00:00:00","Mrs.","NE","Nancy Watson",,,,"003B000000H0WD2IAN","2020-05-21 23:25:37","2020-06-20 00:00:00",28
,"26-35","USA",,,"Female","1991-01-26 00:00:00","Mrs.","NC","Frederick Cooper",,,,"003B000000H0WD3IAN","2020-05-21 23:25:37","2020-06-20 00:00:00",30
,"26-35","USA",,,"Female","1991-10-29 00:00:00","Mrs.","AK","Cecilia Morales",,,,"003B000000H0WD4IAN","2020-05-21 23:25:37","2020-06-20 00:00:00",29
,"18-25","USA",,,"Female","1997-03-28 00:00:00","Mrs.","KY","Alejandro Lloyd",,,,"003B000000H0WD5IAN","2020-05-21 23:25:37","2020-06-20 00:00:00",24
,"26-35","USA",,,"Female","1992-05-22 00:00:00","Mrs.","SD","Maurice Page",,,,"003B000000H0WD6IAN","2020-05-21 23:25:37","2020-06-20 00:00:00",28
,"26-35","USA",,,"Female","1992-03-26 00:00:00","Mrs.","CA","Allen Lowe",,,,"003B000000H0WD7IAN","2020-05-21 23:25:37","2020-06-20 00:00:00",29
,"26-35","USA",,,"Female","1990-05-16 00:00:00","Mrs.","ND","Beulah Simon",,,,"003B000000H0WD8IAN","2020-05-21 23:25:37","2020-06-20 00:00:00",30
,"26-35","USA",,,"Female","1991-02-04 00:00:00","Mrs.","WI","Adeline Rose",,,,"003B000000H0WD9IAN","2020-05-21 23:25:37","2020-06-20 00:00:00",30
,"36-50","USA",,,"Female","1981-02-06 00:00:00","Mrs.","VA","Luella Swanson",,,,"003B000000H0WDAIA3","2020-05-21 23:25:37","2020-06-20 00:00:00",40
,"36-50","USA",,,"Female","1977-07-31 00:00:00","Mrs.","NV","Zachary McCarthy",,,,"003B000000H0WDBIA3","2020-05-21 23:25:37","2020-06-20 00:00:00",43
,"36-50","USA",,,"Female","1980-05-30 00:00:00","Mrs.","OK","Emma Richardson",,,,"003B000000H0WDCIA3","2020-05-21 23:25:37","2020-06-20 00:00:00",40
,"36-50","USA",,,"Female","1982-09-25 00:00:00","Mrs.","WV","Alvin Townsend",,,,"003B000000H0WDDIA3","2020-05-21 23:25:37","2020-06-20 00:00:00",38
,"36-50","USA",,,"Female","1976-07-08 00:00:00","Mrs.","VA","Ronnie Lewis",,,,"003B000000H0WDEIA3","2020-05-21 23:25:37","2020-06-20 00:00:00",44
,"36-50","USA",,,"Female","1971-05-15 00:00:00","Mrs.","GA","Elsie Cole",,,,"003B000000H0WDFIA3","2020-05-21 23:25:37","2020-06-20 00:00:00",49
,"36-50","USA",,,"Female","1983-03-21 00:00:00","Mrs.","FL","Cecilia Cortez",,,,"003B000000H0WDGIA3","2020-05-21 23:25:37","2020-06-20 00:00:00",38
,"36-50","USA",,,"Female","1978-03-19 00:00:00","Mrs.","DC","Harold Todd",,,,"003B000000H0WDHIA3","2020-05-21 23:25:37","2020-06-20 00:00:00",43
,"36-50","USA",,,"Female","1977-05-12 00:00:00","Mrs.","NM","Gerald Myers",,,,"003B000000H0WDIIA3","2020-05-21 23:25:37","2020-06-20 00:00:00",43
,"36-50","USA",,,"Female","1982-05-05 00:00:00","Mrs.","AK","Ricky Bishop",,,,"003B000000H0WDJIA3","2020-05-21 23:25:37","2020-06-20 00:00:00",38
,"36-50","USA",,,"Female","1983-03-11 00:00:00","Mrs.","OK","Lewis Harvey",,,,"003B000000H0WDKIA3","2020-05-21 23:25:37","2020-06-20 00:00:00",38
,"36-50","USA",,,"Female","1974-07-25 00:00:00","Mrs.","MN","Olga Tucker",,,,"003B000000H0WDLIA3","2020-05-21 23:25:37","2020-06-20 00:00:00",46
,"36-50","USA",,,"Female","1973-02-04 00:00:00","Mrs.","VA","Calvin Knight",,,,"003B000000H0WDMIA3","2020-05-21 23:25:37","2020-06-20 00:00:00",48
,"36-50","USA",,,"Female","1978-02-24 00:00:00","Mrs.","ND","Marie Howard",,,,"003B000000H0WDNIA3","2020-05-21 23:25:37","2020-06-20 00:00:00",43
,"36-50","USA",,,"Female","1974-02-24 00:00:00","Mrs.","AL","Martin Bowers",,,,"003B000000H0WDOIA3","2020-05-21 23:25:37","2020-06-20 00:00:00",47
,"36-50","USA",,,"Female","1974-03-01 00:00:00","Mrs.","IA","Chase Simpson",,,,"003B000000H0WDPIA3","2020-05-21 23:25:37","2020-06-20 00:00:00",47
,"36-50","USA",,,"Female","1984-05-17 00:00:00","Mrs.","NM","Isaac Reeves",,,,"003B000000H0WDQIA3","2020-05-21 23:25:37","2020-06-20 00:00:00",36
,"36-50","USA",,,"Female","1971-01-27 00:00:00","Mrs.","AK","Agnes Peterson",,,,"003B000000H0WDRIA3","2020-05-21 23:25:37","2020-06-20 00:00:00",50
,"36-50","USA",,,"Female","1982-11-16 00:00:00","Mrs.","KY","Emilie Wood",,,,"003B000000H0WDSIA3","2020-05-21 23:25:37","2020-06-20 00:00:00",38
,"36-50","USA",,,"Female","1976-04-17 00:00:00","Mrs.","ND","Jim Ramsey",,,,"003B000000H0WDTIA3","2020-05-21 23:25:37","2020-06-20 00:00:00",45
,"36-50","USA",,,"Female","1977-12-31 00:00:00","Mrs.","WA","Lydia Robinson",,,,"003B000000H0WDUIA3","2020-05-21 23:25:37","2020-06-20 00:00:00",43
,"36-50","USA",,,"Female","1978-12-27 00:00:00","Mrs.","UT","Lois Tran",,,,"003B000000H0WDVIA3","2020-05-21 23:25:37","2020-06-20 00:00:00",42
,"36-50","USA",,,"Female","1980-07-07 00:00:00","Mrs.","SD","Lucas Patton",,,,"003B000000H0WDWIA3","2020-05-21 23:25:37","2020-06-20 00:00:00",40
,"36-50","USA",,,"Female","1981-12-30 00:00:00","Mrs.","SC","Susie Huff",,,,"003B000000H0WDXIA3","2020-05-21 23:25:37","2020-06-20 00:00:00",39
,"36-50","USA",,,"Female","1984-03-09 00:00:00","Mrs.","WY","Brandon Becker",,,,"003B000000H0WDYIA3","2020-05-21 23:25:37","2020-06-20 00:00:00",37
,"36-50","USA",,,"Female","1975-07-02 00:00:00","Mrs.","OK","Amanda Rios",,,,"003B000000H0WDZIA3","2020-05-21 23:25:37","2020-06-20 00:00:00",45
,"36-50","USA",,,"Female","1985-03-03 00:00:00","Mrs.","MO","Frederick Fields",,,,"003B000000H0WDaIAN","2020-05-21 23:25:37","2020-06-20 00:00:00",36
,"36-50","USA",,,"Female","1972-02-08 00:00:00","Mrs.","UT","Lora Sullivan",,,,"003B000000H0WDbIAN","2020-05-21 23:25:37","2020-06-20 00:00:00",49
,"36-50","USA",,,"Female","1971-04-25 00:00:00","Mrs.","CT","Katherine Joseph",,,,"003B000000H0WDcIAN","2020-05-21 23:25:37","2020-06-20 00:00:00",50
,"36-50","USA",,,"Female","1977-06-25 00:00:00","Mrs.","CA","Annie Harper",,,,"003B000000H0WDdIAN","2020-05-21 23:25:37","2020-06-20 00:00:00",43
,"36-50","USA",,,"Female","1971-01-17 00:00:00","Mrs.","CT","Elva Vargas",,,,"003B000000H0WDeIAN","2020-05-21 23:25:37","2020-06-20 00:00:00",50
,"36-50","USA",,,"Female","1974-01-04 00:00:00","Mrs.","DC","Mildred Garner",,,,"003B000000H0WDfIAN","2020-05-21 23:25:37","2020-06-20 00:00:00",47
,"36-50","USA",,,"Female","1975-04-01 00:00:00","Mrs.","OK","Lee Hodges",,,,"003B000000H0WDgIAN","2020-05-21 23:25:37","2020-06-20 00:00:00",46
,"36-50","USA",,,"Female","1972-10-27 00:00:00","Mrs.","MN","Mittie Gardner",,,,"003B000000H0WDhIAN","2020-05-21 23:25:37","2020-06-20 00:00:00",48
,"36-50","USA",,,"Female","1980-03-20 00:00:00","Mrs.","FL","Maria Butler",,,,"003B000000H0WDiIAN","2020-05-21 23:25:37","2020-06-20 00:00:00",41
,"36-50","USA",,,"Female","1984-07-31 00:00:00","Mrs.","CA","Mike Carson",,,,"003B000000H0WDjIAN","2020-05-21 23:25:37","2020-06-20 00:00:00",36
,"36-50","USA",,,"Female","1974-09-25 00:00:00","Mrs.","NC","Corey Mitchell",,,,"003B000000H0WDkIAN","2020-05-21 23:25:37","2020-06-20 00:00:00",46
,"36-50","USA",,,"Female","1980-09-24 00:00:00","Mrs.","DC","Wayne Torres",,,,"003B000000H0WDlIAN","2020-05-21 23:25:37","2020-06-20 00:00:00",40
,"36-50","USA",,,"Female","1981-02-27 00:00:00","Mrs.","MD","Francis Cruz",,,,"003B000000H0WDmIAN","2020-05-21 23:25:37","2020-06-20 00:00:00",40
,"36-50","USA",,,"Female","1975-08-05 00:00:00","Mrs.","IN","Marcus Benson",,,,"003B000000H0WDnIAN","2020-05-21 23:25:37","2020-06-20 00:00:00",45
,"36-50","USA",,,"Female","1981-10-21 00:00:00","Mrs.","KY","Jonathan Alvarado",,,,"003B000000H0WDoIAN","2020-05-21 23:25:37","2020-06-20 00:00:00",39
,"36-50","USA",,,"Female","1981-07-26 00:00:00","Mrs.","ME","Gerald Harris",,,,"003B000000H0WDpIAN","2020-05-21 23:25:37","2020-06-20 00:00:00",39
,"18-25","USA",,,"Male","2001-02-23 00:00:00","Mr.","TN","Adelaide McDaniel",,,,"003B000000H0W4nIAF","2020-05-21 23:25:37","2020-06-20 00:00:00",20
,"<18","USA",,,"Male","2003-06-24 00:00:00","Mr.","NM","Alberta Lambert",,,,"003B000000H0W4oIAF","2020-05-21 23:25:37","2020-06-20 00:00:00",17
,"18-25","USA",,,"Male","1998-07-01 00:00:00","Mr.","NH","Paul McKenzie",,,,"003B000000H0W4pIAF","2020-05-21 23:25:37","2020-06-20 00:00:00",22
,"<18","USA",,,"Male","2003-05-29 00:00:00","Mr.","AR","Mamie Fields",,,,"003B000000H0W4qIAF","2020-05-21 23:25:37","2020-06-20 00:00:00",17
,"18-25","USA",,,"Male","2002-08-27 00:00:00","Mr.","OK","Cora Warner",,,,"003B000000H0W4rIAF","2020-05-21 23:25:37","2020-06-20 00:00:00",18
,"18-25","USA",,,"Male","2002-02-21 00:00:00","Mr.","NH","Essie Hanson",,,,"003B000000H0W4sIAF","2020-05-21 23:25:37","2020-06-20 00:00:00",19
,"18-25","USA",,,"Male","2002-10-07 00:00:00","Mr.","NE","Lois Schwartz",,,,"003B000000H0W4tIAF","2020-05-21 23:25:37","2020-06-20 00:00:00",18
,"18-25","USA",,,"Male","1998-03-17 00:00:00","Mr.","ME","Leroy Patrick",,,,"003B000000H0W4uIAF","2020-05-21 23:25:37","2020-06-20 00:00:00",23
,"18-25","USA",,,"Male","2003-04-01 00:00:00","Mr.","HI","Lydia Pena",,,,"003B000000H0W4vIAF","2020-05-21 23:25:37","2020-06-20 00:00:00",18
,"18-25","USA",,,"Male","2000-10-27 00:00:00","Mr.","GA","Gilbert Herrera",,,,"003B000000H0W4wIAF","2020-05-21 23:25:37","2020-06-20 00:00:00",20
,"18-25","USA",,,"Male","1998-11-14 00:00:00","Mr.","AL","Chris Mendoza",,,,"003B000000H0W4xIAF","2020-05-21 23:25:37","2020-06-20 00:00:00",22
,"18-25","USA",,,"Male","1999-01-30 00:00:00","Mr.","MT","Laura Diaz",,,,"003B000000H0W4yIAF","2020-05-21 23:25:37","2020-06-20 00:00:00",22
,"18-25","USA",,,"Male","2002-11-26 00:00:00","Mr.","MI","Henrietta Williamson",,,,"003B000000H0W4zIAF","2020-05-21 23:25:37","2020-06-20 00:00:00",18
,"18-25","USA",,,"Male","2001-06-27 00:00:00","Mr.","CT","Eddie Cunningham",,,,"003B000000H0W50IAF","2020-05-21 23:25:37","2020-06-20 00:00:00",19
,"18-25","USA",,,"Male","1998-08-14 00:00:00","Mr.","NH","Edwin Kelley",,,,"003B000000H0W51IAF","2020-05-21 23:25:37","2020-06-20 00:00:00",22
,"18-25","USA",,,"Male","1998-10-09 00:00:00","Mr.","AZ","Hilda Shaw",,,,"003B000000H0W52IAF","2020-05-21 23:25:37","2020-06-20 00:00:00",22
,"<18","USA",,,"Male","2003-12-09 00:00:00","Mr.","NV","Vincent Watson",,,,"003B000000H0W53IAF","2020-05-21 23:25:37","2020-06-20 00:00:00",17
,"18-25","USA",,,"Male","2001-04-04 00:00:00","Mr.","IN","Billy Reid",,,,"003B000000H0W54IAF","2020-05-21 23:25:37","2020-06-20 00:00:00",20
,"<18","USA",,,"Male","2003-10-03 00:00:00","Mr.","NM","Frederick Matthews",,,,"003B000000H0W55IAF","2020-05-21 23:25:37","2020-06-20 00:00:00",17
,"18-25","USA",,,"Male","1999-04-20 00:00:00","Mr.","NC","Teresa Townsend",,,,"003B000000H0W56IAF","2020-05-21 23:25:37","2020-06-20 00:00:00",22
,"18-25","USA",,,"Male","1997-12-18 00:00:00","Mr.","NY","Lilly Morrison",,,,"003B000000H0W57IAF","2020-05-21 23:25:37","2020-06-20 00:00:00",23
,"18-25","USA",,,"Male","2000-03-28 00:00:00","Mr.","CT","Elijah Schwartz",,,,"003B000000H0W58IAF","2020-05-21 23:25:37","2020-06-20 00:00:00",21
,"18-25","USA",,,"Male","2001-05-08 00:00:00","Mr.","ME","Jesse Dixon",,,,"003B000000H0W59IAF","2020-05-21 23:25:37","2020-06-20 00:00:00",19
,"18-25","USA",,,"Male","1999-05-21 00:00:00","Mr.","SC","Lucy Thompson",,,,"003B000000H0W5AIAV","2020-05-21 23:25:37","2020-06-20 00:00:00",21
,"18-25","USA",,,"Male","2002-11-09 00:00:00","Mr.","ME","Shane Munoz",,,,"003B000000H0W5BIAV","2020-05-21 23:25:37","2020-06-20 00:00:00",18
,"18-25","USA",,,"Male","2000-01-16 00:00:00","Mr.","MN","Abbie Sanchez",,,,"003B000000H0W5CIAV","2020-05-21 23:25:37","2020-06-20 00:00:00",21
,"36-50","USA",,,"Female","1974-04-19 00:00:00","Mrs.","MA","Sadie Christensen",,,,"003B000000H0WDqIAN","2020-05-21 23:25:37","2020-06-20 00:00:00",47
,"36-50","USA",,,"Female","1982-04-05 00:00:00","Mrs.","MO","Glen Gross",,,,"003B000000H0WDrIAN","2020-05-21 23:25:37","2020-06-20 00:00:00",39
,"36-50","USA",,,"Female","1977-01-05 00:00:00","Mrs.","NE","Grace Gibson",,,,"003B000000H0WDsIAN","2020-05-21 23:25:37","2020-06-20 00:00:00",44
,"36-50","USA",,,"Female","1978-10-18 00:00:00","Mrs.","NY","Ethel Richardson",,,,"003B000000H0WDtIAN","2020-05-21 23:25:37","2020-06-20 00:00:00",42
,"36-50","USA",,,"Female","1972-01-06 00:00:00","Mrs.","IA","Blanche Willis",,,,"003B000000H0WDuIAN","2020-05-21 23:25:37","2020-06-20 00:00:00",49
,"36-50","USA",,,"Female","1983-02-26 00:00:00","Mrs.","MN","Jackson James",,,,"003B000000H0WDvIAN","2020-05-21 23:25:37","2020-06-20 00:00:00",38
,"36-50","USA",,,"Female","1970-05-23 00:00:00","Mrs.","MI","Johanna Wilkins",,,,"003B000000H0WDwIAN","2020-05-21 23:25:37","2020-06-20 00:00:00",50
,"36-50","USA",,,"Female","1980-01-27 00:00:00","Mrs.","MI","Floyd Cooper",,,,"003B000000H0WDxIAN","2020-05-21 23:25:37","2020-06-20 00:00:00",41
,"36-50","USA",,,"Female","1985-04-23 00:00:00","Mrs.","SC","Mina Garner",,,,"003B000000H0WDyIAN","2020-05-21 23:25:37","2020-06-20 00:00:00",36
,"36-50","USA",,,"Female","1973-03-24 00:00:00","Mrs.","WV","Harriet Campbell",,,,"003B000000H0WDzIAN","2020-05-21 23:25:37","2020-06-20 00:00:00",48
,"36-50","USA",,,"Female","1975-07-07 00:00:00","Mrs.","TX","Earl Fernandez",,,,"003B000000H0WE0IAN","2020-05-21 23:25:37","2020-06-20 00:00:00",45
,"36-50","USA",,,"Female","1982-09-04 00:00:00","Mrs.","SD","Matthew Arnold",,,,"003B000000H0WE1IAN","2020-05-21 23:25:37","2020-06-20 00:00:00",38
,"36-50","USA",,,"Female","1980-11-23 00:00:00","Mrs.","AR","Mae Oliver",,,,"003B000000H0WE2IAN","2020-05-21 23:25:37","2020-06-20 00:00:00",40
,"36-50","USA",,,"Female","1976-12-19 00:00:00","Mrs.","AK","Eva Barber",,,,"003B000000H0WE3IAN","2020-05-21 23:25:37","2020-06-20 00:00:00",44
,"36-50","USA",,,"Female","1984-05-09 00:00:00","Mrs.","AR","Marguerite Bates",,,,"003B000000H0WE4IAN","2020-05-21 23:25:37","2020-06-20 00:00:00",36
,"36-50","USA",,,"Female","1980-12-11 00:00:00","Mrs.","IA","Lucy Wilkerson",,,,"003B000000H0WE5IAN","2020-05-21 23:25:37","2020-06-20 00:00:00",40
,"36-50","USA",,,"Female","1974-10-05 00:00:00","Mrs.","MN","Dean Terry",,,,"003B000000H0WE6IAN","2020-05-21 23:25:37","2020-06-20 00:00:00",46
,"36-50","USA",,,"Female","1976-11-14 00:00:00","Mrs.","PA","Amanda Phelps",,,,"003B000000H0WE7IAN","2020-05-21 23:25:37","2020-06-20 00:00:00",44
,"36-50","USA",,,"Female","1972-09-06 00:00:00","Mrs.","DC","Franklin Williamson",,,,"003B000000H0WE8IAN","2020-05-21 23:25:37","2020-06-20 00:00:00",48
,"36-50","USA",,,"Female","1983-06-03 00:00:00","Mrs.","FL","Luis Dennis",,,,"003B000000H0WE9IAN","2020-05-21 23:25:37","2020-06-20 00:00:00",37
,"36-50","USA",,,"Female","1974-08-05 00:00:00","Mrs.","NC","Willie Lawson",,,,"003B000000H0WEAIA3","2020-05-21 23:25:37","2020-06-20 00:00:00",46
,"36-50","USA",,,"Female","1972-12-29 00:00:00","Mrs.","AZ","Sam Warren",,,,"003B000000H0WEBIA3","2020-05-21 23:25:37","2020-06-20 00:00:00",48
,"36-50","USA",,,"Female","1979-07-17 00:00:00","Mrs.","AZ","Hattie Cruz",,,,"003B000000H0WECIA3","2020-05-21 23:25:37","2020-06-20 00:00:00",41
,"36-50","USA",,,"Female","1972-09-18 00:00:00","Mrs.","MI","Minnie Jensen",,,,"003B000000H0WEDIA3","2020-05-21 23:25:37","2020-06-20 00:00:00",48
,"36-50","USA",,,"Female","1980-03-06 00:00:00","Mrs.","LA","Martin Daniels",,,,"003B000000H0WEEIA3","2020-05-21 23:25:37","2020-06-20 00:00:00",41
,"36-50","USA",,,"Female","1976-03-14 00:00:00","Mrs.","AL","Elijah Hill",,,,"003B000000H0WEFIA3","2020-05-21 23:25:37","2020-06-20 00:00:00",45
,"36-50","USA",,,"Female","1971-09-24 00:00:00","Mrs.","MN","Rebecca Harrington",,,,"003B000000H0WEGIA3","2020-05-21 23:25:37","2020-06-20 00:00:00",49
,"18-25","USA",,,"Male","1998-12-08 00:00:00","Mr.","AL","Fanny Simpson",,,,"003B000000H0W5DIAV","2020-05-21 23:25:37","2020-06-20 00:00:00",22
,"18-25","USA",,,"Male","2002-08-04 00:00:00","Mr.","MO","Ethel Santiago",,,,"003B000000H0W5EIAV","2020-05-21 23:25:37","2020-06-20 00:00:00",18
,"<18","USA",,,"Male","2003-11-03 00:00:00","Mr.","WY","Isaac Owen",,,,"003B000000H0W5FIAV","2020-05-21 23:25:37","2020-06-20 00:00:00",17
,"18-25","USA",,,"Male","2000-03-12 00:00:00","Mr.","KY","Cornelia King",,,,"003B000000H0W5GIAV","2020-05-21 23:25:37","2020-06-20 00:00:00",21
,"18-25","USA",,,"Male","2000-11-18 00:00:00","Mr.","UT","Georgia Torres",,,,"003B000000H0W5HIAV","2020-05-21 23:25:37","2020-06-20 00:00:00",20
,"18-25","USA",,,"Male","1999-07-06 00:00:00","Mr.","CO","Tom Reeves",,,,"003B000000H0W5IIAV","2020-05-21 23:25:37","2020-06-20 00:00:00",21
,"<18","USA",,,"Male","2003-09-05 00:00:00","Mr.","MA","Lelia Lee",,,,"003B000000H0W5JIAV","2020-05-21 23:25:37","2020-06-20 00:00:00",17
,"18-25","USA",,,"Male","2002-09-14 00:00:00","Mr.","HI","Andrew Fitzgerald",,,,"003B000000H0W5KIAV","2020-05-21 23:25:37","2020-06-20 00:00:00",18
,"<18","USA",,,"Male","2004-01-01 00:00:00","Mr.","WA","Ian Alvarado",,,,"003B000000H0W5LIAV","2020-05-21 23:25:37","2020-06-20 00:00:00",17
,"<18","USA",,,"Male","2003-08-21 00:00:00","Mr.","RI","Mason Byrd",,,,"003B000000H0W5MIAV","2020-05-21 23:25:37","2020-06-20 00:00:00",17
,"18-25","USA",,,"Male","1999-07-19 00:00:00","Mr.","AR","Mae Black",,,,"003B000000H0W5NIAV","2020-05-21 23:25:37","2020-06-20 00:00:00",21
,"18-25","USA",,,"Male","1999-01-12 00:00:00","Mr.","SC","Vera Townsend",,,,"003B000000H0W5OIAV","2020-05-21 23:25:37","2020-06-20 00:00:00",22
,"18-25","USA",,,"Male","2000-08-12 00:00:00","Mr.","VA","Sam Medina",,,,"003B000000H0W5PIAV","2020-05-21 23:25:37","2020-06-20 00:00:00",20
,"18-25","USA",,,"Male","2000-07-10 00:00:00","Mr.","MD","Nettie Boone",,,,"003B000000H0W5QIAV","2020-05-21 23:25:37","2020-06-20 00:00:00",20
,"18-25","USA",,,"Male","1997-05-30 00:00:00","Mr.","ME","Mable Lopez",,,,"003B000000H0W5RIAV","2020-05-21 23:25:37","2020-06-20 00:00:00",23
,"<18","USA",,,"Male","2003-10-20 00:00:00","Mr.","TX","Glen Goodman",,,,"003B000000H0W5SIAV","2020-05-21 23:25:37","2020-06-20 00:00:00",17
,"18-25","USA",,,"Male","1997-10-07 00:00:00","Mr.","MA","Leila Moore",,,,"003B000000H0W5TIAV","2020-05-21 23:25:37","2020-06-20 00:00:00",23
,"18-25","USA",,,"Male","2002-08-30 00:00:00","Mr.","HI","Sue Griffin",,,,"003B000000H0W5UIAV","2020-05-21 23:25:37","2020-06-20 00:00:00",18
,"18-25","USA",,,"Male","2001-10-01 00:00:00","Mr.","MO","Josephine Rowe",,,,"003B000000H0W5VIAV","2020-05-21 23:25:37","2020-06-20 00:00:00",19
,"18-25","USA",,,"Male","2000-09-27 00:00:00","Mr.","IA","Delia Gardner",,,,"003B000000H0W5WIAV","2020-05-21 23:25:37","2020-06-20 00:00:00",20
,"<18","USA",,,"Male","2003-05-24 00:00:00","Mr.","DC","Elizabeth Cox",,,,"003B000000H0W5XIAV","2020-05-21 23:25:37","2020-06-20 00:00:00",17
,"18-25","USA",,,"Male","2001-09-05 00:00:00","Mr.","SC","Todd Little",,,,"003B000000H0W5YIAV","2020-05-21 23:25:37","2020-06-20 00:00:00",19
,"18-25","USA",,,"Male","1997-09-24 00:00:00","Mr.","NE","Roy Garcia",,,,"003B000000H0W5ZIAV","2020-05-21 23:25:37","2020-06-20 00:00:00",23
,"18-25","USA",,,"Male","2002-08-15 00:00:00","Mr.","IL","Mattie Fletcher",,,,"003B000000H0W5aIAF","2020-05-21 23:25:37","2020-06-20 00:00:00",18
,"18-25","USA",,,"Male","2001-05-20 00:00:00","Mr.","TN","Francisco Arnold",,,,"003B000000H0W5bIAF","2020-05-21 23:25:37","2020-06-20 00:00:00",19
,"18-25","USA",,,"Male","1999-07-07 00:00:00","Mr.","WA","Catherine French",,,,"003B000000H0W5cIAF","2020-05-21 23:25:37","2020-06-20 00:00:00",21
,"18-25","USA",,,"Male","2002-01-03 00:00:00","Mr.","WA","Mildred Wise",,,,"003B000000H0W5dIAF","2020-05-21 23:25:37","2020-06-20 00:00:00",19
,"36-50","USA",,,"Female","1974-06-07 00:00:00","Mrs.","MD","Lucille Olson",,,,"003B000000H0WEHIA3","2020-05-21 23:25:37","2020-06-20 00:00:00",46
,"36-50","USA",,,"Female","1980-02-17 00:00:00","Mrs.","VT","Eugene Young",,,,"003B000000H0WEIIA3","2020-05-21 23:25:37","2020-06-20 00:00:00",41
,"36-50","USA",,,"Female","1978-04-24 00:00:00","Mrs.","VA","Elva Baker",,,,"003B000000H0WEJIA3","2020-05-21 23:25:37","2020-06-20 00:00:00",43
,"36-50","USA",,,"Female","1974-07-19 00:00:00","Mrs.","KY","Maurice Sherman",,,,"003B000000H0WEKIA3","2020-05-21 23:25:37","2020-06-20 00:00:00",46
,"36-50","USA",,,"Female","1972-12-01 00:00:00","Mrs.","MD","Betty McKinney",,,,"003B000000H0WELIA3","2020-05-21 23:25:37","2020-06-20 00:00:00",48
,"36-50","USA",,,"Female","1978-02-17 00:00:00","Mrs.","RI","Ricardo Pearson",,,,"003B000000H0WEMIA3","2020-05-21 23:25:37","2020-06-20 00:00:00",43
,"36-50","USA",,,"Female","1980-08-17 00:00:00","Mrs.","SD","Lucy Barber",,,,"003B000000H0WENIA3","2020-05-21 23:25:37","2020-06-20 00:00:00",40
,"36-50","USA",,,"Female","1980-01-05 00:00:00","Mrs.","NC","Wayne Gross",,,,"003B000000H0WEOIA3","2020-05-21 23:25:37","2020-06-20 00:00:00",41
,"36-50","USA",,,"Female","1980-12-29 00:00:00","Mrs.","MO","Francis Turner",,,,"003B000000H0WEPIA3","2020-05-21 23:25:37","2020-06-20 00:00:00",40
,"36-50","USA",,,"Female","1971-02-05 00:00:00","Mrs.","ID","Pauline Powell",,,,"003B000000H0WEQIA3","2020-05-21 23:25:37","2020-06-20 00:00:00",50
,"36-50","USA",,,"Female","1974-09-18 00:00:00","Mrs.","TN","Willie Sparks",,,,"003B000000H0WERIA3","2020-05-21 23:25:37","2020-06-20 00:00:00",46
,"36-50","USA",,,"Female","1973-06-19 00:00:00","Ms.","UT","Bruce Osborne",,,,"003B000000H0WESIA3","2020-05-21 23:25:37","2020-06-20 00:00:00",47
,"36-50","USA",,,"Female","1971-11-06 00:00:00","Ms.","DC","Jonathan Pearson",,,,"003B000000H0WI7IAN","2020-05-21 23:25:37","2020-06-20 00:00:00",49
,"36-50","USA",,,"Female","1978-04-02 00:00:00","Ms.","NC","Alvin Montgomery",,,,"003B000000H0WI8IAN","2020-05-21 23:25:37","2020-06-20 00:00:00",43
,"36-50","USA",,,"Female","1979-02-15 00:00:00","Ms.","UT","Lucas Frazier",,,,"003B000000H0WI9IAN","2020-05-21 23:25:37","2020-06-20 00:00:00",42
,"36-50","USA",,,"Female","1983-01-12 00:00:00","Ms.","SD","Edith Ortiz",,,,"003B000000H0WIAIA3","2020-05-21 23:25:37","2020-06-20 00:00:00",38
,"36-50","USA",,,"Female","1972-05-04 00:00:00","Ms.","MS","James Ingram",,,,"003B000000H0WIBIA3","2020-05-21 23:25:37","2020-06-20 00:00:00",48
,"36-50","USA",,,"Female","1972-02-03 00:00:00","Ms.","GA","Lillian Byrd",,,,"003B000000H0WICIA3","2020-05-21 23:25:37","2020-06-20 00:00:00",49
,"36-50","USA",,,"Female","1978-05-19 00:00:00","Ms.","VA","Carlos Lynch",,,,"003B000000H0WIDIA3","2020-05-21 23:25:37","2020-06-20 00:00:00",42
,"36-50","USA",,,"Female","1976-01-11 00:00:00","Ms.","HI","Clara Bridges",,,,"003B000000H0WIEIA3","2020-05-21 23:25:37","2020-06-20 00:00:00",45
,"36-50","USA",,,"Female","1983-02-24 00:00:00","Ms.","TX","Rosie Becker",,,,"003B000000H0WIFIA3","2020-05-21 23:25:37","2020-06-20 00:00:00",38
,"36-50","USA",,,"Female","1984-01-30 00:00:00","Ms.","FL","Stella Barton",,,,"003B000000H0WIGIA3","2020-05-21 23:25:37","2020-06-20 00:00:00",37
,"36-50","USA",,,"Female","1979-06-26 00:00:00","Ms.","TX","Antonio Maldonado",,,,"003B000000H0WIHIA3","2020-05-21 23:25:37","2020-06-20 00:00:00",41
,"36-50","USA",,,"Female","1983-12-30 00:00:00","Ms.","NH","Alejandro Hunter",,,,"003B000000H0WIIIA3","2020-05-21 23:25:37","2020-06-20 00:00:00",37
,"36-50","USA",,,"NA","1971-07-29 00:00:00","Dr.","SC","Cora Carlson",,,,"003B000000H0WIJIA3","2020-05-21 23:25:37","2020-06-20 00:00:00",49
,"36-50","USA",,,"NA","1973-07-29 00:00:00","Dr.","CO","Angel Reeves",,,,"003B000000H0WIKIA3","2020-05-21 23:25:37","2020-06-20 00:00:00",47
,"18-25","USA",,,"Male","1998-10-10 00:00:00","Mr.","NH","Isabella Norman",,,,"003B000000H0W5eIAF","2020-05-21 23:25:37","2020-06-20 00:00:00",22
,"18-25","USA",,,"Male","2002-01-26 00:00:00","Mr.","AZ","Gene Greene",,,,"003B000000H0W5fIAF","2020-05-21 23:25:37","2020-06-20 00:00:00",19
,"18-25","USA",,,"Male","1999-07-28 00:00:00","Mr.","ID","Ralph Singleton",,,,"003B000000H0W5gIAF","2020-05-21 23:25:37","2020-06-20 00:00:00",21
,"18-25","USA",,,"Male","2000-07-20 00:00:00","Mr.","VT","Darrell Crawford",,,,"003B000000H0W5hIAF","2020-05-21 23:25:37","2020-06-20 00:00:00",20
,"18-25","USA",,,"Male","1997-07-16 00:00:00","Mr.","OK","Daisy Powell",,,,"003B000000H0W5iIAF","2020-05-21 23:25:37","2020-06-20 00:00:00",23
,"<18","USA",,,"Male","2003-06-06 00:00:00","Mr.","ND","Howard Miles",,,,"003B000000H0W5jIAF","2020-05-21 23:25:37","2020-06-20 00:00:00",17
,"18-25","USA",,,"Male","1998-12-21 00:00:00","Mr.","CT","Cory Lopez",,,,"003B000000H0W5kIAF","2020-05-21 23:25:37","2020-06-20 00:00:00",22
,"18-25","USA",,,"Male","2001-08-13 00:00:00","Mr.","AZ","Ophelia Kim",,,,"003B000000H0W5lIAF","2020-05-21 23:25:37","2020-06-20 00:00:00",19
,"18-25","USA",,,"Male","1999-01-28 00:00:00","Mr.","NC","Lucy Adams",,,,"003B000000H0W5mIAF","2020-05-21 23:25:37","2020-06-20 00:00:00",22
,"<18","USA",,,"Male","2004-03-25 00:00:00","Mr.","OH","Rhoda Gonzalez",,,,"003B000000H0W5nIAF","2020-05-21 23:25:37","2020-06-20 00:00:00",17
,"18-25","USA",,,"Male","2003-03-21 00:00:00","Mr.","DC","Darrell Gibbs",,,,"003B000000H0W5oIAF","2020-05-21 23:25:37","2020-06-20 00:00:00",18
,"18-25","USA",,,"Male","1997-11-08 00:00:00","Mr.","IA","Bradley Reyes",,,,"003B000000H0W5pIAF","2020-05-21 23:25:37","2020-06-20 00:00:00",23
,"18-25","USA",,,"Male","1998-06-18 00:00:00","Mr.","AR","Ronald Newman",,,,"003B000000H0W5qIAF","2020-05-21 23:25:37","2020-06-20 00:00:00",22
,"18-25","USA",,,"Male","2001-05-24 00:00:00","Mr.","OH","Ian Gardner",,,,"003B000000H0W5rIAF","2020-05-21 23:25:37","2020-06-20 00:00:00",19
,"18-25","USA",,,"Male","1999-03-11 00:00:00","Mr.","TN","Caleb Nunez",,,,"003B000000H0W5sIAF","2020-05-21 23:25:37","2020-06-20 00:00:00",22
,"18-25","USA",,,"Male","1999-04-19 00:00:00","Mr.","WV","Eunice Hanson",,,,"003B000000H0W5tIAF","2020-05-21 23:25:37","2020-06-20 00:00:00",22
,"18-25","USA",,,"Male","2001-12-31 00:00:00","Mr.","GA","Sue Webb",,,,"003B000000H0W5uIAF","2020-05-21 23:25:37","2020-06-20 00:00:00",19
,"18-25","USA",,,"Male","2002-04-15 00:00:00","Mr.","NE","Janie Harper",,,,"003B000000H0W5vIAF","2020-05-21 23:25:37","2020-06-20 00:00:00",19
,"18-25","USA",,,"Male","2002-12-05 00:00:00","Mr.","WV","Bernice Owen",,,,"003B000000H0W5wIAF","2020-05-21 23:25:37","2020-06-20 00:00:00",18
,"18-25","USA",,,"Male","2002-03-17 00:00:00","Mr.","SD","Rosetta Byrd",,,,"003B000000H0W5xIAF","2020-05-21 23:25:37","2020-06-20 00:00:00",19
,"18-25","USA",,,"Male","2001-04-23 00:00:00","Mr.","WY","Gavin Richards",,,,"003B000000H0W5yIAF","2020-05-21 23:25:37","2020-06-20 00:00:00",20
,"18-25","USA",,,"Male","1997-12-23 00:00:00","Mr.","NV","Brian McCoy",,,,"003B000000H0W5zIAF","2020-05-21 23:25:37","2020-06-20 00:00:00",23
,"18-25","USA",,,"Male","2002-12-24 00:00:00","Mr.","MA","Fred Arnold",,,,"003B000000H0W60IAF","2020-05-21 23:25:37","2020-06-20 00:00:00",18
,"18-25","USA",,,"Male","2001-08-02 00:00:00","Mr.","VA","Gertrude Berry",,,,"003B000000H0W61IAF","2020-05-21 23:25:37","2020-06-20 00:00:00",19
,"18-25","USA",,,"Male","1998-09-17 00:00:00","Mr.","MI","Luella West",,,,"003B000000H0W62IAF","2020-05-21 23:25:37","2020-06-20 00:00:00",22
,"18-25","USA",,,"Male","2002-02-26 00:00:00","Mr.","SC","Alberta Banks",,,,"003B000000H0W63IAF","2020-05-21 23:25:37","2020-06-20 00:00:00",19
,"18-25","USA",,,"Male","2001-08-09 00:00:00","Mr.","LA","Dylan Frazier",,,,"003B000000H0W64IAF","2020-05-21 23:25:37","2020-06-20 00:00:00",19
,"18-25","USA",,,"Male","2002-10-13 00:00:00","Mr.","AL","Stanley Figueroa",,,,"003B000000H0W8GIAV","2020-05-21 23:25:37","2020-06-20 00:00:00",18
,"18-25","USA",,,"Male","1997-10-07 00:00:00","Mr.","ID","Violet Wade",,,,"003B000000H0W8HIAV","2020-05-21 23:25:37","2020-06-20 00:00:00",23
,"18-25","USA",,,"Male","1997-11-16 00:00:00","Mr.","ID","Christina Arnold",,,,"003B000000H0W8IIAV","2020-05-21 23:25:37","2020-06-20 00:00:00",23
,"18-25","USA",,,"Male","1998-05-22 00:00:00","Mr.","CT","Kenneth McCormick",,,,"003B000000H0W8JIAV","2020-05-21 23:25:37","2020-06-20 00:00:00",22
,"18-25","USA",,,"Male","1999-07-28 00:00:00","Mr.","WI","Nicholas Ross",,,,"003B000000H0W8KIAV","2020-05-21 23:25:37","2020-06-20 00:00:00",21
,"18-25","USA",,,"Male","2001-12-09 00:00:00","Mr.","OR","Jorge Todd",,,,"003B000000H0W8LIAV","2020-05-21 23:25:37","2020-06-20 00:00:00",19
,"18-25","USA",,,"Male","1999-11-17 00:00:00","Mr.","MS","Eric Adkins",,,,"003B000000H0W8MIAV","2020-05-21 23:25:37","2020-06-20 00:00:00",21
,"18-25","USA",,,"Male","2002-11-02 00:00:00","Mr.","PA","Lida Lawson",,,,"003B000000H0W8NIAV","2020-05-21 23:25:37","2020-06-20 00:00:00",18
,"18-25","USA",,,"Male","1998-01-26 00:00:00","Mr.","VT","Cory Carlson",,,,"003B000000H0W8OIAV","2020-05-21 23:25:37","2020-06-20 00:00:00",23
,"<18","USA",,,"Male","2003-08-06 00:00:00","Mr.","TN","Winnie Franklin",,,,"003B000000H0W8PIAV","2020-05-21 23:25:37","2020-06-20 00:00:00",17
,"18-25","USA",,,"Male","2002-06-14 00:00:00","Mr.","SC","Gertrude Moore",,,,"003B000000H0W8QIAV","2020-05-21 23:25:37","2020-06-20 00:00:00",18
,"18-25","USA",,,"Male","2000-12-28 00:00:00","Mr.","CO","Anne Hart",,,,"003B000000H0W8RIAV","2020-05-21 23:25:37","2020-06-20 00:00:00",20
,"18-25","USA",,,"Male","2000-07-09 00:00:00","Mr.","WI","Ralph Kim",,,,"003B000000H0W8SIAV","2020-05-21 23:25:37","2020-06-20 00:00:00",20
,"18-25","USA",,,"Male","2001-01-22 00:00:00","Mr.","WY","William Shelton",,,,"003B000000H0W8TIAV","2020-05-21 23:25:37","2020-06-20 00:00:00",20
,"18-25","USA",,,"Male","2001-07-06 00:00:00","Mr.","MT","Marian Nash",,,,"003B000000H0W8UIAV","2020-05-21 23:25:37","2020-06-20 00:00:00",19
,"18-25","USA",,,"Male","1999-11-12 00:00:00","Mr.","AL","Lloyd Gibson",,,,"003B000000H0W8VIAV","2020-05-21 23:25:37","2020-06-20 00:00:00",21
,"18-25","USA",,,"Male","2002-09-28 00:00:00","Mr.","VA","Claudia Bradley",,,,"003B000000H0W8WIAV","2020-05-21 23:25:37","2020-06-20 00:00:00",18
,"18-25","USA",,,"Male","2002-12-28 00:00:00","Mr.","GA","Marie Sparks",,,,"003B000000H0W8XIAV","2020-05-21 23:25:37","2020-06-20 00:00:00",18
,"18-25","USA",,,"Male","1997-09-22 00:00:00","Mr.","MN","Derek Anderson",,,,"003B000000H0W8YIAV","2020-05-21 23:25:37","2020-06-20 00:00:00",23
,"18-25","USA",,,"Male","2003-03-14 00:00:00","Mr.","IN","Ophelia Reese",,,,"003B000000H0W8ZIAV","2020-05-21 23:25:37","2020-06-20 00:00:00",18
,"18-25","USA",,,"Male","1997-09-16 00:00:00","Mr.","LA","Elijah Harper",,,,"003B000000H0W8aIAF","2020-05-21 23:25:37","2020-06-20 00:00:00",23
,"18-25","USA",,,"Male","1998-07-25 00:00:00","Mr.","VT","Florence Collier",,,,"003B000000H0W8bIAF","2020-05-21 23:25:37","2020-06-20 00:00:00",22
,"18-25","USA",,,"Male","2002-09-10 00:00:00","Mr.","MO","Hallie Gill",,,,"003B000000H0W8cIAF","2020-05-21 23:25:37","2020-06-20 00:00:00",18
,"36-50","USA",,,"NA","1973-12-16 00:00:00","Dr.","MS","Vera Steele",,,,"003B000000H0WILIA3","2020-05-21 23:25:37","2020-06-20 00:00:00",47
,"36-50","USA",,,"NA","1983-01-24 00:00:00","Dr.","TX","Jean Richardson",,,,"003B000000H0WIMIA3","2020-05-21 23:25:37","2020-06-20 00:00:00",38
,"36-50","USA",,,"NA","1973-07-04 00:00:00","Dr.","HI","John Parsons",,,,"003B000000H0WINIA3","2020-05-21 23:25:37","2020-06-20 00:00:00",47
,"36-50","USA",,,"NA","1970-05-24 00:00:00","Dr.","DE","Fannie Price",,,,"003B000000H0WIOIA3","2020-05-21 23:25:37","2020-06-20 00:00:00",50
,"36-50","USA",,,"NA","1974-04-30 00:00:00","Dr.","HI","Marguerite Strickland",,,,"003B000000H0WIPIA3","2020-05-21 23:25:37","2020-06-20 00:00:00",46
,"36-50","USA",,,"NA","1974-05-30 00:00:00","Dr.","TN","Maggie Gray",,,,"003B000000H0WIQIA3","2020-05-21 23:25:37","2020-06-20 00:00:00",46
,"36-50","USA",,,"NA","1971-06-17 00:00:00","Dr.","ID","Leah Glover",,,,"003B000000H0WIRIA3","2020-05-21 23:25:37","2020-06-20 00:00:00",49
,"36-50","USA",,,"NA","1978-05-31 00:00:00","Dr.","FL","Cecilia Patton",,,,"003B000000H0WISIA3","2020-05-21 23:25:37","2020-06-20 00:00:00",42
,"36-50","USA",,,"NA","1978-01-17 00:00:00","Dr.","OH","Lloyd Tran",,,,"003B000000H0WITIA3","2020-05-21 23:25:37","2020-06-20 00:00:00",43
,"36-50","USA",,,"NA","1975-08-05 00:00:00","Dr.","WI","Jose Singleton",,,,"003B000000H0WIUIA3","2020-05-21 23:25:37","2020-06-20 00:00:00",45
,"36-50","USA",,,"NA","1978-01-10 00:00:00","Dr.","PA","Polly Frank",,,,"003B000000H0WIVIA3","2020-05-21 23:25:37","2020-06-20 00:00:00",43
,"36-50","USA",,,"NA","1982-08-26 00:00:00","Dr.","ME","Joseph Graham",,,,"003B000000H0WIWIA3","2020-05-21 23:25:37","2020-06-20 00:00:00",38
,"36-50","USA",,,"NA","1982-02-01 00:00:00","Dr.","MO","Agnes Shaw",,,,"003B000000H0WIXIA3","2020-05-21 23:25:37","2020-06-20 00:00:00",39
,"36-50","USA",,,"NA","1973-06-01 00:00:00","Dr.","NM","Louis Ingram",,,,"003B000000H0WIYIA3","2020-05-21 23:25:37","2020-06-20 00:00:00",47
,"36-50","USA",,,"NA","1976-10-22 00:00:00","Dr.","LA","Isaiah Ball",,,,"003B000000H0WIZIA3","2020-05-21 23:25:37","2020-06-20 00:00:00",44
,"36-50","USA",,,"NA","1974-10-10 00:00:00","Dr.","AZ","Benjamin Sparks",,,,"003B000000H0WIaIAN","2020-05-21 23:25:37","2020-06-20 00:00:00",46
,"36-50","USA",,,"NA","1979-07-18 00:00:00","Dr.","HI","Raymond Harmon",,,,"003B000000H0WIbIAN","2020-05-21 23:25:37","2020-06-20 00:00:00",41
,"36-50","USA",,,"NA","1977-08-08 00:00:00","Dr.","CO","Chad Lindsey",,,,"003B000000H0WIcIAN","2020-05-21 23:25:37","2020-06-20 00:00:00",43
,"36-50","USA",,,"NA","1976-10-12 00:00:00","Dr.","NH","Charles Fernandez",,,,"003B000000H0WIdIAN","2020-05-21 23:25:37","2020-06-20 00:00:00",44
,"36-50","USA",,,"NA","1975-08-05 00:00:00","Dr.","OR","Amanda Lawson",,,,"003B000000H0WIeIAN","2020-05-21 23:25:37","2020-06-20 00:00:00",45
,"36-50","USA",,,"NA","1982-01-06 00:00:00","Dr.","HI","Lillian Burke",,,,"003B000000H0WIfIAN","2020-05-21 23:25:37","2020-06-20 00:00:00",39
,"36-50","USA",,,"NA","1973-09-12 00:00:00","Dr.","IN","Amy Henry",,,,"003B000000H0WIgIAN","2020-05-21 23:25:37","2020-06-20 00:00:00",47
,"36-50","USA",,,"NA","1977-07-14 00:00:00","Dr.","SD","Ada Barber",,,,"003B000000H0WIhIAN","2020-05-21 23:25:37","2020-06-20 00:00:00",43
,"36-50","USA",,,"NA","1971-02-10 00:00:00","Dr.","CA","Wesley Smith",,,,"003B000000H0WIiIAN","2020-05-21 23:25:37","2020-06-20 00:00:00",50
,"36-50","USA",,,"NA","1971-06-01 00:00:00","Dr.","OR","Christine Ortiz",,,,"003B000000H0WIjIAN","2020-05-21 23:25:37","2020-06-20 00:00:00",49
,"36-50","USA",,,"NA","1979-01-18 00:00:00","Dr.","AK","Stella McKinney",,,,"003B000000H0WIkIAN","2020-05-21 23:25:37","2020-06-20 00:00:00",42
,"18-25","USA",,,"Male","2000-05-22 00:00:00","Mr.","NE","Catherine Wade",,,,"003B000000H0W65IAF","2020-05-21 23:25:37","2020-06-20 00:00:00",20
,"18-25","USA",,,"Male","1997-06-30 00:00:00","Mr.","MI","Justin Potter",,,,"003B000000H0W66IAF","2020-05-21 23:25:37","2020-06-20 00:00:00",23
,"<18","USA",,,"Male","2003-11-25 00:00:00","Mr.","IA","Nancy Curry",,,,"003B000000H0W67IAF","2020-05-21 23:25:37","2020-06-20 00:00:00",17
,"18-25","USA",,,"Male","1997-08-11 00:00:00","Mr.","KS","Micheal Christensen",,,,"003B000000H0W68IAF","2020-05-21 23:25:37","2020-06-20 00:00:00",23
,"18-25","USA",,,"Male","2000-06-22 00:00:00","Mr.","RI","Justin Harris",,,,"003B000000H0W69IAF","2020-05-21 23:25:37","2020-06-20 00:00:00",20
,"18-25","USA",,,"Male","1999-12-28 00:00:00","Mr.","ME","Alejandro Carroll",,,,"003B000000H0W6AIAV","2020-05-21 23:25:37","2020-06-20 00:00:00",21
,"18-25","USA",,,"Male","1998-12-12 00:00:00","Mr.","MT","Alma Black",,,,"003B000000H0W6BIAV","2020-05-21 23:25:37","2020-06-20 00:00:00",22
,"<18","USA",,,"Male","2003-11-16 00:00:00","Mr.","IL","Clifford Jordan",,,,"003B000000H0W6CIAV","2020-05-21 23:25:37","2020-06-20 00:00:00",17
,"18-25","USA",,,"Male","2002-08-24 00:00:00","Mr.","MD","Verna Howard",,,,"003B000000H0W6DIAV","2020-05-21 23:25:37","2020-06-20 00:00:00",18
,"18-25","USA",,,"Male","1998-07-24 00:00:00","Mr.","VT","Maggie Walton",,,,"003B000000H0W6EIAV","2020-05-21 23:25:37","2020-06-20 00:00:00",22
,"<18","USA",,,"Male","2004-04-04 00:00:00","Mr.","WY","Lucille Willis",,,,"003B000000H0W6FIAV","2020-05-21 23:25:37","2020-06-20 00:00:00",17
,"18-25","USA",,,"Male","2002-09-17 00:00:00","Mr.","IN","Elnora Norton",,,,"003B000000H0W6GIAV","2020-05-21 23:25:37","2020-06-20 00:00:00",18
,"18-25","USA",,,"Male","1997-12-10 00:00:00","Mr.","WA","Roy Reyes",,,,"003B000000H0W6HIAV","2020-05-21 23:25:37","2020-06-20 00:00:00",23
,"18-25","USA",,,"Male","2000-08-06 00:00:00","Mr.","FL","Bradley Moran",,,,"003B000000H0W6IIAV","2020-05-21 23:25:37","2020-06-20 00:00:00",20
,"18-25","USA",,,"Male","2001-11-22 00:00:00","Mr.","DC","Landon Schneider",,,,"003B000000H0W6JIAV","2020-05-21 23:25:37","2020-06-20 00:00:00",19
,"<18","USA",,,"Male","2003-08-08 00:00:00","Mr.","LA","Aaron Alvarez",,,,"003B000000H0W6KIAV","2020-05-21 23:25:37","2020-06-20 00:00:00",17
,"18-25","USA",,,"Male","1999-06-18 00:00:00","Mr.","MI","Matthew Fox",,,,"003B000000H0W6LIAV","2020-05-21 23:25:37","2020-06-20 00:00:00",21
,"18-25","USA",,,"Male","1999-11-20 00:00:00","Mr.","MT","Adam Hernandez",,,,"003B000000H0W6MIAV","2020-05-21 23:25:37","2020-06-20 00:00:00",21
,"18-25","USA",,,"Male","2003-02-06 00:00:00","Mr.","MD","Kevin Blake",,,,"003B000000H0W6NIAV","2020-05-21 23:25:37","2020-06-20 00:00:00",18
,"18-25","USA",,,"Male","1998-11-12 00:00:00","Mr.","GA","Winnie Stewart",,,,"003B000000H0W6OIAV","2020-05-21 23:25:37","2020-06-20 00:00:00",22
,"18-25","USA",,,"Male","2002-11-26 00:00:00","Mr.","RI","Gerald Gomez",,,,"003B000000H0W6PIAV","2020-05-21 23:25:37","2020-06-20 00:00:00",18
,"<18","USA",,,"Male","2004-03-22 00:00:00","Mr.","OH","Lilly Adams",,,,"003B000000H0W6QIAV","2020-05-21 23:25:37","2020-06-20 00:00:00",17
,"18-25","USA",,,"Male","1999-02-01 00:00:00","Mr.","AK","Isaiah Ortega",,,,"003B000000H0W6RIAV","2020-05-21 23:25:37","2020-06-20 00:00:00",22
,"18-25","USA",,,"Male","2000-12-27 00:00:00","Mr.","AZ","Samuel Simpson",,,,"003B000000H0W6SIAV","2020-05-21 23:25:37","2020-06-20 00:00:00",20
,"18-25","USA",,,"Male","2001-09-24 00:00:00","Mr.","SD","Jackson Simon",,,,"003B000000H0W6TIAV","2020-05-21 23:25:37","2020-06-20 00:00:00",19
,"18-25","USA",,,"Male","2002-02-04 00:00:00","Mr.","TN","Dominic Gill",,,,"003B000000H0W6UIAV","2020-05-21 23:25:37","2020-06-20 00:00:00",19
,"18-25","USA",,,"Male","2003-03-21 00:00:00","Mr.","FL","Travis Ryan",,,,"003B000000H0W6VIAV","2020-05-21 23:25:37","2020-06-20 00:00:00",18
,"<18","USA",,,"Male","2004-04-15 00:00:00","Mr.","DE","Kyle Caldwell",,,,"003B000000H0W8dIAF","2020-05-21 23:25:37","2020-06-20 00:00:00",17
,"18-25","USA",,,"Male","1999-04-09 00:00:00","Mr.","LA","Evelyn Ellis",,,,"003B000000H0W8eIAF","2020-05-21 23:25:37","2020-06-20 00:00:00",22
,"18-25","USA",,,"Male","2000-02-17 00:00:00","Mr.","UT","Richard Baldwin",,,,"003B000000H0W8fIAF","2020-05-21 23:25:37","2020-06-20 00:00:00",21
,"18-25","USA",,,"Male","2002-08-16 00:00:00","Mr.","ND","Rosie Norman",,,,"003B000000H0W8gIAF","2020-05-21 23:25:37","2020-06-20 00:00:00",18
,"<18","USA",,,"Male","2003-11-29 00:00:00","Mr.","ND","Jason Hudson",,,,"003B000000H0W8hIAF","2020-05-21 23:25:37","2020-06-20 00:00:00",17
,"18-25","USA",,,"Male","2002-10-19 00:00:00","Mr.","IA","Timothy McDonald",,,,"003B000000H0W8iIAF","2020-05-21 23:25:37","2020-06-20 00:00:00",18
,"18-25","USA",,,"Male","1997-06-22 00:00:00","Mr.","RI","Leona Reese",,,,"003B000000H0W8jIAF","2020-05-21 23:25:37","2020-06-20 00:00:00",23
,"18-25","USA",,,"Male","2001-08-25 00:00:00","Mr.","CA","Charlie Underwood",,,,"003B000000H0W8kIAF","2020-05-21 23:25:37","2020-06-20 00:00:00",19
,"18-25","USA",,,"Male","2001-03-30 00:00:00","Mr.","WI","Clayton Reyes",,,,"003B000000H0W8lIAF","2020-05-21 23:25:37","2020-06-20 00:00:00",20
,"18-25","USA",,,"Male","2001-12-02 00:00:00","Mr.","LA","Henry Hudson",,,,"003B000000H0W8mIAF","2020-05-21 23:25:37","2020-06-20 00:00:00",19
,"18-25","USA",,,"Male","1999-04-13 00:00:00","Mr.","UT","Austin Strickland",,,,"003B000000H0W8nIAF","2020-05-21 23:25:37","2020-06-20 00:00:00",22
,"18-25","USA",,,"Male","2000-07-28 00:00:00","Mr.","MD","Emilie Poole",,,,"003B000000H0W8oIAF","2020-05-21 23:25:37","2020-06-20 00:00:00",20
,"18-25","USA",,,"Male","1997-10-27 00:00:00","Mr.","OR","Nicholas Ingram",,,,"003B000000H0W8pIAF","2020-05-21 23:25:37","2020-06-20 00:00:00",23
,"18-25","USA",,,"Male","2002-06-13 00:00:00","Mr.","OH","Lida Mullins",,,,"003B000000H0W8qIAF","2020-05-21 23:25:37","2020-06-20 00:00:00",18
,"18-25","USA",,,"Male","1997-07-23 00:00:00","Mr.","IA","Stanley Hall",,,,"003B000000H0W8rIAF","2020-05-21 23:25:37","2020-06-20 00:00:00",23
,"18-25","USA",,,"Male","1999-03-19 00:00:00","Mr.","DC","Rebecca Kelly",,,,"003B000000H0W8sIAF","2020-05-21 23:25:37","2020-06-20 00:00:00",22
,"18-25","USA",,,"Male","2001-10-29 00:00:00","Mr.","SC","Alvin Sandoval",,,,"003B000000H0W8tIAF","2020-05-21 23:25:37","2020-06-20 00:00:00",19
,"<18","USA",,,"Male","2003-04-29 00:00:00","Mr.","CT","Harold Sims",,,,"003B000000H0W8uIAF","2020-05-21 23:25:37","2020-06-20 00:00:00",17
,"18-25","USA",,,"Male","2001-10-26 00:00:00","Mr.","ME","Noah Cole",,,,"003B000000H0W8vIAF","2020-05-21 23:25:37","2020-06-20 00:00:00",19
,"18-25","USA",,,"Male","1999-06-03 00:00:00","Mr.","FL","Floyd Powers",,,,"003B000000H0W8wIAF","2020-05-21 23:25:37","2020-06-20 00:00:00",21
,"18-25","USA",,,"Male","2001-09-18 00:00:00","Mr.","SC","Samuel Morales",,,,"003B000000H0W8xIAF","2020-05-21 23:25:37","2020-06-20 00:00:00",19
,"18-25","USA",,,"Male","1999-01-14 00:00:00","Mr.","CA","Ronald Davidson",,,,"003B000000H0W8yIAF","2020-05-21 23:25:37","2020-06-20 00:00:00",22
,"18-25","USA",,,"Male","2000-10-05 00:00:00","Mr.","CO","Joe Gonzalez",,,,"003B000000H0W8zIAF","2020-05-21 23:25:37","2020-06-20 00:00:00",20
,"18-25","USA",,,"Male","2001-01-08 00:00:00","Mr.","PA","Gertrude Todd",,,,"003B000000H0W90IAF","2020-05-21 23:25:37","2020-06-20 00:00:00",20
,"18-25","USA",,,"Male","2001-12-03 00:00:00","Mr.","SC","Della Henderson",,,,"003B000000H0W91IAF","2020-05-21 23:25:37","2020-06-20 00:00:00",19
,"18-25","USA",,,"Male","2000-10-25 00:00:00","Mr.","OR","Nathaniel Pearson",,,,"003B000000H0W92IAF","2020-05-21 23:25:37","2020-06-20 00:00:00",20
,"18-25","USA",,,"Male","2001-08-08 00:00:00","Mr.","WI","Milton Tran",,,,"003B000000H0W93IAF","2020-05-21 23:25:37","2020-06-20 00:00:00",19
,"36-50","USA",,,"NA","1983-02-18 00:00:00","Dr.","ND","Florence Holland",,,,"003B000000H0WIlIAN","2020-05-21 23:25:37","2020-06-20 00:00:00",38
,"36-50","USA",,,"NA","1970-09-29 00:00:00","Dr.","CO","Isaac Dean",,,,"003B000000H0WImIAN","2020-05-21 23:25:37","2020-06-20 00:00:00",50
,"36-50","USA",,,"NA","1974-05-30 00:00:00","Dr.","UT","Jerome Pena",,,,"003B000000H0WInIAN","2020-05-21 23:25:37","2020-06-20 00:00:00",46
,"36-50","USA",,,"NA","1974-04-07 00:00:00","Dr.","NE","Phillip Jones",,,,"003B000000H0WIoIAN","2020-05-21 23:25:37","2020-06-20 00:00:00",47
,"36-50","USA",,,"NA","1984-11-21 00:00:00","Dr.","UT","Gordon Lambert",,,,"003B000000H0WIpIAN","2020-05-21 23:25:37","2020-06-20 00:00:00",36
,"36-50","USA",,,"NA","1973-07-22 00:00:00","Dr.","AL","Genevieve Rhodes",,,,"003B000000H0WIqIAN","2020-05-21 23:25:37","2020-06-20 00:00:00",47
,"36-50","USA",,,"NA","1975-08-30 00:00:00","Dr.","GA","Cody Wolfe",,,,"003B000000H0WIrIAN","2020-05-21 23:25:37","2020-06-20 00:00:00",45
,"36-50","USA",,,"NA","1975-12-29 00:00:00","Dr.","DE","Bessie Barton",,,,"003B000000H0WIsIAN","2020-05-21 23:25:37","2020-06-20 00:00:00",45
,"36-50","USA",,,"NA","1974-04-27 00:00:00","Dr.","ID","Larry Garcia",,,,"003B000000H0WItIAN","2020-05-21 23:25:37","2020-06-20 00:00:00",46
,"36-50","USA",,,"NA","1976-12-27 00:00:00","Dr.","NC","Lily Burton",,,,"003B000000H0WIuIAN","2020-05-21 23:25:37","2020-06-20 00:00:00",44
,"36-50","USA",,,"NA","1978-05-06 00:00:00","Dr.","VA","Edward Benson",,,,"003B000000H0WIvIAN","2020-05-21 23:25:37","2020-06-20 00:00:00",42
,"50+","USA",,,"NA","1942-10-17 00:00:00","Dr.","NH","Edgar Kelley",,,,"003B000000H0WIwIAN","2020-05-21 23:25:37","2020-06-20 00:00:00",78
,"50+","USA",,,"NA","1949-03-25 00:00:00","Dr.","SC","Mildred Watkins",,,,"003B000000H0WIxIAN","2020-05-21 23:25:37","2020-06-20 00:00:00",72
,"50+","USA",,,"NA","1961-04-15 00:00:00","Dr.","OR","Gerald Wong",,,,"003B000000H0WIyIAN","2020-05-21 23:25:37","2020-06-20 00:00:00",60
,"50+","USA",,,"NA","1952-08-08 00:00:00","Dr.","ND","Jean Washington",,,,"003B000000H0WIzIAN","2020-05-21 23:25:37","2020-06-20 00:00:00",68
,"50+","USA",,,"NA","1962-06-10 00:00:00","Dr.","AR","Essie Goodwin",,,,"003B000000H0WJ0IAN","2020-05-21 23:25:37","2020-06-20 00:00:00",58
,"50+","USA",,,"NA","1946-06-11 00:00:00","Dr.","MO","Leona Carroll",,,,"003B000000H0WJ1IAN","2020-05-21 23:25:37","2020-06-20 00:00:00",74
,"50+","USA",,,"NA","1961-05-20 00:00:00","Dr.","OH","Shane Caldwell",,,,"003B000000H0WJ2IAN","2020-05-21 23:25:37","2020-06-20 00:00:00",59
,"50+","USA",,,"NA","1960-12-14 00:00:00","Dr.","WI","Aaron Price",,,,"003B000000H0WJ3IAN","2020-05-21 23:25:37","2020-06-20 00:00:00",60
,"50+","USA",,,"NA","1969-06-29 00:00:00","Dr.","AR","Sean Larson",,,,"003B000000H0WJ4IAN","2020-05-21 23:25:37","2020-06-20 00:00:00",51
,"50+","USA",,,"NA","1966-02-04 00:00:00","Dr.","CO","Helena Wallace",,,,"003B000000H0WJ5IAN","2020-05-21 23:25:37","2020-06-20 00:00:00",55
,"50+","USA",,,"NA","1950-12-02 00:00:00","Dr.","SC","Jayden Johnson",,,,"003B000000H0WJ6IAN","2020-05-21 23:25:37","2020-06-20 00:00:00",70
,"36-50","USA",,,"NA","1971-03-19 00:00:00","Dr.","IN","Bess Figueroa",,,,"003B000000H0WJ7IAN","2020-05-21 23:25:37","2020-06-20 00:00:00",50
,"50+","USA",,,"NA","1961-12-10 00:00:00","Dr.","UT","Jordan Harrison",,,,"003B000000H0WJ8IAN","2020-05-21 23:25:37","2020-06-20 00:00:00",59
,"50+","USA",,,"NA","1946-05-02 00:00:00","Dr.","AL","Christian Becker",,,,"003B000000H0WJ9IAN","2020-05-21 23:25:37","2020-06-20 00:00:00",74
,"50+","USA",,,"NA","1964-03-17 00:00:00","Dr.","MT","Owen Morrison",,,,"003B000000H0WJAIA3","2020-05-21 23:25:37","2020-06-20 00:00:00",57
,"<18","USA",,,"Male","2003-05-06 00:00:00","Mr.","IN","Theresa Thomas",,,,"003B000000H0W6WIAV","2020-05-21 23:25:37","2020-06-20 00:00:00",17
,"18-25","USA",,,"Male","1999-06-23 00:00:00","Mr.","MA","Willie Massey",,,,"003B000000H0W6XIAV","2020-05-21 23:25:37","2020-06-20 00:00:00",21
,"18-25","USA",,,"Male","2003-01-13 00:00:00","Mr.","ME","Dustin Brooks",,,,"003B000000H0W6YIAV","2020-05-21 23:25:37","2020-06-20 00:00:00",18
,"18-25","USA",,,"Male","2002-09-09 00:00:00","Mr.","UT","Alejandro Hunt",,,,"003B000000H0W6ZIAV","2020-05-21 23:25:37","2020-06-20 00:00:00",18
,"<18","USA",,,"Male","2004-02-12 00:00:00","Mr.","AZ","Clara Olson",,,,"003B000000H0W6aIAF","2020-05-21 23:25:37","2020-06-20 00:00:00",17
,"18-25","USA",,,"Male","1999-10-20 00:00:00","Mr.","SC","Steve Davis",,,,"003B000000H0W6bIAF","2020-05-21 23:25:37","2020-06-20 00:00:00",21
,"18-25","USA",,,"Male","2003-03-11 00:00:00","Mr.","MI","Joe Alvarado",,,,"003B000000H0W6cIAF","2020-05-21 23:25:37","2020-06-20 00:00:00",18
,"18-25","USA",,,"Male","1998-07-03 00:00:00","Mr.","NY","Tommy Farmer",,,,"003B000000H0W6dIAF","2020-05-21 23:25:37","2020-06-20 00:00:00",22
,"18-25","USA",,,"Male","2002-04-15 00:00:00","Mr.","CA","Cordelia Collins",,,,"003B000000H0W6eIAF","2020-05-21 23:25:37","2020-06-20 00:00:00",19
,"18-25","USA",,,"Male","1997-11-11 00:00:00","Mr.","IN","Craig Young",,,,"003B000000H0W6fIAF","2020-05-21 23:25:37","2020-06-20 00:00:00",23
,"18-25","USA",,,"Male","2001-12-29 00:00:00","Mr.","VT","Vincent Blake",,,,"003B000000H0W6gIAF","2020-05-21 23:25:37","2020-06-20 00:00:00",19
,"18-25","USA",,,"Male","1998-10-28 00:00:00","Mr.","RI","Ophelia Warner",,,,"003B000000H0W6hIAF","2020-05-21 23:25:37","2020-06-20 00:00:00",22
,"18-25","USA",,,"Male","1999-07-07 00:00:00","Mr.","UT","Josephine Paul",,,,"003B000000H0W6iIAF","2020-05-21 23:25:37","2020-06-20 00:00:00",21
,"18-25","USA",,,"Male","2000-11-15 00:00:00","Mr.","CT","Aaron Daniels",,,,"003B000000H0W6jIAF","2020-05-21 23:25:37","2020-06-20 00:00:00",20
,"18-25","USA",,,"Male","2003-01-08 00:00:00","Mr.","PA","Linnie Fernandez",,,,"003B000000H0W6kIAF","2020-05-21 23:25:37","2020-06-20 00:00:00",18
,"18-25","USA",,,"Male","2000-02-18 00:00:00","Mr.","VA","Joe Montgomery",,,,"003B000000H0W6lIAF","2020-05-21 23:25:37","2020-06-20 00:00:00",21
,"18-25","USA",,,"Male","2000-12-22 00:00:00","Mr.","NH","Roy Russell",,,,"003B000000H0W6mIAF","2020-05-21 23:25:37","2020-06-20 00:00:00",20
,"18-25","USA",,,"Male","1997-10-31 00:00:00","Mr.","KS","Vera Gray",,,,"003B000000H0W6nIAF","2020-05-21 23:25:37","2020-06-20 00:00:00",23
,"18-25","USA",,,"Male","1999-05-07 00:00:00","Mr.","RI","Hannah Padilla",,,,"003B000000H0W6oIAF","2020-05-21 23:25:37","2020-06-20 00:00:00",21
,"18-25","USA",,,"Male","2002-06-01 00:00:00","Mr.","MA","Angel Munoz",,,,"003B000000H0W6pIAF","2020-05-21 23:25:37","2020-06-20 00:00:00",18
,"18-25","USA",,,"Male","2001-04-17 00:00:00","Mr.","HI","Theresa Thomas",,,,"003B000000H0W6qIAF","2020-05-21 23:25:37","2020-06-20 00:00:00",20
,"<18","USA",,,"Male","2003-12-15 00:00:00","Mr.","CT","Maurice Parsons",,,,"003B000000H0W6rIAF","2020-05-21 23:25:37","2020-06-20 00:00:00",17
,"18-25","USA",,,"Male","1997-05-21 00:00:00","Mr.","AZ","Essie Valdez",,,,"003B000000H0W6sIAF","2020-05-21 23:25:37","2020-06-20 00:00:00",23
,"18-25","USA",,,"Male","2002-05-01 00:00:00","Mr.","PA","Harry Watts",,,,"003B000000H0W6tIAF","2020-05-21 23:25:37","2020-06-20 00:00:00",18
,"18-25","USA",,,"Male","1999-07-25 00:00:00","Mr.","NM","Amelia Allen",,,,"003B000000H0W6uIAF","2020-05-21 23:25:37","2020-06-20 00:00:00",21
,"18-25","USA",,,"Male","1997-10-25 00:00:00","Mr.","MD","Dean Dennis",,,,"003B000000H0W6vIAF","2020-05-21 23:25:37","2020-06-20 00:00:00",23
,"18-25","USA",,,"Male","1998-05-20 00:00:00","Mr.","CO","Christian Ray",,,,"003B000000H0W6wIAF","2020-05-21 23:25:37","2020-06-20 00:00:00",22
,"<18","USA",,,"Male","2004-03-04 00:00:00","Mr.","MS","Cory Riley",,,,"003B000000H0W94IAF","2020-05-21 23:25:37","2020-06-20 00:00:00",17
,"18-25","USA",,,"Male","2000-06-26 00:00:00","Mr.","DE","Thomas Singleton",,,,"003B000000H0W95IAF","2020-05-21 23:25:37","2020-06-20 00:00:00",20
,"18-25","USA",,,"Male","2001-01-14 00:00:00","Mr.","AZ","Jean Alexander",,,,"003B000000H0W96IAF","2020-05-21 23:25:37","2020-06-20 00:00:00",20
,"18-25","USA",,,"Male","2001-01-03 00:00:00","Mr.","NH","Rose Mendoza",,,,"003B000000H0W97IAF","2020-05-21 23:25:37","2020-06-20 00:00:00",20
,"18-25","USA",,,"Male","1998-08-24 00:00:00","Mr.","MS","Inez Dean",,,,"003B000000H0W98IAF","2020-05-21 23:25:37","2020-06-20 00:00:00",22
,"18-25","USA",,,"Male","2002-09-27 00:00:00","Mr.","AL","Ora Berry",,,,"003B000000H0W99IAF","2020-05-21 23:25:37","2020-06-20 00:00:00",18
,"18-25","USA",,,"Male","2002-06-18 00:00:00","Mr.","MS","Amelia Love",,,,"003B000000H0W9AIAV","2020-05-21 23:25:37","2020-06-20 00:00:00",18
,"18-25","USA",,,"Male","2001-08-20 00:00:00","Mr.","AL","Flora Pope",,,,"003B000000H0W9BIAV","2020-05-21 23:25:37","2020-06-20 00:00:00",19
,"18-25","USA",,,"Male","1998-06-02 00:00:00","Mr.","HI","Bernice Ingram",,,,"003B000000H0W9CIAV","2020-05-21 23:25:37","2020-06-20 00:00:00",22
,"18-25","USA",,,"Male","2001-09-23 00:00:00","Mr.","MI","Albert Wise",,,,"003B000000H0W9DIAV","2020-05-21 23:25:37","2020-06-20 00:00:00",19
,"18-25","USA",,,"Male","1999-07-15 00:00:00","Mr.","IA","Ida Jimenez",,,,"003B000000H0W9EIAV","2020-05-21 23:25:37","2020-06-20 00:00:00",21
,"18-25","USA",,,"Male","1997-09-06 00:00:00","Mr.","TX","Lou Lyons",,,,"003B000000H0W9FIAV","2020-05-21 23:25:37","2020-06-20 00:00:00",23
,"18-25","USA",,,"Male","1998-10-25 00:00:00","Mr.","LA","Jose Wilson",,,,"003B000000H0W9GIAV","2020-05-21 23:25:37","2020-06-20 00:00:00",22
,"18-25","USA",,,"Male","2002-12-09 00:00:00","Mr.","GA","Alfred Fowler",,,,"003B000000H0W9HIAV","2020-05-21 23:25:37","2020-06-20 00:00:00",18
,"18-25","USA",,,"Male","2002-06-04 00:00:00","Mr.","HI","Phillip Hines",,,,"003B000000H0W9IIAV","2020-05-21 23:25:37","2020-06-20 00:00:00",18
,"18-25","USA",,,"Male","2002-01-20 00:00:00","Mr.","GA","Christina Guerrero",,,,"003B000000H0W9JIAV","2020-05-21 23:25:37","2020-06-20 00:00:00",19
,"18-25","USA",,,"Male","2002-02-26 00:00:00","Mr.","CO","Dorothy Peterson",,,,"003B000000H0W9KIAV","2020-05-21 23:25:37","2020-06-20 00:00:00",19
,"18-25","USA",,,"Male","1998-04-21 00:00:00","Mr.","WA","Austin Morrison",,,,"003B000000H0W9LIAV","2020-05-21 23:25:37","2020-06-20 00:00:00",23
,"18-25","USA",,,"Male","2002-12-17 00:00:00","Mr.","MN","Edwin Wong",,,,"003B000000H0W9MIAV","2020-05-21 23:25:37","2020-06-20 00:00:00",18
,"18-25","USA",,,"Male","2003-02-03 00:00:00","Mr.","IA","Isabel Marsh",,,,"003B000000H0W9NIAV","2020-05-21 23:25:37","2020-06-20 00:00:00",18
,"18-25","USA",,,"Male","1998-11-10 00:00:00","Mr.","VT","Keith Peterson",,,,"003B000000H0W9OIAV","2020-05-21 23:25:37","2020-06-20 00:00:00",22
,"<18","USA",,,"Male","2003-06-04 00:00:00","Mr.","PA","Cordelia Dunn",,,,"003B000000H0W9PIAV","2020-05-21 23:25:37","2020-06-20 00:00:00",17
,"18-25","USA",,,"Male","2003-01-25 00:00:00","Mr.","MO","Olga McBride",,,,"003B000000H0W9QIAV","2020-05-21 23:25:37","2020-06-20 00:00:00",18
,"18-25","USA",,,"Male","2002-04-14 00:00:00","Mr.","ME","Etta Austin",,,,"003B000000H0W9RIAV","2020-05-21 23:25:37","2020-06-20 00:00:00",19
,"18-25","USA",,,"Female","1997-12-25 00:00:00","Mrs.","OK","Beulah Ryan",,,,"003B000000H0WBMIA3","2020-05-21 23:25:37","2020-06-20 00:00:00",23
,"26-35","USA",,,"Female","1986-04-06 00:00:00","Mrs.","IA","Mayme Briggs",,,,"003B000000H0WBNIA3","2020-05-21 23:25:37","2020-06-20 00:00:00",35
,"26-35","USA",,,"Female","1989-05-25 00:00:00","Mrs.","WI","Bryan McDonald",,,,"003B000000H0WBOIA3","2020-05-21 23:25:37","2020-06-20 00:00:00",31
,"26-35","USA",,,"Female","1987-11-03 00:00:00","Mrs.","VT","Billy Hicks",,,,"003B000000H0WBPIA3","2020-05-21 23:25:37","2020-06-20 00:00:00",33
,"26-35","USA",,,"Female","1991-03-15 00:00:00","Mrs.","RI","Leroy Nelson",,,,"003B000000H0WBQIA3","2020-05-21 23:25:37","2020-06-20 00:00:00",30
,"18-25","USA",,,"Female","1998-02-26 00:00:00","Mrs.","AK","Logan Joseph",,,,"003B000000H0WBRIA3","2020-05-21 23:25:37","2020-06-20 00:00:00",23
,"26-35","USA",,,"Female","1991-10-28 00:00:00","Mrs.","VT","Connor Stokes",,,,"003B000000H0WBSIA3","2020-05-21 23:25:37","2020-06-20 00:00:00",29
,"26-35","USA",,,"Female","1988-01-31 00:00:00","Mrs.","SC","Ella Gutierrez",,,,"003B000000H0WBTIA3","2020-05-21 23:25:37","2020-06-20 00:00:00",33
,"18-25","USA",,,"Female","1997-12-15 00:00:00","Mrs.","GA","Willie Jackson",,,,"003B000000H0WBUIA3","2020-05-21 23:25:37","2020-06-20 00:00:00",23
,"26-35","USA",,,"Female","1992-10-07 00:00:00","Mrs.","RI","Beulah Riley",,,,"003B000000H0WBVIA3","2020-05-21 23:25:37","2020-06-20 00:00:00",28
,"18-25","USA",,,"Female","1996-01-14 00:00:00","Mrs.","WV","Jean Jefferson",,,,"003B000000H0WBWIA3","2020-05-21 23:25:37","2020-06-20 00:00:00",25
,"26-35","USA",,,"Female","1990-03-24 00:00:00","Mrs.","IA","Ray Briggs",,,,"003B000000H0WBXIA3","2020-05-21 23:25:37","2020-06-20 00:00:00",31
,"26-35","USA",,,"Female","1986-01-27 00:00:00","Mrs.","MO","Isaac Gregory",,,,"003B000000H0WBYIA3","2020-05-21 23:25:37","2020-06-20 00:00:00",35
,"36-50","USA",,,"Female","1985-01-21 00:00:00","Mrs.","MT","Bradley Howell",,,,"003B000000H0WBZIA3","2020-05-21 23:25:37","2020-06-20 00:00:00",36
,"26-35","USA",,,"Female","1989-05-04 00:00:00","Mrs.","SC","Ada Chandler",,,,"003B000000H0WBaIAN","2020-05-21 23:25:37","2020-06-20 00:00:00",31
,"26-35","USA",,,"Female","1994-12-29 00:00:00","Mrs.","MN","Keith Bass",,,,"003B000000H0WBbIAN","2020-05-21 23:25:37","2020-06-20 00:00:00",26
,"18-25","USA",,,"Female","1996-04-01 00:00:00","Mrs.","AL","Leona Sharp",,,,"003B000000H0WBcIAN","2020-05-21 23:25:37","2020-06-20 00:00:00",25
,"26-35","USA",,,"Female","1994-06-08 00:00:00","Mrs.","MN","Harvey Vega",,,,"003B000000H0WBdIAN","2020-05-21 23:25:37","2020-06-20 00:00:00",26
,"26-35","USA",,,"Female","1994-11-25 00:00:00","Mrs.","NE","Belle Becker",,,,"003B000000H0WBeIAN","2020-05-21 23:25:37","2020-06-20 00:00:00",26
,"26-35","USA",,,"Female","1995-03-27 00:00:00","Mrs.","IA","Lottie Phillips",,,,"003B000000H0WBfIAN","2020-05-21 23:25:37","2020-06-20 00:00:00",26
,"26-35","USA",,,"Female","1994-06-21 00:00:00","Mrs.","MO","Chris Salazar",,,,"003B000000H0WBgIAN","2020-05-21 23:25:37","2020-06-20 00:00:00",26
,"18-25","USA",,,"Female","1998-03-02 00:00:00","Mrs.","ND","Alberta Fuller",,,,"003B000000H0WBhIAN","2020-05-21 23:25:37","2020-06-20 00:00:00",23
,"26-35","USA",,,"Female","1987-03-20 00:00:00","Mrs.","DE","Delia Warner",,,,"003B000000H0WBiIAN","2020-05-21 23:25:37","2020-06-20 00:00:00",34
,"26-35","USA",,,"Female","1988-02-02 00:00:00","Mrs.","AL","Winifred Singleton",,,,"003B000000H0WBjIAN","2020-05-21 23:25:37","2020-06-20 00:00:00",33
,"26-35","USA",,,"Female","1986-09-07 00:00:00","Mrs.","MO","Matilda Osborne",,,,"003B000000H0WBkIAN","2020-05-21 23:25:37","2020-06-20 00:00:00",34
,"26-35","USA",,,"Female","1987-08-25 00:00:00","Mrs.","ND","Allen Bryan",,,,"003B000000H0WBlIAN","2020-05-21 23:25:37","2020-06-20 00:00:00",33
,"26-35","USA",,,"Female","1991-03-24 00:00:00","Mrs.","NE","Lizzie Osborne",,,,"003B000000H0WBmIAN","2020-05-21 23:25:37","2020-06-20 00:00:00",30
,"26-35","USA",,,"Female","1992-12-18 00:00:00","Mrs.","WV","Sarah Howard",,,,"003B000000H0WBnIAN","2020-05-21 23:25:37","2020-06-20 00:00:00",28
,"26-35","USA",,,"Female","1987-12-14 00:00:00","Mrs.","IN","Leona Davis",,,,"003B000000H0WBoIAN","2020-05-21 23:25:37","2020-06-20 00:00:00",33
,"18-25","USA",,,"Female","1997-04-07 00:00:00","Mrs.","NE","Loretta Houston",,,,"003B000000H0WBpIAN","2020-05-21 23:25:37","2020-06-20 00:00:00",24
,"26-35","USA",,,"Female","1986-01-11 00:00:00","Mrs.","DE","Maude Bishop",,,,"003B000000H0WBqIAN","2020-05-21 23:25:37","2020-06-20 00:00:00",35
,"18-25","USA",,,"Female","1997-04-25 00:00:00","Mrs.","NJ","Blanche Harris",,,,"003B000000H0WBrIAN","2020-05-21 23:25:37","2020-06-20 00:00:00",24
,"26-35","USA",,,"Female","1987-07-08 00:00:00","Mrs.","DE","Miguel Coleman",,,,"003B000000H0WBsIAN","2020-05-21 23:25:37","2020-06-20 00:00:00",33
,"18-25","USA",,,"Female","1996-10-10 00:00:00","Mrs.","WV","Addie Haynes",,,,"003B000000H0WBtIAN","2020-05-21 23:25:37","2020-06-20 00:00:00",24
,"26-35","USA",,,"Female","1993-10-17 00:00:00","Mrs.","DE","Derek Martinez",,,,"003B000000H0WBuIAN","2020-05-21 23:25:37","2020-06-20 00:00:00",27
,"26-35","USA",,,"Female","1991-08-20 00:00:00","Mrs.","AL","John Thomas",,,,"003B000000H0WBvIAN","2020-05-21 23:25:37","2020-06-20 00:00:00",29
,"26-35","USA",,,"Female","1989-09-08 00:00:00","Mrs.","AR","Beulah Clarke",,,,"003B000000H0WBwIAN","2020-05-21 23:25:37","2020-06-20 00:00:00",31
,"26-35","USA",,,"Female","1988-01-18 00:00:00","Mrs.","FL","Verna Stevenson",,,,"003B000000H0WBxIAN","2020-05-21 23:25:37","2020-06-20 00:00:00",33
,"36-50","USA",,,"Female","1984-10-28 00:00:00","Mrs.","MI","Fanny Rivera",,,,"003B000000H0WByIAN","2020-05-21 23:25:37","2020-06-20 00:00:00",36
,"26-35","USA",,,"Female","1993-02-04 00:00:00","Mrs.","DC","Emily Ford",,,,"003B000000H0WBzIAN","2020-05-21 23:25:37","2020-06-20 00:00:00",28
,"36-50","USA",,,"Female","1984-11-12 00:00:00","Mrs.","OK","Mark Webster",,,,"003B000000H0WC0IAN","2020-05-21 23:25:37","2020-06-20 00:00:00",36
,"26-35","USA",,,"Female","1987-05-24 00:00:00","Mrs.","PA","Katherine Morrison",,,,"003B000000H0WC1IAN","2020-05-21 23:25:37","2020-06-20 00:00:00",33
,"26-35","USA",,,"Female","1988-03-05 00:00:00","Mrs.","KY","Louisa May",,,,"003B000000H0WC2IAN","2020-05-21 23:25:37","2020-06-20 00:00:00",33
,"18-25","USA",,,"Female","1998-02-17 00:00:00","Mrs.","UT","Lucy Johnson",,,,"003B000000H0WC3IAN","2020-05-21 23:25:37","2020-06-20 00:00:00",23
,"26-35","USA",,,"Female","1995-03-21 00:00:00","Mrs.","DC","Cecelia Hunter",,,,"003B000000H0WC4IAN","2020-05-21 23:25:37","2020-06-20 00:00:00",26
,"26-35","USA",,,"Female","1991-11-26 00:00:00","Mrs.","AZ","Bryan Bell",,,,"003B000000H0WC5IAN","2020-05-21 23:25:37","2020-06-20 00:00:00",29
,"36-50","USA",,,"Female","1984-10-03 00:00:00","Mrs.","AK","Adrian Young",,,,"003B000000H0WC7IAN","2020-05-21 23:25:37","2020-06-20 00:00:00",36
,"18-25","USA",,,"Female","1995-12-05 00:00:00","Mrs.","OR","Lola Rodriquez",,,,"003B000000H0WC8IAN","2020-05-21 23:25:37","2020-06-20 00:00:00",25
,"26-35","USA",,,"Female","1993-07-28 00:00:00","Mrs.","MN","Nellie Holmes",,,,"003B000000H0WC9IAN","2020-05-21 23:25:37","2020-06-20 00:00:00",27
,"26-35","USA",,,"Female","1993-11-13 00:00:00","Mrs.","UT","Louis Scott",,,,"003B000000H0WCAIA3","2020-05-21 23:25:37","2020-06-20 00:00:00",27
,"26-35","USA",,,"Female","1986-10-25 00:00:00","Mrs.","IN","Lilly Henry",,,,"003B000000H0WCBIA3","2020-05-21 23:25:37","2020-06-20 00:00:00",34
,"26-35","USA",,,"Female","1985-04-26 00:00:00","Mrs.","MN","Calvin Hanson",,,,"003B000000H0WCCIA3","2020-05-21 23:25:37","2020-06-20 00:00:00",35
,"26-35","USA",,,"Female","1992-05-04 00:00:00","Mrs.","MO","Jesus Duncan",,,,"003B000000H0WCDIA3","2020-05-21 23:25:37","2020-06-20 00:00:00",28
,"18-25","USA",,,"Female","1997-08-25 00:00:00","Mrs.","OH","Miguel Bass",,,,"003B000000H0WCEIA3","2020-05-21 23:25:37","2020-06-20 00:00:00",23
,"26-35","USA",,,"Female","1988-03-01 00:00:00","Mrs.","AL","Bertha Adams",,,,"003B000000H0WCFIA3","2020-05-21 23:25:37","2020-06-20 00:00:00",33
,"36-50","USA",,,"Female","1984-12-15 00:00:00","Mrs.","PA","Georgia Evans",,,,"003B000000H0WCGIA3","2020-05-21 23:25:37","2020-06-20 00:00:00",36
,"26-35","USA",,,"Female","1985-06-11 00:00:00","Mrs.","VT","Edwin Massey",,,,"003B000000H0WCHIA3","2020-05-21 23:25:37","2020-06-20 00:00:00",35
,"26-35","USA",,,"Female","1986-02-16 00:00:00","Mrs.","CO","Bradley Gomez",,,,"003B000000H0WCIIA3","2020-05-21 23:25:37","2020-06-20 00:00:00",35
,"26-35","USA",,,"Female","1987-11-11 00:00:00","Mrs.","NJ","Rodney Hughes",,,,"003B000000H0WCJIA3","2020-05-21 23:25:37","2020-06-20 00:00:00",33
,"26-35","USA",,,"Female","1988-05-01 00:00:00","Mrs.","KS","Ethan Reid",,,,"003B000000H0WCKIA3","2020-05-21 23:25:37","2020-06-20 00:00:00",32
,"26-35","USA",,,"Female","1993-01-30 00:00:00","Mrs.","MO","Leah Hogan",,,,"003B000000H0WCLIA3","2020-05-21 23:25:37","2020-06-20 00:00:00",28
,"26-35","USA",,,"Female","1987-08-01 00:00:00","Mrs.","NC","Philip Buchanan",,,,"003B000000H0WCMIA3","2020-05-21 23:25:37","2020-06-20 00:00:00",33
,"26-35","USA",,,"Female","1989-07-06 00:00:00","Mrs.","AL","Richard Montgomery",,,,"003B000000H0WCNIA3","2020-05-21 23:25:37","2020-06-20 00:00:00",31
,"26-35","USA",,,"Female","1985-05-18 00:00:00","Mrs.","RI","Ernest Singleton",,,,"003B000000H0WCOIA3","2020-05-21 23:25:37","2020-06-20 00:00:00",35
,"26-35","USA",,,"Female","1994-02-14 00:00:00","Mrs.","VT","Angel Elliott",,,,"003B000000H0WCPIA3","2020-05-21 23:25:37","2020-06-20 00:00:00",27
,"26-35","USA",,,"Female","1987-06-01 00:00:00","Mrs.","NM","Alta Turner",,,,"003B000000H0WCQIA3","2020-05-21 23:25:37","2020-06-20 00:00:00",33
,"26-35","USA",,,"Female","1987-01-28 00:00:00","Mrs.","FL","Chris Norton",,,,"003B000000H0WCRIA3","2020-05-21 23:25:37","2020-06-20 00:00:00",34
,"18-25","USA",,,"Female","1995-12-08 00:00:00","Mrs.","RI","Mae Reeves",,,,"003B000000H0WCSIA3","2020-05-21 23:25:37","2020-06-20 00:00:00",25
,"18-25","USA",,,"Female","1996-09-11 00:00:00","Mrs.","AL","Walter Yates",,,,"003B000000H0WCTIA3","2020-05-21 23:25:37","2020-06-20 00:00:00",24
,"26-35","USA",,,"Female","1990-06-16 00:00:00","Mrs.","MS","Annie Conner",,,,"003B000000H0WCUIA3","2020-05-21 23:25:37","2020-06-20 00:00:00",30
,"18-25","USA",,,"Female","1996-03-24 00:00:00","Mrs.","ME","Verna Lane",,,,"003B000000H0WC6IAN","2020-05-21 23:25:37","2020-06-20 00:00:00",25
,"26-35","USA",,,"Female","1987-11-28 00:00:00","Mrs.","NY","Glenn Sherman",,,,"003B000000H0WCVIA3","2020-05-21 23:25:37","2020-06-20 00:00:00",33
,"36-50","USA",,,"Female","1984-06-23 00:00:00","Mrs.","WI","Emily Swanson",,,,"003B000000H0WCWIA3","2020-05-21 23:25:37","2020-06-20 00:00:00",36